IQ-TREE version 3.0.1 for Linux x86 64-bit built May  5 2025
Developed by Bui Quang Minh, Thomas Wong, Nhan Ly-Trong, Huaiyan Ren
Contributed by Lam-Tung Nguyen, Dominik Schrempf, Chris Bielow,
Olga Chernomor, Michael Woodhams, Diep Thi Hoang, Heiko Schmidt

Host:    helix (AVX2, FMA3, 15 GB RAM)
Command: iqtree -t gl_output_rmq.fasta.raxml.bestTree --tree-fix -s gl_output_rmq.fasta -m 010010 -j 1000 -T AUTO
Seed:    785727 (Using SPRNG - Scalable Parallel Random Number Generator)
Time:    Fri Jun 13 01:00:59 2025
Kernel:  AVX+FMA - auto-detect threads (8 CPU cores detected)

Reading alignment file gl_output_rmq.fasta ... Fasta format detected
Reading fasta file: done in 0.0552012 secs using 97.38% CPU
Alignment most likely contains DNA/RNA sequences
Constructing alignment: done in 0.0678305 secs using 211.8% CPU
Alignment has 73 sequences with 52408 columns, 3749 distinct patterns
577 parsimony-informative, 176 singleton sites, 51655 constant sites
                Gap/Ambiguity  Composition  p-value
Analyzing sequences: done in 0.000387071 secs using 90.16% CPU
   1  4388_nova         5.54%    passed     99.45%
   2  4366_mitc        14.52%    failed      0.77%
   3  4379_nova        29.89%    passed     23.74%
   4  4364_mitc         1.20%    passed     99.70%
   5  4829_nova         0.29%    passed     99.80%
   6  4755_nova         5.12%    passed     99.54%
   7  4853_sp_MtKap    34.38%    failed      1.15%
   8  4868_sp_MtKap    19.64%    passed     26.94%
   9  4373_nova         9.97%    passed     84.30%
  10  4881_sp_Gibr     44.95%    passed     36.33%
  11  4382_nova         4.36%    passed     80.93%
  12  4391_nova         4.63%    passed     93.28%
  13  4381_rich         5.85%    passed     86.23%
  14  4363_mitc         0.67%    passed     99.99%
  15  4392_nova         2.13%    passed     95.50%
  16  4753_nova         5.42%    passed     98.22%
  17  4855_nova         2.64%    passed     93.77%
  18  4385_nova         5.15%    passed     99.34%
  19  4880_sp_Gibr      7.38%    passed     98.05%
  20  4859_nova         6.72%    passed     91.03%
  21  4398_nova         6.47%    passed     77.01%
  22  4360_mitc         1.06%    passed     99.52%
  23  4399_nova         3.82%    passed     89.57%
  24  4390_nova         4.21%    passed     94.17%
  25  4361_mitc         0.66%    passed     99.47%
  26  4857_nova         2.39%    passed     97.54%
  27  4393_nova         5.02%    passed     98.05%
  28  4872_darl         8.30%    passed     94.30%
  29  4389_nova         2.94%    passed     96.76%
  30  4380_sp_MtKap    16.01%    passed     66.93%
  31  4367_mitc         1.06%    passed     98.45%
  32  4401_nova         4.49%    passed     99.95%
  33  4858_nova         4.10%    passed     95.56%
  34  4856_nova         3.31%    passed     92.91%
  35  4750_nova         2.79%    passed     95.54%
  36  4874_darl        45.79%    passed     21.77%
  37  4387_nova         6.08%    passed     85.80%
  38  4862_sp_MtBoss    8.37%    passed     89.93%
  39  4861_sp_MtBoss   18.74%    passed     86.49%
  40  4371_nova         5.52%    passed     96.00%
  41  4370_nova         2.80%    passed     94.29%
  42  4395_nova         2.39%    passed     97.73%
  43  4854_sp_MtKap    16.27%    passed     64.64%
  44  4378_nova        23.11%    passed     10.23%
  45  4749_nova         2.92%    passed     87.91%
  46  4827_nova         5.80%    passed     94.68%
  47  4876_rich        11.59%    passed     98.11%
  48  4400_nova         5.54%    passed     99.18%
  49  4886_rich         8.69%    passed     95.06%
  50  4873_darl         5.94%    passed     98.01%
  51  4374_nova        14.86%    failed      4.96%
  52  4397_nova         5.31%    passed     96.21%
  53  4754_nova         5.67%    passed     98.39%
  54  4376_sp_Coola    31.05%    passed     35.08%
  55  4362_mitc         0.67%    passed     99.53%
  56  4751_nova         1.64%    passed     96.83%
  57  4828_nova         0.48%    passed     99.89%
  58  4884_sp_Gibr     23.20%    passed     84.96%
  59  4384_nova         4.87%    passed     83.86%
  60  4860_nova         7.79%    passed     99.61%
  61  4372_nova         4.35%    passed     92.04%
  62  4863_nova        28.90%    passed     90.99%
  63  4377_sp_MtKap    15.56%    passed     67.95%
  64  4369_mitc         9.99%    failed      1.57%
  65  4368_mitc         1.51%    passed     97.36%
  66  4756_nova         4.37%    passed     95.01%
  67  4375_nova         9.62%    passed     14.25%
  68  4383_nova         3.44%    passed     88.36%
  69  4365_mitc        37.34%    failed      0.00%
  70  4394_nova         4.62%    passed     85.38%
  71  3902_nova        18.93%    failed      4.17%
  72  4752_nova         6.32%    passed     98.19%
  73  4864_nova        46.26%    passed     72.26%
****  TOTAL            10.05%  6 sequences failed composition chi2 test (p-value<5%; df=3)

===> START JACKKNIFE REPLICATE NUMBER 1

Creating jackknife alignment (seed: 785727)...
Reading input tree file gl_output_rmq.fasta.raxml.bestTree ...

NOTE: 7 MB RAM (0 GB) is required!
Measuring multi-threading efficiency up to 8 CPU cores
Increase to 10 rounds for branch lengths
86 trees examined
Threads: 1 / Time: 8.005 sec / Speedup: 1.000 / Efficiency: 100% / LogL: -49173
Threads: 2 / Time: 5.568 sec / Speedup: 1.438 / Efficiency: 72% / LogL: -49173
Threads: 3 / Time: 4.560 sec / Speedup: 1.756 / Efficiency: 59% / LogL: -49173
Threads: 4 / Time: 4.223 sec / Speedup: 1.896 / Efficiency: 47% / LogL: -49173
Determining AUTO threadcount: done in 22.3562 secs using 219.8% CPU
BEST NUMBER OF THREADS: 3

Estimate model parameters (epsilon = 0.010)
1. Initial log-likelihood: -40833.789
2. Current log-likelihood: -40730.198
3. Current log-likelihood: -40729.748
Optimal log-likelihood: -40729.747
Rate parameters:  A-C: 1.00000  A-G: 2.76349  A-T: 1.00000  C-G: 1.00000  C-T: 2.76349  G-T: 1.00000
Base frequencies:  A: 0.284  C: 0.209  G: 0.228  T: 0.279
Parameters optimization took 3 rounds (0.110 sec)
Wrote distance file to... 
BEST SCORE FOUND : -40729.747
Total tree length: 0.020

Total number of iterations: 0
CPU time used for tree search: 0.000 sec (0h:0m:0s)
Wall-clock time used for tree search: 0.000 sec (0h:0m:0s)
Total CPU time used: 49.673 sec (0h:0m:49s)
Total wall-clock time used: 22.523 sec (0h:0m:22s)

===> START JACKKNIFE REPLICATE NUMBER 2

Creating jackknife alignment (seed: 785728)...
Reading input tree file gl_output_rmq.fasta.raxml.bestTree ...

NOTE: 7 MB RAM (0 GB) is required!
Estimate model parameters (epsilon = 0.010)
1. Initial log-likelihood: -40806.625
2. Current log-likelihood: -40712.132
3. Current log-likelihood: -40712.078
Optimal log-likelihood: -40712.067
Rate parameters:  A-C: 1.00000  A-G: 2.67267  A-T: 1.00000  C-G: 1.00000  C-T: 2.67267  G-T: 1.00000
Base frequencies:  A: 0.286  C: 0.207  G: 0.228  T: 0.279
Parameters optimization took 3 rounds (0.092 sec)
Wrote distance file to... 
BEST SCORE FOUND : -40712.067
Total tree length: 0.021

Total number of iterations: 0
CPU time used for tree search: 0.000 sec (0h:0m:0s)
Wall-clock time used for tree search: 0.000 sec (0h:0m:0s)
Total CPU time used: 50.079 sec (0h:0m:50s)
Total wall-clock time used: 22.673 sec (0h:0m:22s)

===> START JACKKNIFE REPLICATE NUMBER 3

Creating jackknife alignment (seed: 785729)...
Reading input tree file gl_output_rmq.fasta.raxml.bestTree ...

NOTE: 8 MB RAM (0 GB) is required!
Estimate model parameters (epsilon = 0.010)
1. Initial log-likelihood: -41255.200
2. Current log-likelihood: -41163.679
3. Current log-likelihood: -41163.568
4. Current log-likelihood: -41163.549
Optimal log-likelihood: -41163.549
Rate parameters:  A-C: 1.00000  A-G: 2.54349  A-T: 1.00000  C-G: 1.00000  C-T: 2.54349  G-T: 1.00000
Base frequencies:  A: 0.282  C: 0.210  G: 0.227  T: 0.282
Parameters optimization took 4 rounds (0.138 sec)
Wrote distance file to... 
BEST SCORE FOUND : -41163.549
Total tree length: 0.022

Total number of iterations: 0
CPU time used for tree search: 0.000 sec (0h:0m:0s)
Wall-clock time used for tree search: 0.000 sec (0h:0m:0s)
Total CPU time used: 50.623 sec (0h:0m:50s)
Total wall-clock time used: 22.868 sec (0h:0m:22s)

===> START JACKKNIFE REPLICATE NUMBER 4

Creating jackknife alignment (seed: 785730)...
Reading input tree file gl_output_rmq.fasta.raxml.bestTree ...

NOTE: 8 MB RAM (0 GB) is required!
Estimate model parameters (epsilon = 0.010)
1. Initial log-likelihood: -41364.021
2. Current log-likelihood: -41267.170
3. Current log-likelihood: -41267.147
Optimal log-likelihood: -41267.147
Rate parameters:  A-C: 1.00000  A-G: 2.51232  A-T: 1.00000  C-G: 1.00000  C-T: 2.51232  G-T: 1.00000
Base frequencies:  A: 0.281  C: 0.208  G: 0.224  T: 0.287
Parameters optimization took 3 rounds (0.101 sec)
Wrote distance file to... 
BEST SCORE FOUND : -41267.147
Total tree length: 0.023

Total number of iterations: 0
CPU time used for tree search: 0.000 sec (0h:0m:0s)
Wall-clock time used for tree search: 0.000 sec (0h:0m:0s)
Total CPU time used: 51.059 sec (0h:0m:51s)
Total wall-clock time used: 23.030 sec (0h:0m:23s)

===> START JACKKNIFE REPLICATE NUMBER 5

Creating jackknife alignment (seed: 785731)...
Reading input tree file gl_output_rmq.fasta.raxml.bestTree ...

NOTE: 7 MB RAM (0 GB) is required!
Estimate model parameters (epsilon = 0.010)
1. Initial log-likelihood: -40889.179
2. Current log-likelihood: -40827.231
3. Current log-likelihood: -40826.985
Optimal log-likelihood: -40826.985
Rate parameters:  A-C: 1.00000  A-G: 1.81849  A-T: 1.00000  C-G: 1.00000  C-T: 1.81849  G-T: 1.00000
Base frequencies:  A: 0.283  C: 0.210  G: 0.228  T: 0.279
Parameters optimization took 3 rounds (0.101 sec)
Wrote distance file to... 
BEST SCORE FOUND : -40826.985
Total tree length: 0.021

Total number of iterations: 0
CPU time used for tree search: 0.000 sec (0h:0m:0s)
Wall-clock time used for tree search: 0.000 sec (0h:0m:0s)
Total CPU time used: 51.489 sec (0h:0m:51s)
Total wall-clock time used: 23.187 sec (0h:0m:23s)

===> START JACKKNIFE REPLICATE NUMBER 6

Creating jackknife alignment (seed: 785732)...
Reading input tree file gl_output_rmq.fasta.raxml.bestTree ...

NOTE: 7 MB RAM (0 GB) is required!
Estimate model parameters (epsilon = 0.010)
1. Initial log-likelihood: -41139.712
2. Current log-likelihood: -41046.717
3. Current log-likelihood: -41046.661
Optimal log-likelihood: -41046.660
Rate parameters:  A-C: 1.00000  A-G: 2.33538  A-T: 1.00000  C-G: 1.00000  C-T: 2.33538  G-T: 1.00000
Base frequencies:  A: 0.281  C: 0.209  G: 0.229  T: 0.281
Parameters optimization took 3 rounds (0.091 sec)
Wrote distance file to... 
BEST SCORE FOUND : -41046.660
Total tree length: 0.022

Total number of iterations: 0
CPU time used for tree search: 0.000 sec (0h:0m:0s)
Wall-clock time used for tree search: 0.000 sec (0h:0m:0s)
Total CPU time used: 51.883 sec (0h:0m:51s)
Total wall-clock time used: 23.333 sec (0h:0m:23s)

===> START JACKKNIFE REPLICATE NUMBER 7

Creating jackknife alignment (seed: 785733)...
Reading input tree file gl_output_rmq.fasta.raxml.bestTree ...

NOTE: 7 MB RAM (0 GB) is required!
Estimate model parameters (epsilon = 0.010)
1. Initial log-likelihood: -40903.766
2. Current log-likelihood: -40799.169
3. Current log-likelihood: -40798.114
Optimal log-likelihood: -40798.111
Rate parameters:  A-C: 1.00000  A-G: 2.68775  A-T: 1.00000  C-G: 1.00000  C-T: 2.68775  G-T: 1.00000
Base frequencies:  A: 0.284  C: 0.211  G: 0.227  T: 0.278
Parameters optimization took 3 rounds (0.101 sec)
Wrote distance file to... 
BEST SCORE FOUND : -40798.111
Total tree length: 0.021

Total number of iterations: 0
CPU time used for tree search: 0.000 sec (0h:0m:0s)
Wall-clock time used for tree search: 0.000 sec (0h:0m:0s)
Total CPU time used: 52.313 sec (0h:0m:52s)
Total wall-clock time used: 23.489 sec (0h:0m:23s)

===> START JACKKNIFE REPLICATE NUMBER 8

Creating jackknife alignment (seed: 785734)...
Reading input tree file gl_output_rmq.fasta.raxml.bestTree ...

NOTE: 7 MB RAM (0 GB) is required!
Estimate model parameters (epsilon = 0.010)
1. Initial log-likelihood: -41189.226
2. Current log-likelihood: -41109.256
3. Current log-likelihood: -41109.241
Optimal log-likelihood: -41109.241
Rate parameters:  A-C: 1.00000  A-G: 2.26915  A-T: 1.00000  C-G: 1.00000  C-T: 2.26915  G-T: 1.00000
Base frequencies:  A: 0.283  C: 0.209  G: 0.229  T: 0.278
Parameters optimization took 3 rounds (0.098 sec)
Wrote distance file to... 
BEST SCORE FOUND : -41109.241
Total tree length: 0.022

Total number of iterations: 0
CPU time used for tree search: 0.000 sec (0h:0m:0s)
Wall-clock time used for tree search: 0.000 sec (0h:0m:0s)
Total CPU time used: 52.736 sec (0h:0m:52s)
Total wall-clock time used: 23.641 sec (0h:0m:23s)

===> START JACKKNIFE REPLICATE NUMBER 9

Creating jackknife alignment (seed: 785735)...
Reading input tree file gl_output_rmq.fasta.raxml.bestTree ...

NOTE: 7 MB RAM (0 GB) is required!
Estimate model parameters (epsilon = 0.010)
1. Initial log-likelihood: -41165.308
2. Current log-likelihood: -41072.769
3. Current log-likelihood: -41072.509
Optimal log-likelihood: -41072.509
Rate parameters:  A-C: 1.00000  A-G: 2.45157  A-T: 1.00000  C-G: 1.00000  C-T: 2.45157  G-T: 1.00000
Base frequencies:  A: 0.281  C: 0.210  G: 0.228  T: 0.281
Parameters optimization took 3 rounds (0.106 sec)
Wrote distance file to... 
BEST SCORE FOUND : -41072.509
Total tree length: 0.022

Total number of iterations: 0
CPU time used for tree search: 0.000 sec (0h:0m:0s)
Wall-clock time used for tree search: 0.000 sec (0h:0m:0s)
Total CPU time used: 53.177 sec (0h:0m:53s)
Total wall-clock time used: 23.801 sec (0h:0m:23s)

===> START JACKKNIFE REPLICATE NUMBER 10

Creating jackknife alignment (seed: 785736)...
Reading input tree file gl_output_rmq.fasta.raxml.bestTree ...

NOTE: 7 MB RAM (0 GB) is required!
Estimate model parameters (epsilon = 0.010)
1. Initial log-likelihood: -41020.810
2. Current log-likelihood: -40974.113
3. Current log-likelihood: -40957.730
4. Current log-likelihood: -40913.966
Optimal log-likelihood: -40913.960
Rate parameters:  A-C: 1.00000  A-G: 2.96366  A-T: 1.00000  C-G: 1.00000  C-T: 2.96366  G-T: 1.00000
Base frequencies:  A: 0.284  C: 0.214  G: 0.223  T: 0.280
Parameters optimization took 4 rounds (0.139 sec)
Wrote distance file to... 
BEST SCORE FOUND : -40913.960
Total tree length: 0.021

Total number of iterations: 0
CPU time used for tree search: 0.000 sec (0h:0m:0s)
Wall-clock time used for tree search: 0.000 sec (0h:0m:0s)
Total CPU time used: 53.717 sec (0h:0m:53s)
Total wall-clock time used: 23.994 sec (0h:0m:23s)

===> START JACKKNIFE REPLICATE NUMBER 11

Creating jackknife alignment (seed: 785737)...
Reading input tree file gl_output_rmq.fasta.raxml.bestTree ...

NOTE: 7 MB RAM (0 GB) is required!
Estimate model parameters (epsilon = 0.010)
1. Initial log-likelihood: -40991.422
2. Current log-likelihood: -40891.396
Optimal log-likelihood: -40891.389
Rate parameters:  A-C: 1.00000  A-G: 2.50943  A-T: 1.00000  C-G: 1.00000  C-T: 2.50943  G-T: 1.00000
Base frequencies:  A: 0.286  C: 0.209  G: 0.225  T: 0.280
Parameters optimization took 2 rounds (0.074 sec)
Wrote distance file to... 
BEST SCORE FOUND : -40891.389
Total tree length: 0.022

Total number of iterations: 0
CPU time used for tree search: 0.000 sec (0h:0m:0s)
Wall-clock time used for tree search: 0.000 sec (0h:0m:0s)
Total CPU time used: 54.082 sec (0h:0m:54s)
Total wall-clock time used: 24.128 sec (0h:0m:24s)

===> START JACKKNIFE REPLICATE NUMBER 12

Creating jackknife alignment (seed: 785738)...
Reading input tree file gl_output_rmq.fasta.raxml.bestTree ...

NOTE: 7 MB RAM (0 GB) is required!
Estimate model parameters (epsilon = 0.010)
1. Initial log-likelihood: -40719.916
2. Current log-likelihood: -40607.637
3. Current log-likelihood: -40607.480
4. Current log-likelihood: -40607.464
Optimal log-likelihood: -40607.462
Rate parameters:  A-C: 1.00000  A-G: 2.84455  A-T: 1.00000  C-G: 1.00000  C-T: 2.84455  G-T: 1.00000
Base frequencies:  A: 0.286  C: 0.208  G: 0.230  T: 0.276
Parameters optimization took 4 rounds (0.127 sec)
Wrote distance file to... 
BEST SCORE FOUND : -40607.462
Total tree length: 0.020

Total number of iterations: 0
CPU time used for tree search: 0.000 sec (0h:0m:0s)
Wall-clock time used for tree search: 0.000 sec (0h:0m:0s)
Total CPU time used: 54.594 sec (0h:0m:54s)
Total wall-clock time used: 24.311 sec (0h:0m:24s)

===> START JACKKNIFE REPLICATE NUMBER 13

Creating jackknife alignment (seed: 785739)...
Reading input tree file gl_output_rmq.fasta.raxml.bestTree ...

NOTE: 8 MB RAM (0 GB) is required!
Estimate model parameters (epsilon = 0.010)
1. Initial log-likelihood: -41020.545
2. Current log-likelihood: -40918.619
3. Current log-likelihood: -40917.785
4. Current log-likelihood: -40917.773
Optimal log-likelihood: -40917.771
Rate parameters:  A-C: 1.00000  A-G: 2.67386  A-T: 1.00000  C-G: 1.00000  C-T: 2.67386  G-T: 1.00000
Base frequencies:  A: 0.281  C: 0.210  G: 0.231  T: 0.278
Parameters optimization took 4 rounds (0.125 sec)
Wrote distance file to... 
BEST SCORE FOUND : -40917.771
Total tree length: 0.022

Total number of iterations: 0
CPU time used for tree search: 0.000 sec (0h:0m:0s)
Wall-clock time used for tree search: 0.000 sec (0h:0m:0s)
Total CPU time used: 55.111 sec (0h:0m:55s)
Total wall-clock time used: 24.496 sec (0h:0m:24s)

===> START JACKKNIFE REPLICATE NUMBER 14

Creating jackknife alignment (seed: 785740)...
Reading input tree file gl_output_rmq.fasta.raxml.bestTree ...

NOTE: 7 MB RAM (0 GB) is required!
Estimate model parameters (epsilon = 0.010)
1. Initial log-likelihood: -41176.040
2. Current log-likelihood: -41091.505
3. Current log-likelihood: -41091.370
Optimal log-likelihood: -41091.364
Rate parameters:  A-C: 1.00000  A-G: 2.36852  A-T: 1.00000  C-G: 1.00000  C-T: 2.36852  G-T: 1.00000
Base frequencies:  A: 0.283  C: 0.209  G: 0.228  T: 0.280
Parameters optimization took 3 rounds (0.094 sec)
Wrote distance file to... 
BEST SCORE FOUND : -41091.364
Total tree length: 0.022

Total number of iterations: 0
CPU time used for tree search: 0.000 sec (0h:0m:0s)
Wall-clock time used for tree search: 0.000 sec (0h:0m:0s)
Total CPU time used: 55.511 sec (0h:0m:55s)
Total wall-clock time used: 24.641 sec (0h:0m:24s)

===> START JACKKNIFE REPLICATE NUMBER 15

Creating jackknife alignment (seed: 785741)...
Reading input tree file gl_output_rmq.fasta.raxml.bestTree ...

NOTE: 7 MB RAM (0 GB) is required!
Estimate model parameters (epsilon = 0.010)
1. Initial log-likelihood: -40999.560
2. Current log-likelihood: -40915.481
3. Current log-likelihood: -40915.419
Optimal log-likelihood: -40915.419
Rate parameters:  A-C: 1.00000  A-G: 2.40025  A-T: 1.00000  C-G: 1.00000  C-T: 2.40025  G-T: 1.00000
Base frequencies:  A: 0.283  C: 0.211  G: 0.228  T: 0.277
Parameters optimization took 3 rounds (0.103 sec)
Wrote distance file to... 
BEST SCORE FOUND : -40915.419
Total tree length: 0.021

Total number of iterations: 0
CPU time used for tree search: 0.000 sec (0h:0m:0s)
Wall-clock time used for tree search: 0.000 sec (0h:0m:0s)
Total CPU time used: 55.941 sec (0h:0m:55s)
Total wall-clock time used: 24.796 sec (0h:0m:24s)

===> START JACKKNIFE REPLICATE NUMBER 16

Creating jackknife alignment (seed: 785742)...
Reading input tree file gl_output_rmq.fasta.raxml.bestTree ...

NOTE: 7 MB RAM (0 GB) is required!
Estimate model parameters (epsilon = 0.010)
1. Initial log-likelihood: -40964.377
2. Current log-likelihood: -40880.488
3. Current log-likelihood: -40878.809
Optimal log-likelihood: -40878.809
Rate parameters:  A-C: 1.00000  A-G: 2.36552  A-T: 1.00000  C-G: 1.00000  C-T: 2.36552  G-T: 1.00000
Base frequencies:  A: 0.285  C: 0.210  G: 0.226  T: 0.279
Parameters optimization took 3 rounds (0.097 sec)
Wrote distance file to... 
BEST SCORE FOUND : -40878.809
Total tree length: 0.021

Total number of iterations: 0
CPU time used for tree search: 0.000 sec (0h:0m:0s)
Wall-clock time used for tree search: 0.000 sec (0h:0m:0s)
Total CPU time used: 56.351 sec (0h:0m:56s)
Total wall-clock time used: 24.945 sec (0h:0m:24s)

===> START JACKKNIFE REPLICATE NUMBER 17

Creating jackknife alignment (seed: 785743)...
Reading input tree file gl_output_rmq.fasta.raxml.bestTree ...

NOTE: 7 MB RAM (0 GB) is required!
Estimate model parameters (epsilon = 0.010)
1. Initial log-likelihood: -40679.815
2. Current log-likelihood: -40584.883
3. Current log-likelihood: -40584.766
Optimal log-likelihood: -40584.763
Rate parameters:  A-C: 1.00000  A-G: 2.64907  A-T: 1.00000  C-G: 1.00000  C-T: 2.64907  G-T: 1.00000
Base frequencies:  A: 0.283  C: 0.209  G: 0.226  T: 0.282
Parameters optimization took 3 rounds (0.099 sec)
Wrote distance file to... 
BEST SCORE FOUND : -40584.763
Total tree length: 0.020

Total number of iterations: 0
CPU time used for tree search: 0.000 sec (0h:0m:0s)
Wall-clock time used for tree search: 0.000 sec (0h:0m:0s)
Total CPU time used: 56.764 sec (0h:0m:56s)
Total wall-clock time used: 25.094 sec (0h:0m:25s)

===> START JACKKNIFE REPLICATE NUMBER 18

Creating jackknife alignment (seed: 785744)...
Reading input tree file gl_output_rmq.fasta.raxml.bestTree ...

NOTE: 8 MB RAM (0 GB) is required!
Estimate model parameters (epsilon = 0.010)
1. Initial log-likelihood: -41117.256
2. Current log-likelihood: -41039.812
3. Current log-likelihood: -41039.770
Optimal log-likelihood: -41039.770
Rate parameters:  A-C: 1.00000  A-G: 2.36609  A-T: 1.00000  C-G: 1.00000  C-T: 2.36609  G-T: 1.00000
Base frequencies:  A: 0.285  C: 0.211  G: 0.224  T: 0.281
Parameters optimization took 3 rounds (0.097 sec)
Wrote distance file to... 
BEST SCORE FOUND : -41039.770
Total tree length: 0.022

Total number of iterations: 0
CPU time used for tree search: 0.000 sec (0h:0m:0s)
Wall-clock time used for tree search: 0.000 sec (0h:0m:0s)
Total CPU time used: 57.180 sec (0h:0m:57s)
Total wall-clock time used: 25.244 sec (0h:0m:25s)

===> START JACKKNIFE REPLICATE NUMBER 19

Creating jackknife alignment (seed: 785745)...
Reading input tree file gl_output_rmq.fasta.raxml.bestTree ...

NOTE: 8 MB RAM (0 GB) is required!
Estimate model parameters (epsilon = 0.010)
1. Initial log-likelihood: -41049.934
2. Current log-likelihood: -40967.752
3. Current log-likelihood: -40967.454
Optimal log-likelihood: -40967.454
Rate parameters:  A-C: 1.00000  A-G: 2.32692  A-T: 1.00000  C-G: 1.00000  C-T: 2.32692  G-T: 1.00000
Base frequencies:  A: 0.283  C: 0.209  G: 0.224  T: 0.284
Parameters optimization took 3 rounds (0.109 sec)
Wrote distance file to... 
BEST SCORE FOUND : -40967.454
Total tree length: 0.022

Total number of iterations: 0
CPU time used for tree search: 0.000 sec (0h:0m:0s)
Wall-clock time used for tree search: 0.000 sec (0h:0m:0s)
Total CPU time used: 57.633 sec (0h:0m:57s)
Total wall-clock time used: 25.407 sec (0h:0m:25s)

===> START JACKKNIFE REPLICATE NUMBER 20

Creating jackknife alignment (seed: 785746)...
Reading input tree file gl_output_rmq.fasta.raxml.bestTree ...

NOTE: 7 MB RAM (0 GB) is required!
Estimate model parameters (epsilon = 0.010)
1. Initial log-likelihood: -40938.905
2. Current log-likelihood: -40845.922
Optimal log-likelihood: -40845.911
Rate parameters:  A-C: 1.00000  A-G: 2.48457  A-T: 1.00000  C-G: 1.00000  C-T: 2.48457  G-T: 1.00000
Base frequencies:  A: 0.282  C: 0.212  G: 0.227  T: 0.280
Parameters optimization took 2 rounds (0.068 sec)
Wrote distance file to... 
BEST SCORE FOUND : -40845.911
Total tree length: 0.021

Total number of iterations: 0
CPU time used for tree search: 0.000 sec (0h:0m:0s)
Wall-clock time used for tree search: 0.000 sec (0h:0m:0s)
Total CPU time used: 57.966 sec (0h:0m:57s)
Total wall-clock time used: 25.529 sec (0h:0m:25s)

===> START JACKKNIFE REPLICATE NUMBER 21

Creating jackknife alignment (seed: 785747)...
Reading input tree file gl_output_rmq.fasta.raxml.bestTree ...

NOTE: 8 MB RAM (0 GB) is required!
Estimate model parameters (epsilon = 0.010)
1. Initial log-likelihood: -41109.249
2. Current log-likelihood: -41063.827
3. Current log-likelihood: -41046.848
4. Current log-likelihood: -41002.537
5. Current log-likelihood: -41002.500
Optimal log-likelihood: -41002.496
Rate parameters:  A-C: 1.00000  A-G: 3.00147  A-T: 1.00000  C-G: 1.00000  C-T: 3.00147  G-T: 1.00000
Base frequencies:  A: 0.284  C: 0.211  G: 0.226  T: 0.279
Parameters optimization took 5 rounds (0.196 sec)
Wrote distance file to... 
BEST SCORE FOUND : -41002.496
Total tree length: 0.022

Total number of iterations: 0
CPU time used for tree search: 0.000 sec (0h:0m:0s)
Wall-clock time used for tree search: 0.000 sec (0h:0m:0s)
Total CPU time used: 58.669 sec (0h:0m:58s)
Total wall-clock time used: 25.776 sec (0h:0m:25s)

===> START JACKKNIFE REPLICATE NUMBER 22

Creating jackknife alignment (seed: 785748)...
Reading input tree file gl_output_rmq.fasta.raxml.bestTree ...

NOTE: 7 MB RAM (0 GB) is required!
Estimate model parameters (epsilon = 0.010)
1. Initial log-likelihood: -41018.924
2. Current log-likelihood: -40934.963
3. Current log-likelihood: -40934.944
Optimal log-likelihood: -40934.944
Rate parameters:  A-C: 1.00000  A-G: 2.42951  A-T: 1.00000  C-G: 1.00000  C-T: 2.42951  G-T: 1.00000
Base frequencies:  A: 0.284  C: 0.212  G: 0.226  T: 0.279
Parameters optimization took 3 rounds (0.099 sec)
Wrote distance file to... 
BEST SCORE FOUND : -40934.944
Total tree length: 0.021

Total number of iterations: 0
CPU time used for tree search: 0.000 sec (0h:0m:0s)
Wall-clock time used for tree search: 0.000 sec (0h:0m:0s)
Total CPU time used: 59.082 sec (0h:0m:59s)
Total wall-clock time used: 25.923 sec (0h:0m:25s)

===> START JACKKNIFE REPLICATE NUMBER 23

Creating jackknife alignment (seed: 785749)...
Reading input tree file gl_output_rmq.fasta.raxml.bestTree ...

NOTE: 7 MB RAM (0 GB) is required!
Estimate model parameters (epsilon = 0.010)
1. Initial log-likelihood: -41092.698
2. Current log-likelihood: -41004.936
3. Current log-likelihood: -41004.913
Optimal log-likelihood: -41004.913
Rate parameters:  A-C: 1.00000  A-G: 2.31112  A-T: 1.00000  C-G: 1.00000  C-T: 2.31112  G-T: 1.00000
Base frequencies:  A: 0.279  C: 0.210  G: 0.229  T: 0.282
Parameters optimization took 3 rounds (0.103 sec)
Wrote distance file to... 
BEST SCORE FOUND : -41004.913
Total tree length: 0.022

Total number of iterations: 0
CPU time used for tree search: 0.000 sec (0h:0m:0s)
Wall-clock time used for tree search: 0.000 sec (0h:0m:0s)
Total CPU time used: 59.519 sec (0h:0m:59s)
Total wall-clock time used: 26.080 sec (0h:0m:26s)

===> START JACKKNIFE REPLICATE NUMBER 24

Creating jackknife alignment (seed: 785750)...
Reading input tree file gl_output_rmq.fasta.raxml.bestTree ...

NOTE: 7 MB RAM (0 GB) is required!
Estimate model parameters (epsilon = 0.010)
1. Initial log-likelihood: -40924.048
2. Current log-likelihood: -40830.650
3. Current log-likelihood: -40830.369
Optimal log-likelihood: -40830.367
Rate parameters:  A-C: 1.00000  A-G: 2.18431  A-T: 1.00000  C-G: 1.00000  C-T: 2.18431  G-T: 1.00000
Base frequencies:  A: 0.284  C: 0.212  G: 0.225  T: 0.279
Parameters optimization took 3 rounds (0.114 sec)
Wrote distance file to... 
BEST SCORE FOUND : -40830.367
Total tree length: 0.021

Total number of iterations: 0
CPU time used for tree search: 0.000 sec (0h:0m:0s)
Wall-clock time used for tree search: 0.000 sec (0h:0m:0s)
Total CPU time used: 60.009 sec (0h:1m:0s)
Total wall-clock time used: 26.259 sec (0h:0m:26s)

===> START JACKKNIFE REPLICATE NUMBER 25

Creating jackknife alignment (seed: 785751)...
Reading input tree file gl_output_rmq.fasta.raxml.bestTree ...

NOTE: 7 MB RAM (0 GB) is required!
Estimate model parameters (epsilon = 0.010)
1. Initial log-likelihood: -41064.492
2. Current log-likelihood: -40957.048
3. Current log-likelihood: -40956.868
Optimal log-likelihood: -40956.868
Rate parameters:  A-C: 1.00000  A-G: 2.87916  A-T: 1.00000  C-G: 1.00000  C-T: 2.87916  G-T: 1.00000
Base frequencies:  A: 0.279  C: 0.212  G: 0.228  T: 0.281
Parameters optimization took 3 rounds (0.114 sec)
Wrote distance file to... 
BEST SCORE FOUND : -40956.868
Total tree length: 0.022

Total number of iterations: 0
CPU time used for tree search: 0.000 sec (0h:0m:0s)
Wall-clock time used for tree search: 0.000 sec (0h:0m:0s)
Total CPU time used: 60.473 sec (0h:1m:0s)
Total wall-clock time used: 26.427 sec (0h:0m:26s)

===> START JACKKNIFE REPLICATE NUMBER 26

Creating jackknife alignment (seed: 785752)...
Reading input tree file gl_output_rmq.fasta.raxml.bestTree ...

NOTE: 7 MB RAM (0 GB) is required!
Estimate model parameters (epsilon = 0.010)
1. Initial log-likelihood: -41108.846
2. Current log-likelihood: -41018.697
3. Current log-likelihood: -41018.560
Optimal log-likelihood: -41018.560
Rate parameters:  A-C: 1.00000  A-G: 2.43069  A-T: 1.00000  C-G: 1.00000  C-T: 2.43069  G-T: 1.00000
Base frequencies:  A: 0.281  C: 0.213  G: 0.225  T: 0.282
Parameters optimization took 3 rounds (0.118 sec)
Wrote distance file to... 
BEST SCORE FOUND : -41018.560
Total tree length: 0.022

Total number of iterations: 0
CPU time used for tree search: 0.000 sec (0h:0m:0s)
Wall-clock time used for tree search: 0.000 sec (0h:0m:0s)
Total CPU time used: 60.956 sec (0h:1m:0s)
Total wall-clock time used: 26.600 sec (0h:0m:26s)

===> START JACKKNIFE REPLICATE NUMBER 27

Creating jackknife alignment (seed: 785753)...
Reading input tree file gl_output_rmq.fasta.raxml.bestTree ...

NOTE: 7 MB RAM (0 GB) is required!
Estimate model parameters (epsilon = 0.010)
1. Initial log-likelihood: -40670.731
2. Current log-likelihood: -40589.482
3. Current log-likelihood: -40588.976
4. Current log-likelihood: -40588.944
Optimal log-likelihood: -40588.928
Rate parameters:  A-C: 1.00000  A-G: 2.14948  A-T: 1.00000  C-G: 1.00000  C-T: 2.14948  G-T: 1.00000
Base frequencies:  A: 0.280  C: 0.210  G: 0.228  T: 0.283
Parameters optimization took 4 rounds (0.146 sec)
Wrote distance file to... 
BEST SCORE FOUND : -40588.928
Total tree length: 0.020

Total number of iterations: 0
CPU time used for tree search: 0.000 sec (0h:0m:0s)
Wall-clock time used for tree search: 0.000 sec (0h:0m:0s)
Total CPU time used: 61.523 sec (0h:1m:1s)
Total wall-clock time used: 26.804 sec (0h:0m:26s)

===> START JACKKNIFE REPLICATE NUMBER 28

Creating jackknife alignment (seed: 785754)...
Reading input tree file gl_output_rmq.fasta.raxml.bestTree ...

NOTE: 8 MB RAM (0 GB) is required!
Estimate model parameters (epsilon = 0.010)
1. Initial log-likelihood: -41344.115
2. Current log-likelihood: -41248.234
3. Current log-likelihood: -41247.686
Optimal log-likelihood: -41247.686
Rate parameters:  A-C: 1.00000  A-G: 2.50665  A-T: 1.00000  C-G: 1.00000  C-T: 2.50665  G-T: 1.00000
Base frequencies:  A: 0.285  C: 0.211  G: 0.224  T: 0.280
Parameters optimization took 3 rounds (0.127 sec)
Wrote distance file to... 
BEST SCORE FOUND : -41247.686
Total tree length: 0.023

Total number of iterations: 0
CPU time used for tree search: 0.000 sec (0h:0m:0s)
Wall-clock time used for tree search: 0.000 sec (0h:0m:0s)
Total CPU time used: 62.028 sec (0h:1m:2s)
Total wall-clock time used: 26.985 sec (0h:0m:26s)

===> START JACKKNIFE REPLICATE NUMBER 29

Creating jackknife alignment (seed: 785755)...
Reading input tree file gl_output_rmq.fasta.raxml.bestTree ...

NOTE: 7 MB RAM (0 GB) is required!
Estimate model parameters (epsilon = 0.010)
1. Initial log-likelihood: -40900.387
2. Current log-likelihood: -40798.145
3. Current log-likelihood: -40798.085
Optimal log-likelihood: -40798.083
Rate parameters:  A-C: 1.00000  A-G: 2.73830  A-T: 1.00000  C-G: 1.00000  C-T: 2.73830  G-T: 1.00000
Base frequencies:  A: 0.281  C: 0.210  G: 0.229  T: 0.279
Parameters optimization took 3 rounds (0.089 sec)
Wrote distance file to... 
BEST SCORE FOUND : -40798.083
Total tree length: 0.020

Total number of iterations: 0
CPU time used for tree search: 0.000 sec (0h:0m:0s)
Wall-clock time used for tree search: 0.000 sec (0h:0m:0s)
Total CPU time used: 62.421 sec (0h:1m:2s)
Total wall-clock time used: 27.126 sec (0h:0m:27s)

===> START JACKKNIFE REPLICATE NUMBER 30

Creating jackknife alignment (seed: 785756)...
Reading input tree file gl_output_rmq.fasta.raxml.bestTree ...

NOTE: 7 MB RAM (0 GB) is required!
Estimate model parameters (epsilon = 0.010)
1. Initial log-likelihood: -40983.862
2. Current log-likelihood: -40891.848
Optimal log-likelihood: -40891.847
Rate parameters:  A-C: 1.00000  A-G: 2.43940  A-T: 1.00000  C-G: 1.00000  C-T: 2.43940  G-T: 1.00000
Base frequencies:  A: 0.283  C: 0.211  G: 0.225  T: 0.281
Parameters optimization took 2 rounds (0.076 sec)
Wrote distance file to... 
BEST SCORE FOUND : -40891.847
Total tree length: 0.021

Total number of iterations: 0
CPU time used for tree search: 0.000 sec (0h:0m:0s)
Wall-clock time used for tree search: 0.000 sec (0h:0m:0s)
Total CPU time used: 62.771 sec (0h:1m:2s)
Total wall-clock time used: 27.252 sec (0h:0m:27s)

===> START JACKKNIFE REPLICATE NUMBER 31

Creating jackknife alignment (seed: 785757)...
Reading input tree file gl_output_rmq.fasta.raxml.bestTree ...

NOTE: 8 MB RAM (0 GB) is required!
Estimate model parameters (epsilon = 0.010)
1. Initial log-likelihood: -41194.826
2. Current log-likelihood: -41111.195
3. Current log-likelihood: -41111.021
Optimal log-likelihood: -41111.021
Rate parameters:  A-C: 1.00000  A-G: 2.22644  A-T: 1.00000  C-G: 1.00000  C-T: 2.22644  G-T: 1.00000
Base frequencies:  A: 0.283  C: 0.212  G: 0.226  T: 0.279
Parameters optimization took 3 rounds (0.117 sec)
Wrote distance file to... 
BEST SCORE FOUND : -41111.021
Total tree length: 0.022

Total number of iterations: 0
CPU time used for tree search: 0.000 sec (0h:0m:0s)
Wall-clock time used for tree search: 0.000 sec (0h:0m:0s)
Total CPU time used: 63.248 sec (0h:1m:3s)
Total wall-clock time used: 27.422 sec (0h:0m:27s)

===> START JACKKNIFE REPLICATE NUMBER 32

Creating jackknife alignment (seed: 785758)...
Reading input tree file gl_output_rmq.fasta.raxml.bestTree ...

NOTE: 8 MB RAM (0 GB) is required!
Estimate model parameters (epsilon = 0.010)
1. Initial log-likelihood: -41510.590
2. Current log-likelihood: -41424.228
3. Current log-likelihood: -41424.134
Optimal log-likelihood: -41424.134
Rate parameters:  A-C: 1.00000  A-G: 2.29683  A-T: 1.00000  C-G: 1.00000  C-T: 2.29683  G-T: 1.00000
Base frequencies:  A: 0.280  C: 0.211  G: 0.227  T: 0.282
Parameters optimization took 3 rounds (0.129 sec)
Wrote distance file to... 
BEST SCORE FOUND : -41424.134
Total tree length: 0.024

Total number of iterations: 0
CPU time used for tree search: 0.000 sec (0h:0m:0s)
Wall-clock time used for tree search: 0.000 sec (0h:0m:0s)
Total CPU time used: 63.753 sec (0h:1m:3s)
Total wall-clock time used: 27.604 sec (0h:0m:27s)

===> START JACKKNIFE REPLICATE NUMBER 33

Creating jackknife alignment (seed: 785759)...
Reading input tree file gl_output_rmq.fasta.raxml.bestTree ...

NOTE: 7 MB RAM (0 GB) is required!
Estimate model parameters (epsilon = 0.010)
1. Initial log-likelihood: -40784.987
2. Current log-likelihood: -40694.489
3. Current log-likelihood: -40694.364
Optimal log-likelihood: -40694.364
Rate parameters:  A-C: 1.00000  A-G: 2.35502  A-T: 1.00000  C-G: 1.00000  C-T: 2.35502  G-T: 1.00000
Base frequencies:  A: 0.282  C: 0.208  G: 0.227  T: 0.283
Parameters optimization took 3 rounds (0.124 sec)
Wrote distance file to... 
BEST SCORE FOUND : -40694.364
Total tree length: 0.020

Total number of iterations: 0
CPU time used for tree search: 0.000 sec (0h:0m:0s)
Wall-clock time used for tree search: 0.000 sec (0h:0m:0s)
Total CPU time used: 64.261 sec (0h:1m:4s)
Total wall-clock time used: 27.788 sec (0h:0m:27s)

===> START JACKKNIFE REPLICATE NUMBER 34

Creating jackknife alignment (seed: 785760)...
Reading input tree file gl_output_rmq.fasta.raxml.bestTree ...

NOTE: 7 MB RAM (0 GB) is required!
Estimate model parameters (epsilon = 0.010)
1. Initial log-likelihood: -40748.023
2. Current log-likelihood: -40656.348
3. Current log-likelihood: -40656.286
Optimal log-likelihood: -40656.283
Rate parameters:  A-C: 1.00000  A-G: 2.51677  A-T: 1.00000  C-G: 1.00000  C-T: 2.51677  G-T: 1.00000
Base frequencies:  A: 0.282  C: 0.207  G: 0.229  T: 0.282
Parameters optimization took 3 rounds (0.099 sec)
Wrote distance file to... 
BEST SCORE FOUND : -40656.283
Total tree length: 0.020

Total number of iterations: 0
CPU time used for tree search: 0.000 sec (0h:0m:0s)
Wall-clock time used for tree search: 0.000 sec (0h:0m:0s)
Total CPU time used: 64.693 sec (0h:1m:4s)
Total wall-clock time used: 27.943 sec (0h:0m:27s)

===> START JACKKNIFE REPLICATE NUMBER 35

Creating jackknife alignment (seed: 785761)...
Reading input tree file gl_output_rmq.fasta.raxml.bestTree ...

NOTE: 8 MB RAM (0 GB) is required!
Estimate model parameters (epsilon = 0.010)
1. Initial log-likelihood: -41050.637
2. Current log-likelihood: -40958.019
3. Current log-likelihood: -40957.799
Optimal log-likelihood: -40957.796
Rate parameters:  A-C: 1.00000  A-G: 2.60097  A-T: 1.00000  C-G: 1.00000  C-T: 2.60097  G-T: 1.00000
Base frequencies:  A: 0.283  C: 0.210  G: 0.225  T: 0.282
Parameters optimization took 3 rounds (0.103 sec)
Wrote distance file to... 
BEST SCORE FOUND : -40957.796
Total tree length: 0.022

Total number of iterations: 0
CPU time used for tree search: 0.000 sec (0h:0m:0s)
Wall-clock time used for tree search: 0.000 sec (0h:0m:0s)
Total CPU time used: 65.131 sec (0h:1m:5s)
Total wall-clock time used: 28.103 sec (0h:0m:28s)

===> START JACKKNIFE REPLICATE NUMBER 36

Creating jackknife alignment (seed: 785762)...
Reading input tree file gl_output_rmq.fasta.raxml.bestTree ...

NOTE: 8 MB RAM (0 GB) is required!
Estimate model parameters (epsilon = 0.010)
1. Initial log-likelihood: -41640.541
2. Current log-likelihood: -41551.439
3. Current log-likelihood: -41550.588
Optimal log-likelihood: -41550.586
Rate parameters:  A-C: 1.00000  A-G: 2.40119  A-T: 1.00000  C-G: 1.00000  C-T: 2.40119  G-T: 1.00000
Base frequencies:  A: 0.282  C: 0.208  G: 0.229  T: 0.281
Parameters optimization took 3 rounds (0.111 sec)
Wrote distance file to... 
BEST SCORE FOUND : -41550.586
Total tree length: 0.025

Total number of iterations: 0
CPU time used for tree search: 0.000 sec (0h:0m:0s)
Wall-clock time used for tree search: 0.000 sec (0h:0m:0s)
Total CPU time used: 65.603 sec (0h:1m:5s)
Total wall-clock time used: 28.281 sec (0h:0m:28s)

===> START JACKKNIFE REPLICATE NUMBER 37

Creating jackknife alignment (seed: 785763)...
Reading input tree file gl_output_rmq.fasta.raxml.bestTree ...

NOTE: 7 MB RAM (0 GB) is required!
Estimate model parameters (epsilon = 0.010)
1. Initial log-likelihood: -40911.987
2. Current log-likelihood: -40809.979
3. Current log-likelihood: -40809.736
Optimal log-likelihood: -40809.735
Rate parameters:  A-C: 1.00000  A-G: 2.79230  A-T: 1.00000  C-G: 1.00000  C-T: 2.79230  G-T: 1.00000
Base frequencies:  A: 0.285  C: 0.212  G: 0.228  T: 0.275
Parameters optimization took 3 rounds (0.106 sec)
Wrote distance file to... 
BEST SCORE FOUND : -40809.735
Total tree length: 0.021

Total number of iterations: 0
CPU time used for tree search: 0.000 sec (0h:0m:0s)
Wall-clock time used for tree search: 0.000 sec (0h:0m:0s)
Total CPU time used: 66.057 sec (0h:1m:6s)
Total wall-clock time used: 28.445 sec (0h:0m:28s)

===> START JACKKNIFE REPLICATE NUMBER 38

Creating jackknife alignment (seed: 785764)...
Reading input tree file gl_output_rmq.fasta.raxml.bestTree ...

NOTE: 7 MB RAM (0 GB) is required!
Estimate model parameters (epsilon = 0.010)
1. Initial log-likelihood: -41134.703
2. Current log-likelihood: -41053.982
3. Current log-likelihood: -41053.880
Optimal log-likelihood: -41053.872
Rate parameters:  A-C: 1.00000  A-G: 2.27484  A-T: 1.00000  C-G: 1.00000  C-T: 2.27484  G-T: 1.00000
Base frequencies:  A: 0.282  C: 0.208  G: 0.229  T: 0.282
Parameters optimization took 3 rounds (0.108 sec)
Wrote distance file to... 
BEST SCORE FOUND : -41053.872
Total tree length: 0.022

Total number of iterations: 0
CPU time used for tree search: 0.000 sec (0h:0m:0s)
Wall-clock time used for tree search: 0.000 sec (0h:0m:0s)
Total CPU time used: 66.516 sec (0h:1m:6s)
Total wall-clock time used: 28.611 sec (0h:0m:28s)

===> START JACKKNIFE REPLICATE NUMBER 39

Creating jackknife alignment (seed: 785765)...
Reading input tree file gl_output_rmq.fasta.raxml.bestTree ...

NOTE: 7 MB RAM (0 GB) is required!
Estimate model parameters (epsilon = 0.010)
1. Initial log-likelihood: -40906.154
2. Current log-likelihood: -40821.055
3. Current log-likelihood: -40820.694
Optimal log-likelihood: -40820.694
Rate parameters:  A-C: 1.00000  A-G: 2.25817  A-T: 1.00000  C-G: 1.00000  C-T: 2.25817  G-T: 1.00000
Base frequencies:  A: 0.282  C: 0.208  G: 0.229  T: 0.281
Parameters optimization took 3 rounds (0.126 sec)
Wrote distance file to... 
BEST SCORE FOUND : -40820.694
Total tree length: 0.021

Total number of iterations: 0
CPU time used for tree search: 0.000 sec (0h:0m:0s)
Wall-clock time used for tree search: 0.000 sec (0h:0m:0s)
Total CPU time used: 67.024 sec (0h:1m:7s)
Total wall-clock time used: 28.793 sec (0h:0m:28s)

===> START JACKKNIFE REPLICATE NUMBER 40

Creating jackknife alignment (seed: 785766)...
Reading input tree file gl_output_rmq.fasta.raxml.bestTree ...

NOTE: 7 MB RAM (0 GB) is required!
Estimate model parameters (epsilon = 0.010)
1. Initial log-likelihood: -41220.038
2. Current log-likelihood: -41122.152
3. Current log-likelihood: -41122.090
Optimal log-likelihood: -41122.087
Rate parameters:  A-C: 1.00000  A-G: 2.65640  A-T: 1.00000  C-G: 1.00000  C-T: 2.65640  G-T: 1.00000
Base frequencies:  A: 0.281  C: 0.208  G: 0.229  T: 0.282
Parameters optimization took 3 rounds (0.115 sec)
Wrote distance file to... 
BEST SCORE FOUND : -41122.087
Total tree length: 0.022

Total number of iterations: 0
CPU time used for tree search: 0.000 sec (0h:0m:0s)
Wall-clock time used for tree search: 0.000 sec (0h:0m:0s)
Total CPU time used: 67.498 sec (0h:1m:7s)
Total wall-clock time used: 28.963 sec (0h:0m:28s)

===> START JACKKNIFE REPLICATE NUMBER 41

Creating jackknife alignment (seed: 785767)...
Reading input tree file gl_output_rmq.fasta.raxml.bestTree ...

NOTE: 8 MB RAM (0 GB) is required!
Estimate model parameters (epsilon = 0.010)
1. Initial log-likelihood: -41279.359
2. Current log-likelihood: -41204.942
3. Current log-likelihood: -41204.920
Optimal log-likelihood: -41204.920
Rate parameters:  A-C: 1.00000  A-G: 2.24968  A-T: 1.00000  C-G: 1.00000  C-T: 2.24968  G-T: 1.00000
Base frequencies:  A: 0.282  C: 0.213  G: 0.224  T: 0.282
Parameters optimization took 3 rounds (0.091 sec)
Wrote distance file to... 
BEST SCORE FOUND : -41204.920
Total tree length: 0.023

Total number of iterations: 0
CPU time used for tree search: 0.000 sec (0h:0m:0s)
Wall-clock time used for tree search: 0.000 sec (0h:0m:0s)
Total CPU time used: 67.896 sec (0h:1m:7s)
Total wall-clock time used: 29.106 sec (0h:0m:29s)

===> START JACKKNIFE REPLICATE NUMBER 42

Creating jackknife alignment (seed: 785768)...
Reading input tree file gl_output_rmq.fasta.raxml.bestTree ...

NOTE: 7 MB RAM (0 GB) is required!
Estimate model parameters (epsilon = 0.010)
1. Initial log-likelihood: -41123.013
2. Current log-likelihood: -41037.546
3. Current log-likelihood: -41037.319
Optimal log-likelihood: -41037.313
Rate parameters:  A-C: 1.00000  A-G: 2.42955  A-T: 1.00000  C-G: 1.00000  C-T: 2.42955  G-T: 1.00000
Base frequencies:  A: 0.284  C: 0.210  G: 0.223  T: 0.283
Parameters optimization took 3 rounds (0.101 sec)
Wrote distance file to... 
BEST SCORE FOUND : -41037.313
Total tree length: 0.021

Total number of iterations: 0
CPU time used for tree search: 0.000 sec (0h:0m:0s)
Wall-clock time used for tree search: 0.000 sec (0h:0m:0s)
Total CPU time used: 68.320 sec (0h:1m:8s)
Total wall-clock time used: 29.259 sec (0h:0m:29s)

===> START JACKKNIFE REPLICATE NUMBER 43

Creating jackknife alignment (seed: 785769)...
Reading input tree file gl_output_rmq.fasta.raxml.bestTree ...

NOTE: 7 MB RAM (0 GB) is required!
Estimate model parameters (epsilon = 0.010)
1. Initial log-likelihood: -40968.887
2. Current log-likelihood: -40914.626
3. Current log-likelihood: -40898.839
4. Current log-likelihood: -40855.489
Optimal log-likelihood: -40855.487
Rate parameters:  A-C: 1.00000  A-G: 2.99823  A-T: 1.00000  C-G: 1.00000  C-T: 2.99823  G-T: 1.00000
Base frequencies:  A: 0.285  C: 0.208  G: 0.227  T: 0.279
Parameters optimization took 4 rounds (0.137 sec)
Wrote distance file to... 
BEST SCORE FOUND : -40855.487
Total tree length: 0.021

Total number of iterations: 0
CPU time used for tree search: 0.000 sec (0h:0m:0s)
Wall-clock time used for tree search: 0.000 sec (0h:0m:0s)
Total CPU time used: 68.842 sec (0h:1m:8s)
Total wall-clock time used: 29.444 sec (0h:0m:29s)

===> START JACKKNIFE REPLICATE NUMBER 44

Creating jackknife alignment (seed: 785770)...
Reading input tree file gl_output_rmq.fasta.raxml.bestTree ...

NOTE: 8 MB RAM (0 GB) is required!
Estimate model parameters (epsilon = 0.010)
1. Initial log-likelihood: -41129.735
2. Current log-likelihood: -41044.371
3. Current log-likelihood: -41044.351
Optimal log-likelihood: -41044.351
Rate parameters:  A-C: 1.00000  A-G: 2.41807  A-T: 1.00000  C-G: 1.00000  C-T: 2.41807  G-T: 1.00000
Base frequencies:  A: 0.282  C: 0.211  G: 0.228  T: 0.280
Parameters optimization took 3 rounds (0.080 sec)
Wrote distance file to... 
BEST SCORE FOUND : -41044.351
Total tree length: 0.022

Total number of iterations: 0
CPU time used for tree search: 0.000 sec (0h:0m:0s)
Wall-clock time used for tree search: 0.000 sec (0h:0m:0s)
Total CPU time used: 69.198 sec (0h:1m:9s)
Total wall-clock time used: 29.573 sec (0h:0m:29s)

===> START JACKKNIFE REPLICATE NUMBER 45

Creating jackknife alignment (seed: 785771)...
Reading input tree file gl_output_rmq.fasta.raxml.bestTree ...

NOTE: 7 MB RAM (0 GB) is required!
Estimate model parameters (epsilon = 0.010)
1. Initial log-likelihood: -40975.560
2. Current log-likelihood: -40888.985
3. Current log-likelihood: -40888.780
Optimal log-likelihood: -40888.780
Rate parameters:  A-C: 1.00000  A-G: 2.45666  A-T: 1.00000  C-G: 1.00000  C-T: 2.45666  G-T: 1.00000
Base frequencies:  A: 0.282  C: 0.212  G: 0.228  T: 0.278
Parameters optimization took 3 rounds (0.100 sec)
Wrote distance file to... 
BEST SCORE FOUND : -40888.780
Total tree length: 0.021

Total number of iterations: 0
CPU time used for tree search: 0.000 sec (0h:0m:0s)
Wall-clock time used for tree search: 0.000 sec (0h:0m:0s)
Total CPU time used: 69.618 sec (0h:1m:9s)
Total wall-clock time used: 29.725 sec (0h:0m:29s)

===> START JACKKNIFE REPLICATE NUMBER 46

Creating jackknife alignment (seed: 785772)...
Reading input tree file gl_output_rmq.fasta.raxml.bestTree ...

NOTE: 7 MB RAM (0 GB) is required!
Estimate model parameters (epsilon = 0.010)
1. Initial log-likelihood: -40897.643
2. Current log-likelihood: -40822.059
3. Current log-likelihood: -40822.046
Optimal log-likelihood: -40822.046
Rate parameters:  A-C: 1.00000  A-G: 2.14290  A-T: 1.00000  C-G: 1.00000  C-T: 2.14290  G-T: 1.00000
Base frequencies:  A: 0.281  C: 0.211  G: 0.226  T: 0.282
Parameters optimization took 3 rounds (0.100 sec)
Wrote distance file to... 
BEST SCORE FOUND : -40822.046
Total tree length: 0.021

Total number of iterations: 0
CPU time used for tree search: 0.000 sec (0h:0m:0s)
Wall-clock time used for tree search: 0.000 sec (0h:0m:0s)
Total CPU time used: 70.046 sec (0h:1m:10s)
Total wall-clock time used: 29.879 sec (0h:0m:29s)

===> START JACKKNIFE REPLICATE NUMBER 47

Creating jackknife alignment (seed: 785773)...
Reading input tree file gl_output_rmq.fasta.raxml.bestTree ...

NOTE: 7 MB RAM (0 GB) is required!
Estimate model parameters (epsilon = 0.010)
1. Initial log-likelihood: -40968.886
2. Current log-likelihood: -40869.919
3. Current log-likelihood: -40869.877
Optimal log-likelihood: -40869.873
Rate parameters:  A-C: 1.00000  A-G: 2.61575  A-T: 1.00000  C-G: 1.00000  C-T: 2.61575  G-T: 1.00000
Base frequencies:  A: 0.282  C: 0.211  G: 0.228  T: 0.280
Parameters optimization took 3 rounds (0.096 sec)
Wrote distance file to... 
BEST SCORE FOUND : -40869.873
Total tree length: 0.021

Total number of iterations: 0
CPU time used for tree search: 0.000 sec (0h:0m:0s)
Wall-clock time used for tree search: 0.000 sec (0h:0m:0s)
Total CPU time used: 70.452 sec (0h:1m:10s)
Total wall-clock time used: 30.025 sec (0h:0m:30s)

===> START JACKKNIFE REPLICATE NUMBER 48

Creating jackknife alignment (seed: 785774)...
Reading input tree file gl_output_rmq.fasta.raxml.bestTree ...

NOTE: 7 MB RAM (0 GB) is required!
Estimate model parameters (epsilon = 0.010)
1. Initial log-likelihood: -41147.865
2. Current log-likelihood: -41052.687
Optimal log-likelihood: -41052.683
Rate parameters:  A-C: 1.00000  A-G: 2.47361  A-T: 1.00000  C-G: 1.00000  C-T: 2.47361  G-T: 1.00000
Base frequencies:  A: 0.284  C: 0.213  G: 0.225  T: 0.278
Parameters optimization took 2 rounds (0.083 sec)
Wrote distance file to... 
BEST SCORE FOUND : -41052.683
Total tree length: 0.022

Total number of iterations: 0
CPU time used for tree search: 0.000 sec (0h:0m:0s)
Wall-clock time used for tree search: 0.000 sec (0h:0m:0s)
Total CPU time used: 70.827 sec (0h:1m:10s)
Total wall-clock time used: 30.161 sec (0h:0m:30s)

===> START JACKKNIFE REPLICATE NUMBER 49

Creating jackknife alignment (seed: 785775)...
Reading input tree file gl_output_rmq.fasta.raxml.bestTree ...

NOTE: 7 MB RAM (0 GB) is required!
Estimate model parameters (epsilon = 0.010)
1. Initial log-likelihood: -40978.466
2. Current log-likelihood: -40893.725
3. Current log-likelihood: -40893.663
Optimal log-likelihood: -40893.663
Rate parameters:  A-C: 1.00000  A-G: 2.42458  A-T: 1.00000  C-G: 1.00000  C-T: 2.42458  G-T: 1.00000
Base frequencies:  A: 0.284  C: 0.208  G: 0.229  T: 0.279
Parameters optimization took 3 rounds (0.103 sec)
Wrote distance file to... 
BEST SCORE FOUND : -40893.663
Total tree length: 0.021

Total number of iterations: 0
CPU time used for tree search: 0.000 sec (0h:0m:0s)
Wall-clock time used for tree search: 0.000 sec (0h:0m:0s)
Total CPU time used: 71.264 sec (0h:1m:11s)
Total wall-clock time used: 30.316 sec (0h:0m:30s)

===> START JACKKNIFE REPLICATE NUMBER 50

Creating jackknife alignment (seed: 785776)...
Reading input tree file gl_output_rmq.fasta.raxml.bestTree ...

NOTE: 7 MB RAM (0 GB) is required!
Estimate model parameters (epsilon = 0.010)
1. Initial log-likelihood: -40797.422
2. Current log-likelihood: -40716.932
3. Current log-likelihood: -40716.636
Optimal log-likelihood: -40716.631
Rate parameters:  A-C: 1.00000  A-G: 2.13627  A-T: 1.00000  C-G: 1.00000  C-T: 2.13627  G-T: 1.00000
Base frequencies:  A: 0.287  C: 0.209  G: 0.227  T: 0.277
Parameters optimization took 3 rounds (0.111 sec)
Wrote distance file to... 
BEST SCORE FOUND : -40716.631
Total tree length: 0.020

Total number of iterations: 0
CPU time used for tree search: 0.000 sec (0h:0m:0s)
Wall-clock time used for tree search: 0.000 sec (0h:0m:0s)
Total CPU time used: 71.718 sec (0h:1m:11s)
Total wall-clock time used: 30.478 sec (0h:0m:30s)

===> START JACKKNIFE REPLICATE NUMBER 51

Creating jackknife alignment (seed: 785777)...
Reading input tree file gl_output_rmq.fasta.raxml.bestTree ...

NOTE: 7 MB RAM (0 GB) is required!
Estimate model parameters (epsilon = 0.010)
1. Initial log-likelihood: -40954.765
2. Current log-likelihood: -40869.483
3. Current log-likelihood: -40868.712
Optimal log-likelihood: -40868.711
Rate parameters:  A-C: 1.00000  A-G: 2.25046  A-T: 1.00000  C-G: 1.00000  C-T: 2.25046  G-T: 1.00000
Base frequencies:  A: 0.285  C: 0.208  G: 0.222  T: 0.284
Parameters optimization took 3 rounds (0.111 sec)
Wrote distance file to... 
BEST SCORE FOUND : -40868.711
Total tree length: 0.022

Total number of iterations: 0
CPU time used for tree search: 0.000 sec (0h:0m:0s)
Wall-clock time used for tree search: 0.000 sec (0h:0m:0s)
Total CPU time used: 72.180 sec (0h:1m:12s)
Total wall-clock time used: 30.643 sec (0h:0m:30s)

===> START JACKKNIFE REPLICATE NUMBER 52

Creating jackknife alignment (seed: 785778)...
Reading input tree file gl_output_rmq.fasta.raxml.bestTree ...

NOTE: 8 MB RAM (0 GB) is required!
Estimate model parameters (epsilon = 0.010)
1. Initial log-likelihood: -40875.384
2. Current log-likelihood: -40805.429
3. Current log-likelihood: -40790.749
4. Current log-likelihood: -40748.362
5. Current log-likelihood: -40748.341
Optimal log-likelihood: -40748.332
Rate parameters:  A-C: 1.00000  A-G: 3.05265  A-T: 1.00000  C-G: 1.00000  C-T: 3.05265  G-T: 1.00000
Base frequencies:  A: 0.280  C: 0.209  G: 0.231  T: 0.280
Parameters optimization took 5 rounds (0.168 sec)
Wrote distance file to... 
BEST SCORE FOUND : -40748.332
Total tree length: 0.021

Total number of iterations: 0
CPU time used for tree search: 0.000 sec (0h:0m:0s)
Wall-clock time used for tree search: 0.000 sec (0h:0m:0s)
Total CPU time used: 72.800 sec (0h:1m:12s)
Total wall-clock time used: 30.862 sec (0h:0m:30s)

===> START JACKKNIFE REPLICATE NUMBER 53

Creating jackknife alignment (seed: 785779)...
Reading input tree file gl_output_rmq.fasta.raxml.bestTree ...

NOTE: 7 MB RAM (0 GB) is required!
Estimate model parameters (epsilon = 0.010)
1. Initial log-likelihood: -41013.992
2. Current log-likelihood: -40927.674
3. Current log-likelihood: -40927.566
Optimal log-likelihood: -40927.566
Rate parameters:  A-C: 1.00000  A-G: 2.41150  A-T: 1.00000  C-G: 1.00000  C-T: 2.41150  G-T: 1.00000
Base frequencies:  A: 0.283  C: 0.208  G: 0.228  T: 0.281
Parameters optimization took 3 rounds (0.102 sec)
Wrote distance file to... 
BEST SCORE FOUND : -40927.566
Total tree length: 0.021

Total number of iterations: 0
CPU time used for tree search: 0.000 sec (0h:0m:0s)
Wall-clock time used for tree search: 0.000 sec (0h:0m:0s)
Total CPU time used: 73.229 sec (0h:1m:13s)
Total wall-clock time used: 31.016 sec (0h:0m:31s)

===> START JACKKNIFE REPLICATE NUMBER 54

Creating jackknife alignment (seed: 785780)...
Reading input tree file gl_output_rmq.fasta.raxml.bestTree ...

NOTE: 8 MB RAM (0 GB) is required!
Estimate model parameters (epsilon = 0.010)
1. Initial log-likelihood: -41214.697
2. Current log-likelihood: -41127.342
3. Current log-likelihood: -41127.317
Optimal log-likelihood: -41127.317
Rate parameters:  A-C: 1.00000  A-G: 2.49248  A-T: 1.00000  C-G: 1.00000  C-T: 2.49248  G-T: 1.00000
Base frequencies:  A: 0.283  C: 0.213  G: 0.229  T: 0.275
Parameters optimization took 3 rounds (0.094 sec)
Wrote distance file to... 
BEST SCORE FOUND : -41127.317
Total tree length: 0.022

Total number of iterations: 0
CPU time used for tree search: 0.000 sec (0h:0m:0s)
Wall-clock time used for tree search: 0.000 sec (0h:0m:0s)
Total CPU time used: 73.641 sec (0h:1m:13s)
Total wall-clock time used: 31.166 sec (0h:0m:31s)

===> START JACKKNIFE REPLICATE NUMBER 55

Creating jackknife alignment (seed: 785781)...
Reading input tree file gl_output_rmq.fasta.raxml.bestTree ...

NOTE: 8 MB RAM (0 GB) is required!
Estimate model parameters (epsilon = 0.010)
1. Initial log-likelihood: -41546.146
2. Current log-likelihood: -41459.811
3. Current log-likelihood: -41459.567
Optimal log-likelihood: -41459.560
Rate parameters:  A-C: 1.00000  A-G: 2.36005  A-T: 1.00000  C-G: 1.00000  C-T: 2.36005  G-T: 1.00000
Base frequencies:  A: 0.281  C: 0.209  G: 0.228  T: 0.281
Parameters optimization took 3 rounds (0.103 sec)
Wrote distance file to... 
BEST SCORE FOUND : -41459.560
Total tree length: 0.024

Total number of iterations: 0
CPU time used for tree search: 0.002 sec (0h:0m:0s)
Wall-clock time used for tree search: 0.000 sec (0h:0m:0s)
Total CPU time used: 74.072 sec (0h:1m:14s)
Total wall-clock time used: 31.326 sec (0h:0m:31s)

===> START JACKKNIFE REPLICATE NUMBER 56

Creating jackknife alignment (seed: 785782)...
Reading input tree file gl_output_rmq.fasta.raxml.bestTree ...

NOTE: 7 MB RAM (0 GB) is required!
Estimate model parameters (epsilon = 0.010)
1. Initial log-likelihood: -41064.808
2. Current log-likelihood: -40976.451
3. Current log-likelihood: -40976.427
Optimal log-likelihood: -40976.427
Rate parameters:  A-C: 1.00000  A-G: 2.43609  A-T: 1.00000  C-G: 1.00000  C-T: 2.43609  G-T: 1.00000
Base frequencies:  A: 0.280  C: 0.210  G: 0.229  T: 0.280
Parameters optimization took 3 rounds (0.086 sec)
Wrote distance file to... 
BEST SCORE FOUND : -40976.427
Total tree length: 0.021

Total number of iterations: 0
CPU time used for tree search: 0.000 sec (0h:0m:0s)
Wall-clock time used for tree search: 0.000 sec (0h:0m:0s)
Total CPU time used: 74.454 sec (0h:1m:14s)
Total wall-clock time used: 31.465 sec (0h:0m:31s)

===> START JACKKNIFE REPLICATE NUMBER 57

Creating jackknife alignment (seed: 785783)...
Reading input tree file gl_output_rmq.fasta.raxml.bestTree ...

NOTE: 7 MB RAM (0 GB) is required!
Estimate model parameters (epsilon = 0.010)
1. Initial log-likelihood: -41076.835
2. Current log-likelihood: -40992.177
3. Current log-likelihood: -40991.987
Optimal log-likelihood: -40991.987
Rate parameters:  A-C: 1.00000  A-G: 2.45596  A-T: 1.00000  C-G: 1.00000  C-T: 2.45596  G-T: 1.00000
Base frequencies:  A: 0.284  C: 0.211  G: 0.226  T: 0.279
Parameters optimization took 3 rounds (0.101 sec)
Wrote distance file to... 
BEST SCORE FOUND : -40991.987
Total tree length: 0.022

Total number of iterations: 0
CPU time used for tree search: 0.000 sec (0h:0m:0s)
Wall-clock time used for tree search: 0.000 sec (0h:0m:0s)
Total CPU time used: 74.876 sec (0h:1m:14s)
Total wall-clock time used: 31.619 sec (0h:0m:31s)

===> START JACKKNIFE REPLICATE NUMBER 58

Creating jackknife alignment (seed: 785784)...
Reading input tree file gl_output_rmq.fasta.raxml.bestTree ...

NOTE: 8 MB RAM (0 GB) is required!
Estimate model parameters (epsilon = 0.010)
1. Initial log-likelihood: -41029.959
2. Current log-likelihood: -40918.784
3. Current log-likelihood: -40918.757
Optimal log-likelihood: -40918.756
Rate parameters:  A-C: 1.00000  A-G: 2.79240  A-T: 1.00000  C-G: 1.00000  C-T: 2.79240  G-T: 1.00000
Base frequencies:  A: 0.281  C: 0.208  G: 0.228  T: 0.283
Parameters optimization took 3 rounds (0.112 sec)
Wrote distance file to... 
BEST SCORE FOUND : -40918.756
Total tree length: 0.022

Total number of iterations: 0
CPU time used for tree search: 0.000 sec (0h:0m:0s)
Wall-clock time used for tree search: 0.000 sec (0h:0m:0s)
Total CPU time used: 75.332 sec (0h:1m:15s)
Total wall-clock time used: 31.782 sec (0h:0m:31s)

===> START JACKKNIFE REPLICATE NUMBER 59

Creating jackknife alignment (seed: 785785)...
Reading input tree file gl_output_rmq.fasta.raxml.bestTree ...

NOTE: 7 MB RAM (0 GB) is required!
Estimate model parameters (epsilon = 0.010)
1. Initial log-likelihood: -41176.582
2. Current log-likelihood: -41088.718
3. Current log-likelihood: -41088.594
Optimal log-likelihood: -41088.593
Rate parameters:  A-C: 1.00000  A-G: 2.31881  A-T: 1.00000  C-G: 1.00000  C-T: 2.31881  G-T: 1.00000
Base frequencies:  A: 0.283  C: 0.208  G: 0.227  T: 0.281
Parameters optimization took 3 rounds (0.104 sec)
Wrote distance file to... 
BEST SCORE FOUND : -41088.593
Total tree length: 0.022

Total number of iterations: 0
CPU time used for tree search: 0.000 sec (0h:0m:0s)
Wall-clock time used for tree search: 0.000 sec (0h:0m:0s)
Total CPU time used: 75.760 sec (0h:1m:15s)
Total wall-clock time used: 31.937 sec (0h:0m:31s)

===> START JACKKNIFE REPLICATE NUMBER 60

Creating jackknife alignment (seed: 785786)...
Reading input tree file gl_output_rmq.fasta.raxml.bestTree ...

NOTE: 8 MB RAM (0 GB) is required!
Estimate model parameters (epsilon = 0.010)
1. Initial log-likelihood: -40989.854
2. Current log-likelihood: -40902.048
3. Current log-likelihood: -40902.014
Optimal log-likelihood: -40902.014
Rate parameters:  A-C: 1.00000  A-G: 2.38837  A-T: 1.00000  C-G: 1.00000  C-T: 2.38837  G-T: 1.00000
Base frequencies:  A: 0.284  C: 0.209  G: 0.228  T: 0.279
Parameters optimization took 3 rounds (0.121 sec)
Wrote distance file to... 
BEST SCORE FOUND : -40902.014
Total tree length: 0.022

Total number of iterations: 0
CPU time used for tree search: 0.000 sec (0h:0m:0s)
Wall-clock time used for tree search: 0.000 sec (0h:0m:0s)
Total CPU time used: 76.252 sec (0h:1m:16s)
Total wall-clock time used: 32.116 sec (0h:0m:32s)

===> START JACKKNIFE REPLICATE NUMBER 61

Creating jackknife alignment (seed: 785787)...
Reading input tree file gl_output_rmq.fasta.raxml.bestTree ...

NOTE: 8 MB RAM (0 GB) is required!
Estimate model parameters (epsilon = 0.010)
1. Initial log-likelihood: -41147.175
2. Current log-likelihood: -41049.408
3. Current log-likelihood: -41049.347
Optimal log-likelihood: -41049.347
Rate parameters:  A-C: 1.00000  A-G: 2.84695  A-T: 1.00000  C-G: 1.00000  C-T: 2.84695  G-T: 1.00000
Base frequencies:  A: 0.282  C: 0.210  G: 0.227  T: 0.281
Parameters optimization took 3 rounds (0.107 sec)
Wrote distance file to... 
BEST SCORE FOUND : -41049.347
Total tree length: 0.022

Total number of iterations: 0
CPU time used for tree search: 0.000 sec (0h:0m:0s)
Wall-clock time used for tree search: 0.000 sec (0h:0m:0s)
Total CPU time used: 76.695 sec (0h:1m:16s)
Total wall-clock time used: 32.278 sec (0h:0m:32s)

===> START JACKKNIFE REPLICATE NUMBER 62

Creating jackknife alignment (seed: 785788)...
Reading input tree file gl_output_rmq.fasta.raxml.bestTree ...

NOTE: 7 MB RAM (0 GB) is required!
Estimate model parameters (epsilon = 0.010)
1. Initial log-likelihood: -40870.720
2. Current log-likelihood: -40791.815
3. Current log-likelihood: -40791.656
Optimal log-likelihood: -40791.656
Rate parameters:  A-C: 1.00000  A-G: 2.36479  A-T: 1.00000  C-G: 1.00000  C-T: 2.36479  G-T: 1.00000
Base frequencies:  A: 0.284  C: 0.210  G: 0.227  T: 0.280
Parameters optimization took 3 rounds (0.111 sec)
Wrote distance file to... 
BEST SCORE FOUND : -40791.656
Total tree length: 0.021

Total number of iterations: 0
CPU time used for tree search: 0.000 sec (0h:0m:0s)
Wall-clock time used for tree search: 0.000 sec (0h:0m:0s)
Total CPU time used: 77.140 sec (0h:1m:17s)
Total wall-clock time used: 32.438 sec (0h:0m:32s)

===> START JACKKNIFE REPLICATE NUMBER 63

Creating jackknife alignment (seed: 785789)...
Reading input tree file gl_output_rmq.fasta.raxml.bestTree ...

NOTE: 7 MB RAM (0 GB) is required!
Estimate model parameters (epsilon = 0.010)
1. Initial log-likelihood: -40881.689
2. Current log-likelihood: -40800.522
3. Current log-likelihood: -40800.353
Optimal log-likelihood: -40800.353
Rate parameters:  A-C: 1.00000  A-G: 2.24243  A-T: 1.00000  C-G: 1.00000  C-T: 2.24243  G-T: 1.00000
Base frequencies:  A: 0.282  C: 0.211  G: 0.225  T: 0.281
Parameters optimization took 3 rounds (0.103 sec)
Wrote distance file to... 
BEST SCORE FOUND : -40800.353
Total tree length: 0.021

Total number of iterations: 0
CPU time used for tree search: 0.000 sec (0h:0m:0s)
Wall-clock time used for tree search: 0.000 sec (0h:0m:0s)
Total CPU time used: 77.568 sec (0h:1m:17s)
Total wall-clock time used: 32.592 sec (0h:0m:32s)

===> START JACKKNIFE REPLICATE NUMBER 64

Creating jackknife alignment (seed: 785790)...
Reading input tree file gl_output_rmq.fasta.raxml.bestTree ...

NOTE: 7 MB RAM (0 GB) is required!
Estimate model parameters (epsilon = 0.010)
1. Initial log-likelihood: -40891.068
2. Current log-likelihood: -40805.296
3. Current log-likelihood: -40805.208
Optimal log-likelihood: -40805.207
Rate parameters:  A-C: 1.00000  A-G: 2.31188  A-T: 1.00000  C-G: 1.00000  C-T: 2.31188  G-T: 1.00000
Base frequencies:  A: 0.283  C: 0.211  G: 0.224  T: 0.282
Parameters optimization took 3 rounds (0.113 sec)
Wrote distance file to... 
BEST SCORE FOUND : -40805.207
Total tree length: 0.021

Total number of iterations: 0
CPU time used for tree search: 0.000 sec (0h:0m:0s)
Wall-clock time used for tree search: 0.000 sec (0h:0m:0s)
Total CPU time used: 78.038 sec (0h:1m:18s)
Total wall-clock time used: 32.758 sec (0h:0m:32s)

===> START JACKKNIFE REPLICATE NUMBER 65

Creating jackknife alignment (seed: 785791)...
Reading input tree file gl_output_rmq.fasta.raxml.bestTree ...

NOTE: 7 MB RAM (0 GB) is required!
Estimate model parameters (epsilon = 0.010)
1. Initial log-likelihood: -40773.405
2. Current log-likelihood: -40677.104
3. Current log-likelihood: -40676.115
4. Current log-likelihood: -40676.089
Optimal log-likelihood: -40676.076
Rate parameters:  A-C: 1.00000  A-G: 2.42467  A-T: 1.00000  C-G: 1.00000  C-T: 2.42467  G-T: 1.00000
Base frequencies:  A: 0.280  C: 0.211  G: 0.225  T: 0.284
Parameters optimization took 4 rounds (0.138 sec)
Wrote distance file to... 
BEST SCORE FOUND : -40676.076
Total tree length: 0.020

Total number of iterations: 0
CPU time used for tree search: 0.000 sec (0h:0m:0s)
Wall-clock time used for tree search: 0.000 sec (0h:0m:0s)
Total CPU time used: 78.579 sec (0h:1m:18s)
Total wall-clock time used: 32.950 sec (0h:0m:32s)

===> START JACKKNIFE REPLICATE NUMBER 66

Creating jackknife alignment (seed: 785792)...
Reading input tree file gl_output_rmq.fasta.raxml.bestTree ...

NOTE: 8 MB RAM (0 GB) is required!
Estimate model parameters (epsilon = 0.010)
1. Initial log-likelihood: -41193.598
2. Current log-likelihood: -41113.991
3. Current log-likelihood: -41113.971
Optimal log-likelihood: -41113.971
Rate parameters:  A-C: 1.00000  A-G: 2.18952  A-T: 1.00000  C-G: 1.00000  C-T: 2.18952  G-T: 1.00000
Base frequencies:  A: 0.283  C: 0.213  G: 0.228  T: 0.276
Parameters optimization took 3 rounds (0.108 sec)
Wrote distance file to... 
BEST SCORE FOUND : -41113.971
Total tree length: 0.022

Total number of iterations: 0
CPU time used for tree search: 0.000 sec (0h:0m:0s)
Wall-clock time used for tree search: 0.000 sec (0h:0m:0s)
Total CPU time used: 79.028 sec (0h:1m:19s)
Total wall-clock time used: 33.111 sec (0h:0m:33s)

===> START JACKKNIFE REPLICATE NUMBER 67

Creating jackknife alignment (seed: 785793)...
Reading input tree file gl_output_rmq.fasta.raxml.bestTree ...

NOTE: 7 MB RAM (0 GB) is required!
Estimate model parameters (epsilon = 0.010)
1. Initial log-likelihood: -40983.263
2. Current log-likelihood: -40893.198
3. Current log-likelihood: -40893.163
Optimal log-likelihood: -40893.160
Rate parameters:  A-C: 1.00000  A-G: 2.64079  A-T: 1.00000  C-G: 1.00000  C-T: 2.64079  G-T: 1.00000
Base frequencies:  A: 0.280  C: 0.211  G: 0.230  T: 0.278
Parameters optimization took 3 rounds (0.106 sec)
Wrote distance file to... 
BEST SCORE FOUND : -40893.160
Total tree length: 0.021

Total number of iterations: 0
CPU time used for tree search: 0.000 sec (0h:0m:0s)
Wall-clock time used for tree search: 0.000 sec (0h:0m:0s)
Total CPU time used: 79.474 sec (0h:1m:19s)
Total wall-clock time used: 33.273 sec (0h:0m:33s)

===> START JACKKNIFE REPLICATE NUMBER 68

Creating jackknife alignment (seed: 785794)...
Reading input tree file gl_output_rmq.fasta.raxml.bestTree ...

NOTE: 8 MB RAM (0 GB) is required!
Estimate model parameters (epsilon = 0.010)
1. Initial log-likelihood: -41494.655
2. Current log-likelihood: -41418.563
3. Current log-likelihood: -41418.425
Optimal log-likelihood: -41418.425
Rate parameters:  A-C: 1.00000  A-G: 2.17539  A-T: 1.00000  C-G: 1.00000  C-T: 2.17539  G-T: 1.00000
Base frequencies:  A: 0.285  C: 0.212  G: 0.225  T: 0.278
Parameters optimization took 3 rounds (0.108 sec)
Wrote distance file to... 
BEST SCORE FOUND : -41418.425
Total tree length: 0.024

Total number of iterations: 0
CPU time used for tree search: 0.000 sec (0h:0m:0s)
Wall-clock time used for tree search: 0.000 sec (0h:0m:0s)
Total CPU time used: 79.928 sec (0h:1m:19s)
Total wall-clock time used: 33.437 sec (0h:0m:33s)

===> START JACKKNIFE REPLICATE NUMBER 69

Creating jackknife alignment (seed: 785795)...
Reading input tree file gl_output_rmq.fasta.raxml.bestTree ...

NOTE: 7 MB RAM (0 GB) is required!
Estimate model parameters (epsilon = 0.010)
1. Initial log-likelihood: -41105.092
2. Current log-likelihood: -41012.744
3. Current log-likelihood: -41012.587
Optimal log-likelihood: -41012.584
Rate parameters:  A-C: 1.00000  A-G: 2.61709  A-T: 1.00000  C-G: 1.00000  C-T: 2.61709  G-T: 1.00000
Base frequencies:  A: 0.285  C: 0.212  G: 0.225  T: 0.278
Parameters optimization took 3 rounds (0.100 sec)
Wrote distance file to... 
BEST SCORE FOUND : -41012.584
Total tree length: 0.022

Total number of iterations: 0
CPU time used for tree search: 0.000 sec (0h:0m:0s)
Wall-clock time used for tree search: 0.000 sec (0h:0m:0s)
Total CPU time used: 80.366 sec (0h:1m:20s)
Total wall-clock time used: 33.596 sec (0h:0m:33s)

===> START JACKKNIFE REPLICATE NUMBER 70

Creating jackknife alignment (seed: 785796)...
Reading input tree file gl_output_rmq.fasta.raxml.bestTree ...

NOTE: 7 MB RAM (0 GB) is required!
Estimate model parameters (epsilon = 0.010)
1. Initial log-likelihood: -41258.105
2. Current log-likelihood: -41160.673
3. Current log-likelihood: -41160.656
Optimal log-likelihood: -41160.653
Rate parameters:  A-C: 1.00000  A-G: 2.64216  A-T: 1.00000  C-G: 1.00000  C-T: 2.64216  G-T: 1.00000
Base frequencies:  A: 0.280  C: 0.214  G: 0.227  T: 0.280
Parameters optimization took 3 rounds (0.081 sec)
Wrote distance file to... 
BEST SCORE FOUND : -41160.653
Total tree length: 0.022

Total number of iterations: 0
CPU time used for tree search: 0.000 sec (0h:0m:0s)
Wall-clock time used for tree search: 0.000 sec (0h:0m:0s)
Total CPU time used: 80.739 sec (0h:1m:20s)
Total wall-clock time used: 33.730 sec (0h:0m:33s)

===> START JACKKNIFE REPLICATE NUMBER 71

Creating jackknife alignment (seed: 785797)...
Reading input tree file gl_output_rmq.fasta.raxml.bestTree ...

NOTE: 8 MB RAM (0 GB) is required!
Estimate model parameters (epsilon = 0.010)
1. Initial log-likelihood: -41105.063
2. Current log-likelihood: -41037.648
3. Current log-likelihood: -41037.545
Optimal log-likelihood: -41037.545
Rate parameters:  A-C: 1.00000  A-G: 2.03780  A-T: 1.00000  C-G: 1.00000  C-T: 2.03780  G-T: 1.00000
Base frequencies:  A: 0.281  C: 0.211  G: 0.228  T: 0.280
Parameters optimization took 3 rounds (0.113 sec)
Wrote distance file to... 
BEST SCORE FOUND : -41037.545
Total tree length: 0.022

Total number of iterations: 0
CPU time used for tree search: 0.000 sec (0h:0m:0s)
Wall-clock time used for tree search: 0.000 sec (0h:0m:0s)
Total CPU time used: 81.201 sec (0h:1m:21s)
Total wall-clock time used: 33.897 sec (0h:0m:33s)

===> START JACKKNIFE REPLICATE NUMBER 72

Creating jackknife alignment (seed: 785798)...
Reading input tree file gl_output_rmq.fasta.raxml.bestTree ...

NOTE: 7 MB RAM (0 GB) is required!
Estimate model parameters (epsilon = 0.010)
1. Initial log-likelihood: -40922.431
2. Current log-likelihood: -40816.148
3. Current log-likelihood: -40816.119
Optimal log-likelihood: -40816.118
Rate parameters:  A-C: 1.00000  A-G: 2.81416  A-T: 1.00000  C-G: 1.00000  C-T: 2.81416  G-T: 1.00000
Base frequencies:  A: 0.285  C: 0.209  G: 0.225  T: 0.282
Parameters optimization took 3 rounds (0.094 sec)
Wrote distance file to... 
BEST SCORE FOUND : -40816.118
Total tree length: 0.021

Total number of iterations: 0
CPU time used for tree search: 0.000 sec (0h:0m:0s)
Wall-clock time used for tree search: 0.000 sec (0h:0m:0s)
Total CPU time used: 81.605 sec (0h:1m:21s)
Total wall-clock time used: 34.043 sec (0h:0m:34s)

===> START JACKKNIFE REPLICATE NUMBER 73

Creating jackknife alignment (seed: 785799)...
Reading input tree file gl_output_rmq.fasta.raxml.bestTree ...

NOTE: 8 MB RAM (0 GB) is required!
Estimate model parameters (epsilon = 0.010)
1. Initial log-likelihood: -41147.047
2. Current log-likelihood: -41060.511
3. Current log-likelihood: -41060.476
Optimal log-likelihood: -41060.476
Rate parameters:  A-C: 1.00000  A-G: 2.35711  A-T: 1.00000  C-G: 1.00000  C-T: 2.35711  G-T: 1.00000
Base frequencies:  A: 0.285  C: 0.207  G: 0.230  T: 0.279
Parameters optimization took 3 rounds (0.092 sec)
Wrote distance file to... 
BEST SCORE FOUND : -41060.476
Total tree length: 0.022

Total number of iterations: 0
CPU time used for tree search: 0.000 sec (0h:0m:0s)
Wall-clock time used for tree search: 0.000 sec (0h:0m:0s)
Total CPU time used: 82.003 sec (0h:1m:22s)
Total wall-clock time used: 34.185 sec (0h:0m:34s)

===> START JACKKNIFE REPLICATE NUMBER 74

Creating jackknife alignment (seed: 785800)...
Reading input tree file gl_output_rmq.fasta.raxml.bestTree ...

NOTE: 7 MB RAM (0 GB) is required!
Estimate model parameters (epsilon = 0.010)
1. Initial log-likelihood: -41036.493
2. Current log-likelihood: -40966.602
3. Current log-likelihood: -40966.382
Optimal log-likelihood: -40966.382
Rate parameters:  A-C: 1.00000  A-G: 2.09337  A-T: 1.00000  C-G: 1.00000  C-T: 2.09337  G-T: 1.00000
Base frequencies:  A: 0.279  C: 0.213  G: 0.228  T: 0.280
Parameters optimization took 3 rounds (0.109 sec)
Wrote distance file to... 
BEST SCORE FOUND : -40966.382
Total tree length: 0.021

Total number of iterations: 0
CPU time used for tree search: 0.000 sec (0h:0m:0s)
Wall-clock time used for tree search: 0.000 sec (0h:0m:0s)
Total CPU time used: 82.457 sec (0h:1m:22s)
Total wall-clock time used: 34.349 sec (0h:0m:34s)

===> START JACKKNIFE REPLICATE NUMBER 75

Creating jackknife alignment (seed: 785801)...
Reading input tree file gl_output_rmq.fasta.raxml.bestTree ...

NOTE: 7 MB RAM (0 GB) is required!
Estimate model parameters (epsilon = 0.010)
1. Initial log-likelihood: -40712.697
2. Current log-likelihood: -40611.916
3. Current log-likelihood: -40611.142
Optimal log-likelihood: -40611.142
Rate parameters:  A-C: 1.00000  A-G: 2.78222  A-T: 1.00000  C-G: 1.00000  C-T: 2.78222  G-T: 1.00000
Base frequencies:  A: 0.281  C: 0.214  G: 0.225  T: 0.280
Parameters optimization took 3 rounds (0.107 sec)
Wrote distance file to... 
BEST SCORE FOUND : -40611.142
Total tree length: 0.020

Total number of iterations: 0
CPU time used for tree search: 0.000 sec (0h:0m:0s)
Wall-clock time used for tree search: 0.000 sec (0h:0m:0s)
Total CPU time used: 82.893 sec (0h:1m:22s)
Total wall-clock time used: 34.506 sec (0h:0m:34s)

===> START JACKKNIFE REPLICATE NUMBER 76

Creating jackknife alignment (seed: 785802)...
Reading input tree file gl_output_rmq.fasta.raxml.bestTree ...

NOTE: 7 MB RAM (0 GB) is required!
Estimate model parameters (epsilon = 0.010)
1. Initial log-likelihood: -41252.856
2. Current log-likelihood: -41160.637
3. Current log-likelihood: -41160.545
4. Current log-likelihood: -41160.526
Optimal log-likelihood: -41160.526
Rate parameters:  A-C: 1.00000  A-G: 2.54231  A-T: 1.00000  C-G: 1.00000  C-T: 2.54231  G-T: 1.00000
Base frequencies:  A: 0.286  C: 0.210  G: 0.225  T: 0.279
Parameters optimization took 4 rounds (0.127 sec)
Wrote distance file to... 
BEST SCORE FOUND : -41160.526
Total tree length: 0.022

Total number of iterations: 0
CPU time used for tree search: 0.000 sec (0h:0m:0s)
Wall-clock time used for tree search: 0.000 sec (0h:0m:0s)
Total CPU time used: 83.396 sec (0h:1m:23s)
Total wall-clock time used: 34.686 sec (0h:0m:34s)

===> START JACKKNIFE REPLICATE NUMBER 77

Creating jackknife alignment (seed: 785803)...
Reading input tree file gl_output_rmq.fasta.raxml.bestTree ...

NOTE: 8 MB RAM (0 GB) is required!
Estimate model parameters (epsilon = 0.010)
1. Initial log-likelihood: -41059.512
2. Current log-likelihood: -40972.944
3. Current log-likelihood: -40972.897
4. Current log-likelihood: -40972.865
Optimal log-likelihood: -40972.855
Rate parameters:  A-C: 1.00000  A-G: 2.26336  A-T: 1.00000  C-G: 1.00000  C-T: 2.26336  G-T: 1.00000
Base frequencies:  A: 0.284  C: 0.210  G: 0.228  T: 0.278
Parameters optimization took 4 rounds (0.128 sec)
Wrote distance file to... 
BEST SCORE FOUND : -40972.855
Total tree length: 0.022

Total number of iterations: 0
CPU time used for tree search: 0.000 sec (0h:0m:0s)
Wall-clock time used for tree search: 0.000 sec (0h:0m:0s)
Total CPU time used: 83.921 sec (0h:1m:23s)
Total wall-clock time used: 34.872 sec (0h:0m:34s)

===> START JACKKNIFE REPLICATE NUMBER 78

Creating jackknife alignment (seed: 785804)...
Reading input tree file gl_output_rmq.fasta.raxml.bestTree ...

NOTE: 7 MB RAM (0 GB) is required!
Estimate model parameters (epsilon = 0.010)
1. Initial log-likelihood: -40715.573
2. Current log-likelihood: -40622.851
3. Current log-likelihood: -40622.819
Optimal log-likelihood: -40622.816
Rate parameters:  A-C: 1.00000  A-G: 2.54557  A-T: 1.00000  C-G: 1.00000  C-T: 2.54557  G-T: 1.00000
Base frequencies:  A: 0.282  C: 0.210  G: 0.228  T: 0.280
Parameters optimization took 3 rounds (0.095 sec)
Wrote distance file to... 
BEST SCORE FOUND : -40622.816
Total tree length: 0.020

Total number of iterations: 0
CPU time used for tree search: 0.000 sec (0h:0m:0s)
Wall-clock time used for tree search: 0.000 sec (0h:0m:0s)
Total CPU time used: 84.335 sec (0h:1m:24s)
Total wall-clock time used: 35.024 sec (0h:0m:35s)

===> START JACKKNIFE REPLICATE NUMBER 79

Creating jackknife alignment (seed: 785805)...
Reading input tree file gl_output_rmq.fasta.raxml.bestTree ...

NOTE: 7 MB RAM (0 GB) is required!
Estimate model parameters (epsilon = 0.010)
1. Initial log-likelihood: -40713.572
2. Current log-likelihood: -40639.599
3. Current log-likelihood: -40639.479
Optimal log-likelihood: -40639.479
Rate parameters:  A-C: 1.00000  A-G: 2.17432  A-T: 1.00000  C-G: 1.00000  C-T: 2.17432  G-T: 1.00000
Base frequencies:  A: 0.283  C: 0.209  G: 0.228  T: 0.280
Parameters optimization took 3 rounds (0.103 sec)
Wrote distance file to... 
BEST SCORE FOUND : -40639.479
Total tree length: 0.020

Total number of iterations: 0
CPU time used for tree search: 0.000 sec (0h:0m:0s)
Wall-clock time used for tree search: 0.000 sec (0h:0m:0s)
Total CPU time used: 84.767 sec (0h:1m:24s)
Total wall-clock time used: 35.178 sec (0h:0m:35s)

===> START JACKKNIFE REPLICATE NUMBER 80

Creating jackknife alignment (seed: 785806)...
Reading input tree file gl_output_rmq.fasta.raxml.bestTree ...

NOTE: 7 MB RAM (0 GB) is required!
Estimate model parameters (epsilon = 0.010)
1. Initial log-likelihood: -40989.088
2. Current log-likelihood: -40889.368
3. Current log-likelihood: -40889.279
Optimal log-likelihood: -40889.273
Rate parameters:  A-C: 1.00000  A-G: 2.61392  A-T: 1.00000  C-G: 1.00000  C-T: 2.61392  G-T: 1.00000
Base frequencies:  A: 0.283  C: 0.212  G: 0.227  T: 0.278
Parameters optimization took 3 rounds (0.102 sec)
Wrote distance file to... 
BEST SCORE FOUND : -40889.273
Total tree length: 0.021

Total number of iterations: 0
CPU time used for tree search: 0.000 sec (0h:0m:0s)
Wall-clock time used for tree search: 0.000 sec (0h:0m:0s)
Total CPU time used: 85.198 sec (0h:1m:25s)
Total wall-clock time used: 35.332 sec (0h:0m:35s)

===> START JACKKNIFE REPLICATE NUMBER 81

Creating jackknife alignment (seed: 785807)...
Reading input tree file gl_output_rmq.fasta.raxml.bestTree ...

NOTE: 7 MB RAM (0 GB) is required!
Estimate model parameters (epsilon = 0.010)
1. Initial log-likelihood: -40942.252
2. Current log-likelihood: -40854.036
3. Current log-likelihood: -40853.985
Optimal log-likelihood: -40853.980
Rate parameters:  A-C: 1.00000  A-G: 2.58901  A-T: 1.00000  C-G: 1.00000  C-T: 2.58901  G-T: 1.00000
Base frequencies:  A: 0.281  C: 0.213  G: 0.227  T: 0.279
Parameters optimization took 3 rounds (0.104 sec)
Wrote distance file to... 
BEST SCORE FOUND : -40853.980
Total tree length: 0.021

Total number of iterations: 0
CPU time used for tree search: 0.000 sec (0h:0m:0s)
Wall-clock time used for tree search: 0.000 sec (0h:0m:0s)
Total CPU time used: 85.633 sec (0h:1m:25s)
Total wall-clock time used: 35.490 sec (0h:0m:35s)

===> START JACKKNIFE REPLICATE NUMBER 82

Creating jackknife alignment (seed: 785808)...
Reading input tree file gl_output_rmq.fasta.raxml.bestTree ...

NOTE: 8 MB RAM (0 GB) is required!
Estimate model parameters (epsilon = 0.010)
1. Initial log-likelihood: -41160.251
2. Current log-likelihood: -41070.175
3. Current log-likelihood: -41070.138
Optimal log-likelihood: -41070.138
Rate parameters:  A-C: 1.00000  A-G: 2.32599  A-T: 1.00000  C-G: 1.00000  C-T: 2.32599  G-T: 1.00000
Base frequencies:  A: 0.280  C: 0.209  G: 0.232  T: 0.279
Parameters optimization took 3 rounds (0.098 sec)
Wrote distance file to... 
BEST SCORE FOUND : -41070.138
Total tree length: 0.022

Total number of iterations: 0
CPU time used for tree search: 0.000 sec (0h:0m:0s)
Wall-clock time used for tree search: 0.000 sec (0h:0m:0s)
Total CPU time used: 86.051 sec (0h:1m:26s)
Total wall-clock time used: 35.640 sec (0h:0m:35s)

===> START JACKKNIFE REPLICATE NUMBER 83

Creating jackknife alignment (seed: 785809)...
Reading input tree file gl_output_rmq.fasta.raxml.bestTree ...

NOTE: 7 MB RAM (0 GB) is required!
Estimate model parameters (epsilon = 0.010)
1. Initial log-likelihood: -41013.238
2. Current log-likelihood: -40910.681
3. Current log-likelihood: -40910.627
Optimal log-likelihood: -40910.623
Rate parameters:  A-C: 1.00000  A-G: 2.70262  A-T: 1.00000  C-G: 1.00000  C-T: 2.70262  G-T: 1.00000
Base frequencies:  A: 0.281  C: 0.210  G: 0.227  T: 0.281
Parameters optimization took 3 rounds (0.110 sec)
Wrote distance file to... 
BEST SCORE FOUND : -40910.623
Total tree length: 0.021

Total number of iterations: 0
CPU time used for tree search: 0.000 sec (0h:0m:0s)
Wall-clock time used for tree search: 0.000 sec (0h:0m:0s)
Total CPU time used: 86.514 sec (0h:1m:26s)
Total wall-clock time used: 35.807 sec (0h:0m:35s)

===> START JACKKNIFE REPLICATE NUMBER 84

Creating jackknife alignment (seed: 785810)...
Reading input tree file gl_output_rmq.fasta.raxml.bestTree ...

NOTE: 7 MB RAM (0 GB) is required!
Estimate model parameters (epsilon = 0.010)
1. Initial log-likelihood: -40673.844
2. Current log-likelihood: -40580.695
3. Current log-likelihood: -40580.682
Optimal log-likelihood: -40580.680
Rate parameters:  A-C: 1.00000  A-G: 2.49166  A-T: 1.00000  C-G: 1.00000  C-T: 2.49166  G-T: 1.00000
Base frequencies:  A: 0.285  C: 0.208  G: 0.228  T: 0.280
Parameters optimization took 3 rounds (0.106 sec)
Wrote distance file to... 
BEST SCORE FOUND : -40580.680
Total tree length: 0.020

Total number of iterations: 0
CPU time used for tree search: 0.000 sec (0h:0m:0s)
Wall-clock time used for tree search: 0.000 sec (0h:0m:0s)
Total CPU time used: 86.963 sec (0h:1m:26s)
Total wall-clock time used: 35.969 sec (0h:0m:35s)

===> START JACKKNIFE REPLICATE NUMBER 85

Creating jackknife alignment (seed: 785811)...
Reading input tree file gl_output_rmq.fasta.raxml.bestTree ...

NOTE: 7 MB RAM (0 GB) is required!
Estimate model parameters (epsilon = 0.010)
1. Initial log-likelihood: -40528.448
2. Current log-likelihood: -40448.357
3. Current log-likelihood: -40448.182
Optimal log-likelihood: -40448.182
Rate parameters:  A-C: 1.00000  A-G: 2.23658  A-T: 1.00000  C-G: 1.00000  C-T: 2.23658  G-T: 1.00000
Base frequencies:  A: 0.285  C: 0.208  G: 0.230  T: 0.277
Parameters optimization took 3 rounds (0.092 sec)
Wrote distance file to... 
BEST SCORE FOUND : -40448.182
Total tree length: 0.019

Total number of iterations: 0
CPU time used for tree search: 0.000 sec (0h:0m:0s)
Wall-clock time used for tree search: 0.000 sec (0h:0m:0s)
Total CPU time used: 87.377 sec (0h:1m:27s)
Total wall-clock time used: 36.121 sec (0h:0m:36s)

===> START JACKKNIFE REPLICATE NUMBER 86

Creating jackknife alignment (seed: 785812)...
Reading input tree file gl_output_rmq.fasta.raxml.bestTree ...

NOTE: 7 MB RAM (0 GB) is required!
Estimate model parameters (epsilon = 0.010)
1. Initial log-likelihood: -40818.927
2. Current log-likelihood: -40728.981
3. Current log-likelihood: -40728.780
4. Current log-likelihood: -40728.761
Optimal log-likelihood: -40728.761
Rate parameters:  A-C: 1.00000  A-G: 2.44567  A-T: 1.00000  C-G: 1.00000  C-T: 2.44567  G-T: 1.00000
Base frequencies:  A: 0.287  C: 0.210  G: 0.224  T: 0.279
Parameters optimization took 4 rounds (0.127 sec)
Wrote distance file to... 
BEST SCORE FOUND : -40728.761
Total tree length: 0.021

Total number of iterations: 0
CPU time used for tree search: 0.000 sec (0h:0m:0s)
Wall-clock time used for tree search: 0.000 sec (0h:0m:0s)
Total CPU time used: 87.895 sec (0h:1m:27s)
Total wall-clock time used: 36.306 sec (0h:0m:36s)

===> START JACKKNIFE REPLICATE NUMBER 87

Creating jackknife alignment (seed: 785813)...
Reading input tree file gl_output_rmq.fasta.raxml.bestTree ...

NOTE: 7 MB RAM (0 GB) is required!
Estimate model parameters (epsilon = 0.010)
1. Initial log-likelihood: -40915.925
2. Current log-likelihood: -40823.377
3. Current log-likelihood: -40823.303
Optimal log-likelihood: -40823.299
Rate parameters:  A-C: 1.00000  A-G: 2.58352  A-T: 1.00000  C-G: 1.00000  C-T: 2.58352  G-T: 1.00000
Base frequencies:  A: 0.282  C: 0.210  G: 0.227  T: 0.281
Parameters optimization took 3 rounds (0.093 sec)
Wrote distance file to... 
BEST SCORE FOUND : -40823.299
Total tree length: 0.021

Total number of iterations: 0
CPU time used for tree search: 0.000 sec (0h:0m:0s)
Wall-clock time used for tree search: 0.000 sec (0h:0m:0s)
Total CPU time used: 88.307 sec (0h:1m:28s)
Total wall-clock time used: 36.454 sec (0h:0m:36s)

===> START JACKKNIFE REPLICATE NUMBER 88

Creating jackknife alignment (seed: 785814)...
Reading input tree file gl_output_rmq.fasta.raxml.bestTree ...

NOTE: 7 MB RAM (0 GB) is required!
Estimate model parameters (epsilon = 0.010)
1. Initial log-likelihood: -40777.995
2. Current log-likelihood: -40685.961
3. Current log-likelihood: -40685.948
Optimal log-likelihood: -40685.948
Rate parameters:  A-C: 1.00000  A-G: 2.33456  A-T: 1.00000  C-G: 1.00000  C-T: 2.33456  G-T: 1.00000
Base frequencies:  A: 0.283  C: 0.211  G: 0.226  T: 0.280
Parameters optimization took 3 rounds (0.085 sec)
Wrote distance file to... 
BEST SCORE FOUND : -40685.948
Total tree length: 0.020

Total number of iterations: 0
CPU time used for tree search: 0.000 sec (0h:0m:0s)
Wall-clock time used for tree search: 0.000 sec (0h:0m:0s)
Total CPU time used: 88.697 sec (0h:1m:28s)
Total wall-clock time used: 36.596 sec (0h:0m:36s)

===> START JACKKNIFE REPLICATE NUMBER 89

Creating jackknife alignment (seed: 785815)...
Reading input tree file gl_output_rmq.fasta.raxml.bestTree ...

NOTE: 7 MB RAM (0 GB) is required!
Estimate model parameters (epsilon = 0.010)
1. Initial log-likelihood: -41085.832
2. Current log-likelihood: -41012.297
3. Current log-likelihood: -41012.136
Optimal log-likelihood: -41012.136
Rate parameters:  A-C: 1.00000  A-G: 2.22277  A-T: 1.00000  C-G: 1.00000  C-T: 2.22277  G-T: 1.00000
Base frequencies:  A: 0.284  C: 0.205  G: 0.229  T: 0.282
Parameters optimization took 3 rounds (0.106 sec)
Wrote distance file to... 
BEST SCORE FOUND : -41012.136
Total tree length: 0.022

Total number of iterations: 0
CPU time used for tree search: 0.000 sec (0h:0m:0s)
Wall-clock time used for tree search: 0.000 sec (0h:0m:0s)
Total CPU time used: 89.133 sec (0h:1m:29s)
Total wall-clock time used: 36.755 sec (0h:0m:36s)

===> START JACKKNIFE REPLICATE NUMBER 90

Creating jackknife alignment (seed: 785816)...
Reading input tree file gl_output_rmq.fasta.raxml.bestTree ...

NOTE: 7 MB RAM (0 GB) is required!
Estimate model parameters (epsilon = 0.010)
1. Initial log-likelihood: -40829.689
2. Current log-likelihood: -40750.533
3. Current log-likelihood: -40750.347
Optimal log-likelihood: -40750.338
Rate parameters:  A-C: 1.00000  A-G: 2.14572  A-T: 1.00000  C-G: 1.00000  C-T: 2.14572  G-T: 1.00000
Base frequencies:  A: 0.282  C: 0.210  G: 0.227  T: 0.281
Parameters optimization took 3 rounds (0.096 sec)
Wrote distance file to... 
BEST SCORE FOUND : -40750.338
Total tree length: 0.020

Total number of iterations: 0
CPU time used for tree search: 0.000 sec (0h:0m:0s)
Wall-clock time used for tree search: 0.000 sec (0h:0m:0s)
Total CPU time used: 89.556 sec (0h:1m:29s)
Total wall-clock time used: 36.909 sec (0h:0m:36s)

===> START JACKKNIFE REPLICATE NUMBER 91

Creating jackknife alignment (seed: 785817)...
Reading input tree file gl_output_rmq.fasta.raxml.bestTree ...

NOTE: 8 MB RAM (0 GB) is required!
Estimate model parameters (epsilon = 0.010)
1. Initial log-likelihood: -41359.102
2. Current log-likelihood: -41247.648
3. Current log-likelihood: -41247.318
Optimal log-likelihood: -41247.318
Rate parameters:  A-C: 1.00000  A-G: 2.90508  A-T: 1.00000  C-G: 1.00000  C-T: 2.90508  G-T: 1.00000
Base frequencies:  A: 0.284  C: 0.209  G: 0.230  T: 0.277
Parameters optimization took 3 rounds (0.107 sec)
Wrote distance file to... 
BEST SCORE FOUND : -41247.318
Total tree length: 0.023

Total number of iterations: 0
CPU time used for tree search: 0.000 sec (0h:0m:0s)
Wall-clock time used for tree search: 0.000 sec (0h:0m:0s)
Total CPU time used: 90.000 sec (0h:1m:29s)
Total wall-clock time used: 37.068 sec (0h:0m:37s)

===> START JACKKNIFE REPLICATE NUMBER 92

Creating jackknife alignment (seed: 785818)...
Reading input tree file gl_output_rmq.fasta.raxml.bestTree ...

NOTE: 8 MB RAM (0 GB) is required!
Estimate model parameters (epsilon = 0.010)
1. Initial log-likelihood: -41286.678
2. Current log-likelihood: -41183.102
3. Current log-likelihood: -41182.926
4. Current log-likelihood: -41182.860
5. Current log-likelihood: -41182.833
Optimal log-likelihood: -41182.831
Rate parameters:  A-C: 1.00000  A-G: 2.76491  A-T: 1.00000  C-G: 1.00000  C-T: 2.76491  G-T: 1.00000
Base frequencies:  A: 0.285  C: 0.208  G: 0.227  T: 0.279
Parameters optimization took 5 rounds (0.162 sec)
Wrote distance file to... 
BEST SCORE FOUND : -41182.831
Total tree length: 0.023

Total number of iterations: 0
CPU time used for tree search: 0.000 sec (0h:0m:0s)
Wall-clock time used for tree search: 0.000 sec (0h:0m:0s)
Total CPU time used: 90.611 sec (0h:1m:30s)
Total wall-clock time used: 37.286 sec (0h:0m:37s)

===> START JACKKNIFE REPLICATE NUMBER 93

Creating jackknife alignment (seed: 785819)...
Reading input tree file gl_output_rmq.fasta.raxml.bestTree ...

NOTE: 7 MB RAM (0 GB) is required!
Estimate model parameters (epsilon = 0.010)
1. Initial log-likelihood: -40856.302
2. Current log-likelihood: -40772.099
3. Current log-likelihood: -40772.032
Optimal log-likelihood: -40772.028
Rate parameters:  A-C: 1.00000  A-G: 2.36686  A-T: 1.00000  C-G: 1.00000  C-T: 2.36686  G-T: 1.00000
Base frequencies:  A: 0.282  C: 0.212  G: 0.223  T: 0.283
Parameters optimization took 3 rounds (0.085 sec)
Wrote distance file to... 
BEST SCORE FOUND : -40772.028
Total tree length: 0.021

Total number of iterations: 0
CPU time used for tree search: 0.000 sec (0h:0m:0s)
Wall-clock time used for tree search: 0.000 sec (0h:0m:0s)
Total CPU time used: 91.012 sec (0h:1m:31s)
Total wall-clock time used: 37.433 sec (0h:0m:37s)

===> START JACKKNIFE REPLICATE NUMBER 94

Creating jackknife alignment (seed: 785820)...
Reading input tree file gl_output_rmq.fasta.raxml.bestTree ...

NOTE: 7 MB RAM (0 GB) is required!
Estimate model parameters (epsilon = 0.010)
1. Initial log-likelihood: -40903.827
2. Current log-likelihood: -40834.911
3. Current log-likelihood: -40822.251
4. Current log-likelihood: -40782.020
5. Current log-likelihood: -40781.995
Optimal log-likelihood: -40781.994
Rate parameters:  A-C: 1.00000  A-G: 3.22559  A-T: 1.00000  C-G: 1.00000  C-T: 3.22559  G-T: 1.00000
Base frequencies:  A: 0.282  C: 0.210  G: 0.227  T: 0.281
Parameters optimization took 5 rounds (0.152 sec)
Wrote distance file to... 
BEST SCORE FOUND : -40781.994
Total tree length: 0.021

Total number of iterations: 0
CPU time used for tree search: 0.000 sec (0h:0m:0s)
Wall-clock time used for tree search: 0.000 sec (0h:0m:0s)
Total CPU time used: 91.605 sec (0h:1m:31s)
Total wall-clock time used: 37.643 sec (0h:0m:37s)

===> START JACKKNIFE REPLICATE NUMBER 95

Creating jackknife alignment (seed: 785821)...
Reading input tree file gl_output_rmq.fasta.raxml.bestTree ...

NOTE: 7 MB RAM (0 GB) is required!
Estimate model parameters (epsilon = 0.010)
1. Initial log-likelihood: -40886.213
2. Current log-likelihood: -40804.388
3. Current log-likelihood: -40804.170
Optimal log-likelihood: -40804.170
Rate parameters:  A-C: 1.00000  A-G: 2.42445  A-T: 1.00000  C-G: 1.00000  C-T: 2.42445  G-T: 1.00000
Base frequencies:  A: 0.280  C: 0.213  G: 0.227  T: 0.280
Parameters optimization took 3 rounds (0.110 sec)
Wrote distance file to... 
BEST SCORE FOUND : -40804.170
Total tree length: 0.021

Total number of iterations: 0
CPU time used for tree search: 0.000 sec (0h:0m:0s)
Wall-clock time used for tree search: 0.000 sec (0h:0m:0s)
Total CPU time used: 92.078 sec (0h:1m:32s)
Total wall-clock time used: 37.814 sec (0h:0m:37s)

===> START JACKKNIFE REPLICATE NUMBER 96

Creating jackknife alignment (seed: 785822)...
Reading input tree file gl_output_rmq.fasta.raxml.bestTree ...

NOTE: 7 MB RAM (0 GB) is required!
Estimate model parameters (epsilon = 0.010)
1. Initial log-likelihood: -41243.905
2. Current log-likelihood: -41168.536
3. Current log-likelihood: -41168.507
Optimal log-likelihood: -41168.507
Rate parameters:  A-C: 1.00000  A-G: 2.21402  A-T: 1.00000  C-G: 1.00000  C-T: 2.21402  G-T: 1.00000
Base frequencies:  A: 0.281  C: 0.210  G: 0.229  T: 0.280
Parameters optimization took 3 rounds (0.103 sec)
Wrote distance file to... 
BEST SCORE FOUND : -41168.507
Total tree length: 0.022

Total number of iterations: 0
CPU time used for tree search: 0.000 sec (0h:0m:0s)
Wall-clock time used for tree search: 0.000 sec (0h:0m:0s)
Total CPU time used: 92.521 sec (0h:1m:32s)
Total wall-clock time used: 37.974 sec (0h:0m:37s)

===> START JACKKNIFE REPLICATE NUMBER 97

Creating jackknife alignment (seed: 785823)...
Reading input tree file gl_output_rmq.fasta.raxml.bestTree ...

NOTE: 7 MB RAM (0 GB) is required!
Estimate model parameters (epsilon = 0.010)
1. Initial log-likelihood: -41123.917
2. Current log-likelihood: -41024.883
3. Current log-likelihood: -41024.855
Optimal log-likelihood: -41024.851
Rate parameters:  A-C: 1.00000  A-G: 2.68332  A-T: 1.00000  C-G: 1.00000  C-T: 2.68332  G-T: 1.00000
Base frequencies:  A: 0.283  C: 0.211  G: 0.222  T: 0.283
Parameters optimization took 3 rounds (0.098 sec)
Wrote distance file to... 
BEST SCORE FOUND : -41024.851
Total tree length: 0.022

Total number of iterations: 0
CPU time used for tree search: 0.000 sec (0h:0m:0s)
Wall-clock time used for tree search: 0.000 sec (0h:0m:0s)
Total CPU time used: 92.958 sec (0h:1m:32s)
Total wall-clock time used: 38.134 sec (0h:0m:38s)

===> START JACKKNIFE REPLICATE NUMBER 98

Creating jackknife alignment (seed: 785824)...
Reading input tree file gl_output_rmq.fasta.raxml.bestTree ...

NOTE: 7 MB RAM (0 GB) is required!
Estimate model parameters (epsilon = 0.010)
1. Initial log-likelihood: -40943.760
2. Current log-likelihood: -40856.158
3. Current log-likelihood: -40855.966
Optimal log-likelihood: -40855.966
Rate parameters:  A-C: 1.00000  A-G: 2.39358  A-T: 1.00000  C-G: 1.00000  C-T: 2.39358  G-T: 1.00000
Base frequencies:  A: 0.282  C: 0.212  G: 0.228  T: 0.278
Parameters optimization took 3 rounds (0.116 sec)
Wrote distance file to... 
BEST SCORE FOUND : -40855.966
Total tree length: 0.021

Total number of iterations: 0
CPU time used for tree search: 0.000 sec (0h:0m:0s)
Wall-clock time used for tree search: 0.000 sec (0h:0m:0s)
Total CPU time used: 93.448 sec (0h:1m:33s)
Total wall-clock time used: 38.309 sec (0h:0m:38s)

===> START JACKKNIFE REPLICATE NUMBER 99

Creating jackknife alignment (seed: 785825)...
Reading input tree file gl_output_rmq.fasta.raxml.bestTree ...

NOTE: 7 MB RAM (0 GB) is required!
Estimate model parameters (epsilon = 0.010)
1. Initial log-likelihood: -40677.369
2. Current log-likelihood: -40593.345
3. Current log-likelihood: -40593.332
Optimal log-likelihood: -40593.328
Rate parameters:  A-C: 1.00000  A-G: 2.51839  A-T: 1.00000  C-G: 1.00000  C-T: 2.51839  G-T: 1.00000
Base frequencies:  A: 0.285  C: 0.212  G: 0.224  T: 0.280
Parameters optimization took 3 rounds (0.097 sec)
Wrote distance file to... 
BEST SCORE FOUND : -40593.328
Total tree length: 0.020

Total number of iterations: 0
CPU time used for tree search: 0.000 sec (0h:0m:0s)
Wall-clock time used for tree search: 0.000 sec (0h:0m:0s)
Total CPU time used: 93.883 sec (0h:1m:33s)
Total wall-clock time used: 38.466 sec (0h:0m:38s)

===> START JACKKNIFE REPLICATE NUMBER 100

Creating jackknife alignment (seed: 785826)...
Reading input tree file gl_output_rmq.fasta.raxml.bestTree ...

NOTE: 7 MB RAM (0 GB) is required!
Estimate model parameters (epsilon = 0.010)
1. Initial log-likelihood: -40949.013
2. Current log-likelihood: -40867.977
3. Current log-likelihood: -40867.890
4. Current log-likelihood: -40867.857
Optimal log-likelihood: -40867.857
Rate parameters:  A-C: 1.00000  A-G: 2.39298  A-T: 1.00000  C-G: 1.00000  C-T: 2.39298  G-T: 1.00000
Base frequencies:  A: 0.281  C: 0.214  G: 0.228  T: 0.278
Parameters optimization took 4 rounds (0.160 sec)
Wrote distance file to... 
BEST SCORE FOUND : -40867.857
Total tree length: 0.021

Total number of iterations: 0
CPU time used for tree search: 0.000 sec (0h:0m:0s)
Wall-clock time used for tree search: 0.000 sec (0h:0m:0s)
Total CPU time used: 94.503 sec (0h:1m:34s)
Total wall-clock time used: 38.687 sec (0h:0m:38s)

===> START JACKKNIFE REPLICATE NUMBER 101

Creating jackknife alignment (seed: 785827)...
Reading input tree file gl_output_rmq.fasta.raxml.bestTree ...

NOTE: 7 MB RAM (0 GB) is required!
Estimate model parameters (epsilon = 0.010)
1. Initial log-likelihood: -41095.313
2. Current log-likelihood: -41023.907
3. Current log-likelihood: -41023.721
Optimal log-likelihood: -41023.721
Rate parameters:  A-C: 1.00000  A-G: 2.13961  A-T: 1.00000  C-G: 1.00000  C-T: 2.13961  G-T: 1.00000
Base frequencies:  A: 0.281  C: 0.210  G: 0.226  T: 0.283
Parameters optimization took 3 rounds (0.123 sec)
Wrote distance file to... 
BEST SCORE FOUND : -41023.721
Total tree length: 0.022

Total number of iterations: 0
CPU time used for tree search: 0.000 sec (0h:0m:0s)
Wall-clock time used for tree search: 0.000 sec (0h:0m:0s)
Total CPU time used: 95.008 sec (0h:1m:35s)
Total wall-clock time used: 38.869 sec (0h:0m:38s)

===> START JACKKNIFE REPLICATE NUMBER 102

Creating jackknife alignment (seed: 785828)...
Reading input tree file gl_output_rmq.fasta.raxml.bestTree ...

NOTE: 7 MB RAM (0 GB) is required!
Estimate model parameters (epsilon = 0.010)
1. Initial log-likelihood: -41006.337
2. Current log-likelihood: -40911.259
3. Current log-likelihood: -40910.419
Optimal log-likelihood: -40910.415
Rate parameters:  A-C: 1.00000  A-G: 2.60411  A-T: 1.00000  C-G: 1.00000  C-T: 2.60411  G-T: 1.00000
Base frequencies:  A: 0.286  C: 0.209  G: 0.225  T: 0.279
Parameters optimization took 3 rounds (0.124 sec)
Wrote distance file to... 
BEST SCORE FOUND : -40910.415
Total tree length: 0.021

Total number of iterations: 0
CPU time used for tree search: 0.000 sec (0h:0m:0s)
Wall-clock time used for tree search: 0.000 sec (0h:0m:0s)
Total CPU time used: 95.532 sec (0h:1m:35s)
Total wall-clock time used: 39.058 sec (0h:0m:39s)

===> START JACKKNIFE REPLICATE NUMBER 103

Creating jackknife alignment (seed: 785829)...
Reading input tree file gl_output_rmq.fasta.raxml.bestTree ...

NOTE: 7 MB RAM (0 GB) is required!
Estimate model parameters (epsilon = 0.010)
1. Initial log-likelihood: -41098.536
2. Current log-likelihood: -41042.595
3. Current log-likelihood: -41026.779
4. Current log-likelihood: -40983.326
5. Current log-likelihood: -40983.313
Optimal log-likelihood: -40983.310
Rate parameters:  A-C: 1.00000  A-G: 3.05195  A-T: 1.00000  C-G: 1.00000  C-T: 3.05195  G-T: 1.00000
Base frequencies:  A: 0.285  C: 0.210  G: 0.228  T: 0.277
Parameters optimization took 5 rounds (0.208 sec)
Wrote distance file to... 
BEST SCORE FOUND : -40983.310
Total tree length: 0.022

Total number of iterations: 0
CPU time used for tree search: 0.000 sec (0h:0m:0s)
Wall-clock time used for tree search: 0.000 sec (0h:0m:0s)
Total CPU time used: 96.299 sec (0h:1m:36s)
Total wall-clock time used: 39.327 sec (0h:0m:39s)

===> START JACKKNIFE REPLICATE NUMBER 104

Creating jackknife alignment (seed: 785830)...
Reading input tree file gl_output_rmq.fasta.raxml.bestTree ...

NOTE: 7 MB RAM (0 GB) is required!
Estimate model parameters (epsilon = 0.010)
1. Initial log-likelihood: -40992.620
2. Current log-likelihood: -40897.692
3. Current log-likelihood: -40897.680
Optimal log-likelihood: -40897.676
Rate parameters:  A-C: 1.00000  A-G: 2.68184  A-T: 1.00000  C-G: 1.00000  C-T: 2.68184  G-T: 1.00000
Base frequencies:  A: 0.281  C: 0.208  G: 0.227  T: 0.284
Parameters optimization took 3 rounds (0.110 sec)
Wrote distance file to... 
BEST SCORE FOUND : -40897.676
Total tree length: 0.021

Total number of iterations: 0
CPU time used for tree search: 0.000 sec (0h:0m:0s)
Wall-clock time used for tree search: 0.000 sec (0h:0m:0s)
Total CPU time used: 96.767 sec (0h:1m:36s)
Total wall-clock time used: 39.496 sec (0h:0m:39s)

===> START JACKKNIFE REPLICATE NUMBER 105

Creating jackknife alignment (seed: 785831)...
Reading input tree file gl_output_rmq.fasta.raxml.bestTree ...

NOTE: 7 MB RAM (0 GB) is required!
Estimate model parameters (epsilon = 0.010)
1. Initial log-likelihood: -41393.890
2. Current log-likelihood: -41310.220
3. Current log-likelihood: -41310.202
Optimal log-likelihood: -41310.202
Rate parameters:  A-C: 1.00000  A-G: 2.21423  A-T: 1.00000  C-G: 1.00000  C-T: 2.21423  G-T: 1.00000
Base frequencies:  A: 0.281  C: 0.212  G: 0.225  T: 0.282
Parameters optimization took 3 rounds (0.113 sec)
Wrote distance file to... 
BEST SCORE FOUND : -41310.202
Total tree length: 0.023

Total number of iterations: 0
CPU time used for tree search: 0.000 sec (0h:0m:0s)
Wall-clock time used for tree search: 0.000 sec (0h:0m:0s)
Total CPU time used: 97.254 sec (0h:1m:37s)
Total wall-clock time used: 39.675 sec (0h:0m:39s)

===> START JACKKNIFE REPLICATE NUMBER 106

Creating jackknife alignment (seed: 785832)...
Reading input tree file gl_output_rmq.fasta.raxml.bestTree ...

NOTE: 7 MB RAM (0 GB) is required!
Estimate model parameters (epsilon = 0.010)
1. Initial log-likelihood: -41109.742
2. Current log-likelihood: -40998.183
Optimal log-likelihood: -40998.179
Rate parameters:  A-C: 1.00000  A-G: 2.81770  A-T: 1.00000  C-G: 1.00000  C-T: 2.81770  G-T: 1.00000
Base frequencies:  A: 0.283  C: 0.213  G: 0.227  T: 0.278
Parameters optimization took 2 rounds (0.086 sec)
Wrote distance file to... 
BEST SCORE FOUND : -40998.179
Total tree length: 0.022

Total number of iterations: 0
CPU time used for tree search: 0.000 sec (0h:0m:0s)
Wall-clock time used for tree search: 0.000 sec (0h:0m:0s)
Total CPU time used: 97.653 sec (0h:1m:37s)
Total wall-clock time used: 39.823 sec (0h:0m:39s)

===> START JACKKNIFE REPLICATE NUMBER 107

Creating jackknife alignment (seed: 785833)...
Reading input tree file gl_output_rmq.fasta.raxml.bestTree ...

NOTE: 7 MB RAM (0 GB) is required!
Estimate model parameters (epsilon = 0.010)
1. Initial log-likelihood: -40914.270
2. Current log-likelihood: -40824.685
3. Current log-likelihood: -40824.592
Optimal log-likelihood: -40824.590
Rate parameters:  A-C: 1.00000  A-G: 2.57222  A-T: 1.00000  C-G: 1.00000  C-T: 2.57222  G-T: 1.00000
Base frequencies:  A: 0.282  C: 0.211  G: 0.229  T: 0.277
Parameters optimization took 3 rounds (0.113 sec)
Wrote distance file to... 
BEST SCORE FOUND : -40824.590
Total tree length: 0.021

Total number of iterations: 0
CPU time used for tree search: 0.000 sec (0h:0m:0s)
Wall-clock time used for tree search: 0.000 sec (0h:0m:0s)
Total CPU time used: 98.138 sec (0h:1m:38s)
Total wall-clock time used: 40.005 sec (0h:0m:40s)

===> START JACKKNIFE REPLICATE NUMBER 108

Creating jackknife alignment (seed: 785834)...
Reading input tree file gl_output_rmq.fasta.raxml.bestTree ...

NOTE: 7 MB RAM (0 GB) is required!
Estimate model parameters (epsilon = 0.010)
1. Initial log-likelihood: -41011.484
2. Current log-likelihood: -40906.374
3. Current log-likelihood: -40905.064
Optimal log-likelihood: -40905.062
Rate parameters:  A-C: 1.00000  A-G: 2.75245  A-T: 1.00000  C-G: 1.00000  C-T: 2.75245  G-T: 1.00000
Base frequencies:  A: 0.286  C: 0.212  G: 0.225  T: 0.277
Parameters optimization took 3 rounds (0.116 sec)
Wrote distance file to... 
BEST SCORE FOUND : -40905.062
Total tree length: 0.022

Total number of iterations: 0
CPU time used for tree search: 0.000 sec (0h:0m:0s)
Wall-clock time used for tree search: 0.000 sec (0h:0m:0s)
Total CPU time used: 98.636 sec (0h:1m:38s)
Total wall-clock time used: 40.185 sec (0h:0m:40s)

===> START JACKKNIFE REPLICATE NUMBER 109

Creating jackknife alignment (seed: 785835)...
Reading input tree file gl_output_rmq.fasta.raxml.bestTree ...

NOTE: 7 MB RAM (0 GB) is required!
Estimate model parameters (epsilon = 0.010)
1. Initial log-likelihood: -40888.913
2. Current log-likelihood: -40784.924
3. Current log-likelihood: -40784.894
Optimal log-likelihood: -40784.890
Rate parameters:  A-C: 1.00000  A-G: 2.86963  A-T: 1.00000  C-G: 1.00000  C-T: 2.86963  G-T: 1.00000
Base frequencies:  A: 0.283  C: 0.207  G: 0.226  T: 0.284
Parameters optimization took 3 rounds (0.108 sec)
Wrote distance file to... 
BEST SCORE FOUND : -40784.890
Total tree length: 0.021

Total number of iterations: 0
CPU time used for tree search: 0.000 sec (0h:0m:0s)
Wall-clock time used for tree search: 0.000 sec (0h:0m:0s)
Total CPU time used: 99.113 sec (0h:1m:39s)
Total wall-clock time used: 40.358 sec (0h:0m:40s)

===> START JACKKNIFE REPLICATE NUMBER 110

Creating jackknife alignment (seed: 785836)...
Reading input tree file gl_output_rmq.fasta.raxml.bestTree ...

NOTE: 8 MB RAM (0 GB) is required!
Estimate model parameters (epsilon = 0.010)
1. Initial log-likelihood: -41242.401
2. Current log-likelihood: -41161.391
3. Current log-likelihood: -41161.203
Optimal log-likelihood: -41161.203
Rate parameters:  A-C: 1.00000  A-G: 2.21313  A-T: 1.00000  C-G: 1.00000  C-T: 2.21313  G-T: 1.00000
Base frequencies:  A: 0.284  C: 0.211  G: 0.227  T: 0.278
Parameters optimization took 3 rounds (0.109 sec)
Wrote distance file to... 
BEST SCORE FOUND : -41161.203
Total tree length: 0.023

Total number of iterations: 0
CPU time used for tree search: 0.000 sec (0h:0m:0s)
Wall-clock time used for tree search: 0.000 sec (0h:0m:0s)
Total CPU time used: 99.582 sec (0h:1m:39s)
Total wall-clock time used: 40.527 sec (0h:0m:40s)

===> START JACKKNIFE REPLICATE NUMBER 111

Creating jackknife alignment (seed: 785837)...
Reading input tree file gl_output_rmq.fasta.raxml.bestTree ...

NOTE: 7 MB RAM (0 GB) is required!
Estimate model parameters (epsilon = 0.010)
1. Initial log-likelihood: -40950.751
2. Current log-likelihood: -40855.635
3. Current log-likelihood: -40855.045
4. Current log-likelihood: -40855.028
Optimal log-likelihood: -40855.028
Rate parameters:  A-C: 1.00000  A-G: 2.47033  A-T: 1.00000  C-G: 1.00000  C-T: 2.47033  G-T: 1.00000
Base frequencies:  A: 0.283  C: 0.209  G: 0.227  T: 0.281
Parameters optimization took 4 rounds (0.129 sec)
Wrote distance file to... 
BEST SCORE FOUND : -40855.028
Total tree length: 0.021

Total number of iterations: 0
CPU time used for tree search: 0.000 sec (0h:0m:0s)
Wall-clock time used for tree search: 0.000 sec (0h:0m:0s)
Total CPU time used: 100.107 sec (0h:1m:40s)
Total wall-clock time used: 40.714 sec (0h:0m:40s)

===> START JACKKNIFE REPLICATE NUMBER 112

Creating jackknife alignment (seed: 785838)...
Reading input tree file gl_output_rmq.fasta.raxml.bestTree ...

NOTE: 7 MB RAM (0 GB) is required!
Estimate model parameters (epsilon = 0.010)
1. Initial log-likelihood: -41039.292
2. Current log-likelihood: -40936.976
3. Current log-likelihood: -40936.964
Optimal log-likelihood: -40936.961
Rate parameters:  A-C: 1.00000  A-G: 2.72648  A-T: 1.00000  C-G: 1.00000  C-T: 2.72648  G-T: 1.00000
Base frequencies:  A: 0.283  C: 0.209  G: 0.225  T: 0.283
Parameters optimization took 3 rounds (0.085 sec)
Wrote distance file to... 
BEST SCORE FOUND : -40936.961
Total tree length: 0.021

Total number of iterations: 0
CPU time used for tree search: 0.000 sec (0h:0m:0s)
Wall-clock time used for tree search: 0.000 sec (0h:0m:0s)
Total CPU time used: 100.504 sec (0h:1m:40s)
Total wall-clock time used: 40.858 sec (0h:0m:40s)

===> START JACKKNIFE REPLICATE NUMBER 113

Creating jackknife alignment (seed: 785839)...
Reading input tree file gl_output_rmq.fasta.raxml.bestTree ...

NOTE: 7 MB RAM (0 GB) is required!
Estimate model parameters (epsilon = 0.010)
1. Initial log-likelihood: -41367.154
2. Current log-likelihood: -41263.255
3. Current log-likelihood: -41263.239
Optimal log-likelihood: -41263.236
Rate parameters:  A-C: 1.00000  A-G: 2.70179  A-T: 1.00000  C-G: 1.00000  C-T: 2.70179  G-T: 1.00000
Base frequencies:  A: 0.283  C: 0.210  G: 0.225  T: 0.282
Parameters optimization took 3 rounds (0.094 sec)
Wrote distance file to... 
BEST SCORE FOUND : -41263.236
Total tree length: 0.023

Total number of iterations: 0
CPU time used for tree search: 0.000 sec (0h:0m:0s)
Wall-clock time used for tree search: 0.000 sec (0h:0m:0s)
Total CPU time used: 100.930 sec (0h:1m:40s)
Total wall-clock time used: 41.012 sec (0h:0m:41s)

===> START JACKKNIFE REPLICATE NUMBER 114

Creating jackknife alignment (seed: 785840)...
Reading input tree file gl_output_rmq.fasta.raxml.bestTree ...

NOTE: 7 MB RAM (0 GB) is required!
Estimate model parameters (epsilon = 0.010)
1. Initial log-likelihood: -40838.091
2. Current log-likelihood: -40744.765
3. Current log-likelihood: -40744.676
Optimal log-likelihood: -40744.676
Rate parameters:  A-C: 1.00000  A-G: 2.36835  A-T: 1.00000  C-G: 1.00000  C-T: 2.36835  G-T: 1.00000
Base frequencies:  A: 0.282  C: 0.210  G: 0.227  T: 0.281
Parameters optimization took 3 rounds (0.089 sec)
Wrote distance file to... 
BEST SCORE FOUND : -40744.676
Total tree length: 0.020

Total number of iterations: 0
CPU time used for tree search: 0.000 sec (0h:0m:0s)
Wall-clock time used for tree search: 0.000 sec (0h:0m:0s)
Total CPU time used: 101.348 sec (0h:1m:41s)
Total wall-clock time used: 41.171 sec (0h:0m:41s)

===> START JACKKNIFE REPLICATE NUMBER 115

Creating jackknife alignment (seed: 785841)...
Reading input tree file gl_output_rmq.fasta.raxml.bestTree ...

NOTE: 7 MB RAM (0 GB) is required!
Estimate model parameters (epsilon = 0.010)
1. Initial log-likelihood: -41161.579
2. Current log-likelihood: -41053.386
3. Current log-likelihood: -41053.294
Optimal log-likelihood: -41053.292
Rate parameters:  A-C: 1.00000  A-G: 2.74496  A-T: 1.00000  C-G: 1.00000  C-T: 2.74496  G-T: 1.00000
Base frequencies:  A: 0.282  C: 0.210  G: 0.227  T: 0.281
Parameters optimization took 3 rounds (0.102 sec)
Wrote distance file to... 
BEST SCORE FOUND : -41053.292
Total tree length: 0.022

Total number of iterations: 0
CPU time used for tree search: 0.000 sec (0h:0m:0s)
Wall-clock time used for tree search: 0.000 sec (0h:0m:0s)
Total CPU time used: 101.798 sec (0h:1m:41s)
Total wall-clock time used: 41.333 sec (0h:0m:41s)

===> START JACKKNIFE REPLICATE NUMBER 116

Creating jackknife alignment (seed: 785842)...
Reading input tree file gl_output_rmq.fasta.raxml.bestTree ...

NOTE: 7 MB RAM (0 GB) is required!
Estimate model parameters (epsilon = 0.010)
1. Initial log-likelihood: -41030.664
2. Current log-likelihood: -40925.660
3. Current log-likelihood: -40925.499
Optimal log-likelihood: -40925.494
Rate parameters:  A-C: 1.00000  A-G: 2.70908  A-T: 1.00000  C-G: 1.00000  C-T: 2.70908  G-T: 1.00000
Base frequencies:  A: 0.284  C: 0.210  G: 0.225  T: 0.282
Parameters optimization took 3 rounds (0.107 sec)
Wrote distance file to... 
BEST SCORE FOUND : -40925.494
Total tree length: 0.022

Total number of iterations: 0
CPU time used for tree search: 0.000 sec (0h:0m:0s)
Wall-clock time used for tree search: 0.000 sec (0h:0m:0s)
Total CPU time used: 102.260 sec (0h:1m:42s)
Total wall-clock time used: 41.501 sec (0h:0m:41s)

===> START JACKKNIFE REPLICATE NUMBER 117

Creating jackknife alignment (seed: 785843)...
Reading input tree file gl_output_rmq.fasta.raxml.bestTree ...

NOTE: 8 MB RAM (0 GB) is required!
Estimate model parameters (epsilon = 0.010)
1. Initial log-likelihood: -41209.978
2. Current log-likelihood: -41120.183
3. Current log-likelihood: -41120.159
Optimal log-likelihood: -41120.156
Rate parameters:  A-C: 1.00000  A-G: 2.49429  A-T: 1.00000  C-G: 1.00000  C-T: 2.49429  G-T: 1.00000
Base frequencies:  A: 0.283  C: 0.211  G: 0.228  T: 0.278
Parameters optimization took 3 rounds (0.107 sec)
Wrote distance file to... 
BEST SCORE FOUND : -41120.156
Total tree length: 0.022

Total number of iterations: 0
CPU time used for tree search: 0.000 sec (0h:0m:0s)
Wall-clock time used for tree search: 0.000 sec (0h:0m:0s)
Total CPU time used: 102.725 sec (0h:1m:42s)
Total wall-clock time used: 41.669 sec (0h:0m:41s)

===> START JACKKNIFE REPLICATE NUMBER 118

Creating jackknife alignment (seed: 785844)...
Reading input tree file gl_output_rmq.fasta.raxml.bestTree ...

NOTE: 7 MB RAM (0 GB) is required!
Estimate model parameters (epsilon = 0.010)
1. Initial log-likelihood: -40966.384
2. Current log-likelihood: -40880.185
3. Current log-likelihood: -40879.832
4. Current log-likelihood: -40879.820
Optimal log-likelihood: -40879.819
Rate parameters:  A-C: 1.00000  A-G: 2.36258  A-T: 1.00000  C-G: 1.00000  C-T: 2.36258  G-T: 1.00000
Base frequencies:  A: 0.283  C: 0.211  G: 0.227  T: 0.279
Parameters optimization took 4 rounds (0.149 sec)
Wrote distance file to... 
BEST SCORE FOUND : -40879.819
Total tree length: 0.021

Total number of iterations: 0
CPU time used for tree search: 0.000 sec (0h:0m:0s)
Wall-clock time used for tree search: 0.000 sec (0h:0m:0s)
Total CPU time used: 103.308 sec (0h:1m:43s)
Total wall-clock time used: 41.876 sec (0h:0m:41s)

===> START JACKKNIFE REPLICATE NUMBER 119

Creating jackknife alignment (seed: 785845)...
Reading input tree file gl_output_rmq.fasta.raxml.bestTree ...

NOTE: 7 MB RAM (0 GB) is required!
Estimate model parameters (epsilon = 0.010)
1. Initial log-likelihood: -40864.505
2. Current log-likelihood: -40764.329
3. Current log-likelihood: -40764.103
Optimal log-likelihood: -40764.098
Rate parameters:  A-C: 1.00000  A-G: 2.57904  A-T: 1.00000  C-G: 1.00000  C-T: 2.57904  G-T: 1.00000
Base frequencies:  A: 0.283  C: 0.211  G: 0.227  T: 0.279
Parameters optimization took 3 rounds (0.118 sec)
Wrote distance file to... 
BEST SCORE FOUND : -40764.098
Total tree length: 0.021

Total number of iterations: 0
CPU time used for tree search: 0.000 sec (0h:0m:0s)
Wall-clock time used for tree search: 0.000 sec (0h:0m:0s)
Total CPU time used: 103.803 sec (0h:1m:43s)
Total wall-clock time used: 42.055 sec (0h:0m:42s)

===> START JACKKNIFE REPLICATE NUMBER 120

Creating jackknife alignment (seed: 785846)...
Reading input tree file gl_output_rmq.fasta.raxml.bestTree ...

NOTE: 7 MB RAM (0 GB) is required!
Estimate model parameters (epsilon = 0.010)
1. Initial log-likelihood: -41090.001
2. Current log-likelihood: -40991.294
3. Current log-likelihood: -40991.198
4. Current log-likelihood: -40991.186
Optimal log-likelihood: -40991.185
Rate parameters:  A-C: 1.00000  A-G: 2.72682  A-T: 1.00000  C-G: 1.00000  C-T: 2.72682  G-T: 1.00000
Base frequencies:  A: 0.284  C: 0.207  G: 0.228  T: 0.281
Parameters optimization took 4 rounds (0.137 sec)
Wrote distance file to... 
BEST SCORE FOUND : -40991.185
Total tree length: 0.022

Total number of iterations: 0
CPU time used for tree search: 0.000 sec (0h:0m:0s)
Wall-clock time used for tree search: 0.000 sec (0h:0m:0s)
Total CPU time used: 104.366 sec (0h:1m:44s)
Total wall-clock time used: 42.255 sec (0h:0m:42s)

===> START JACKKNIFE REPLICATE NUMBER 121

Creating jackknife alignment (seed: 785847)...
Reading input tree file gl_output_rmq.fasta.raxml.bestTree ...

NOTE: 7 MB RAM (0 GB) is required!
Estimate model parameters (epsilon = 0.010)
1. Initial log-likelihood: -41144.911
2. Current log-likelihood: -41054.579
3. Current log-likelihood: -41054.409
Optimal log-likelihood: -41054.409
Rate parameters:  A-C: 1.00000  A-G: 2.42933  A-T: 1.00000  C-G: 1.00000  C-T: 2.42933  G-T: 1.00000
Base frequencies:  A: 0.282  C: 0.211  G: 0.227  T: 0.280
Parameters optimization took 3 rounds (0.112 sec)
Wrote distance file to... 
BEST SCORE FOUND : -41054.409
Total tree length: 0.022

Total number of iterations: 0
CPU time used for tree search: 0.000 sec (0h:0m:0s)
Wall-clock time used for tree search: 0.000 sec (0h:0m:0s)
Total CPU time used: 104.854 sec (0h:1m:44s)
Total wall-clock time used: 42.431 sec (0h:0m:42s)

===> START JACKKNIFE REPLICATE NUMBER 122

Creating jackknife alignment (seed: 785848)...
Reading input tree file gl_output_rmq.fasta.raxml.bestTree ...

NOTE: 7 MB RAM (0 GB) is required!
Estimate model parameters (epsilon = 0.010)
1. Initial log-likelihood: -41049.183
2. Current log-likelihood: -40958.087
3. Current log-likelihood: -40957.963
4. Current log-likelihood: -40957.946
Optimal log-likelihood: -40957.946
Rate parameters:  A-C: 1.00000  A-G: 2.51569  A-T: 1.00000  C-G: 1.00000  C-T: 2.51569  G-T: 1.00000
Base frequencies:  A: 0.278  C: 0.210  G: 0.228  T: 0.283
Parameters optimization took 4 rounds (0.129 sec)
Wrote distance file to... 
BEST SCORE FOUND : -40957.946
Total tree length: 0.021

Total number of iterations: 0
CPU time used for tree search: 0.000 sec (0h:0m:0s)
Wall-clock time used for tree search: 0.000 sec (0h:0m:0s)
Total CPU time used: 105.388 sec (0h:1m:45s)
Total wall-clock time used: 42.622 sec (0h:0m:42s)

===> START JACKKNIFE REPLICATE NUMBER 123

Creating jackknife alignment (seed: 785849)...
Reading input tree file gl_output_rmq.fasta.raxml.bestTree ...

NOTE: 7 MB RAM (0 GB) is required!
Estimate model parameters (epsilon = 0.010)
1. Initial log-likelihood: -40927.548
2. Current log-likelihood: -40837.745
Optimal log-likelihood: -40837.738
Rate parameters:  A-C: 1.00000  A-G: 2.49019  A-T: 1.00000  C-G: 1.00000  C-T: 2.49019  G-T: 1.00000
Base frequencies:  A: 0.288  C: 0.209  G: 0.225  T: 0.278
Parameters optimization took 2 rounds (0.086 sec)
Wrote distance file to... 
BEST SCORE FOUND : -40837.738
Total tree length: 0.021

Total number of iterations: 0
CPU time used for tree search: 0.000 sec (0h:0m:0s)
Wall-clock time used for tree search: 0.000 sec (0h:0m:0s)
Total CPU time used: 105.794 sec (0h:1m:45s)
Total wall-clock time used: 42.770 sec (0h:0m:42s)

===> START JACKKNIFE REPLICATE NUMBER 124

Creating jackknife alignment (seed: 785850)...
Reading input tree file gl_output_rmq.fasta.raxml.bestTree ...

NOTE: 7 MB RAM (0 GB) is required!
Estimate model parameters (epsilon = 0.010)
1. Initial log-likelihood: -41011.084
2. Current log-likelihood: -40925.268
3. Current log-likelihood: -40925.214
Optimal log-likelihood: -40925.208
Rate parameters:  A-C: 1.00000  A-G: 2.28402  A-T: 1.00000  C-G: 1.00000  C-T: 2.28402  G-T: 1.00000
Base frequencies:  A: 0.282  C: 0.211  G: 0.226  T: 0.281
Parameters optimization took 3 rounds (0.105 sec)
Wrote distance file to... 
BEST SCORE FOUND : -40925.208
Total tree length: 0.021

Total number of iterations: 0
CPU time used for tree search: 0.000 sec (0h:0m:0s)
Wall-clock time used for tree search: 0.000 sec (0h:0m:0s)
Total CPU time used: 106.255 sec (0h:1m:46s)
Total wall-clock time used: 42.937 sec (0h:0m:42s)

===> START JACKKNIFE REPLICATE NUMBER 125

Creating jackknife alignment (seed: 785851)...
Reading input tree file gl_output_rmq.fasta.raxml.bestTree ...

NOTE: 7 MB RAM (0 GB) is required!
Estimate model parameters (epsilon = 0.010)
1. Initial log-likelihood: -41275.051
2. Current log-likelihood: -41180.205
3. Current log-likelihood: -41179.888
Optimal log-likelihood: -41179.888
Rate parameters:  A-C: 1.00000  A-G: 2.45918  A-T: 1.00000  C-G: 1.00000  C-T: 2.45918  G-T: 1.00000
Base frequencies:  A: 0.283  C: 0.209  G: 0.226  T: 0.283
Parameters optimization took 3 rounds (0.124 sec)
Wrote distance file to... 
BEST SCORE FOUND : -41179.888
Total tree length: 0.022

Total number of iterations: 0
CPU time used for tree search: 0.000 sec (0h:0m:0s)
Wall-clock time used for tree search: 0.000 sec (0h:0m:0s)
Total CPU time used: 106.781 sec (0h:1m:46s)
Total wall-clock time used: 43.125 sec (0h:0m:43s)

===> START JACKKNIFE REPLICATE NUMBER 126

Creating jackknife alignment (seed: 785852)...
Reading input tree file gl_output_rmq.fasta.raxml.bestTree ...

NOTE: 7 MB RAM (0 GB) is required!
Estimate model parameters (epsilon = 0.010)
1. Initial log-likelihood: -40969.631
2. Current log-likelihood: -40875.586
3. Current log-likelihood: -40875.558
4. Current log-likelihood: -40875.546
Optimal log-likelihood: -40875.542
Rate parameters:  A-C: 1.00000  A-G: 2.58339  A-T: 1.00000  C-G: 1.00000  C-T: 2.58339  G-T: 1.00000
Base frequencies:  A: 0.284  C: 0.211  G: 0.224  T: 0.282
Parameters optimization took 4 rounds (0.125 sec)
Wrote distance file to... 
BEST SCORE FOUND : -40875.542
Total tree length: 0.021

Total number of iterations: 0
CPU time used for tree search: 0.000 sec (0h:0m:0s)
Wall-clock time used for tree search: 0.000 sec (0h:0m:0s)
Total CPU time used: 107.298 sec (0h:1m:47s)
Total wall-clock time used: 43.310 sec (0h:0m:43s)

===> START JACKKNIFE REPLICATE NUMBER 127

Creating jackknife alignment (seed: 785853)...
Reading input tree file gl_output_rmq.fasta.raxml.bestTree ...

NOTE: 7 MB RAM (0 GB) is required!
Estimate model parameters (epsilon = 0.010)
1. Initial log-likelihood: -41184.211
2. Current log-likelihood: -41091.477
3. Current log-likelihood: -41091.289
Optimal log-likelihood: -41091.289
Rate parameters:  A-C: 1.00000  A-G: 2.50125  A-T: 1.00000  C-G: 1.00000  C-T: 2.50125  G-T: 1.00000
Base frequencies:  A: 0.283  C: 0.213  G: 0.224  T: 0.280
Parameters optimization took 3 rounds (0.122 sec)
Wrote distance file to... 
BEST SCORE FOUND : -41091.289
Total tree length: 0.022

Total number of iterations: 0
CPU time used for tree search: 0.000 sec (0h:0m:0s)
Wall-clock time used for tree search: 0.000 sec (0h:0m:0s)
Total CPU time used: 107.803 sec (0h:1m:47s)
Total wall-clock time used: 43.491 sec (0h:0m:43s)

===> START JACKKNIFE REPLICATE NUMBER 128

Creating jackknife alignment (seed: 785854)...
Reading input tree file gl_output_rmq.fasta.raxml.bestTree ...

NOTE: 7 MB RAM (0 GB) is required!
Estimate model parameters (epsilon = 0.010)
1. Initial log-likelihood: -41226.230
2. Current log-likelihood: -41136.912
3. Current log-likelihood: -41136.548
4. Current log-likelihood: -41136.532
Optimal log-likelihood: -41136.528
Rate parameters:  A-C: 1.00000  A-G: 2.40960  A-T: 1.00000  C-G: 1.00000  C-T: 2.40960  G-T: 1.00000
Base frequencies:  A: 0.282  C: 0.209  G: 0.228  T: 0.280
Parameters optimization took 4 rounds (0.136 sec)
Wrote distance file to... 
BEST SCORE FOUND : -41136.528
Total tree length: 0.022

Total number of iterations: 0
CPU time used for tree search: 0.000 sec (0h:0m:0s)
Wall-clock time used for tree search: 0.000 sec (0h:0m:0s)
Total CPU time used: 108.347 sec (0h:1m:48s)
Total wall-clock time used: 43.693 sec (0h:0m:43s)

===> START JACKKNIFE REPLICATE NUMBER 129

Creating jackknife alignment (seed: 785855)...
Reading input tree file gl_output_rmq.fasta.raxml.bestTree ...

NOTE: 7 MB RAM (0 GB) is required!
Estimate model parameters (epsilon = 0.010)
1. Initial log-likelihood: -40804.562
2. Current log-likelihood: -40720.395
3. Current log-likelihood: -40720.363
Optimal log-likelihood: -40720.362
Rate parameters:  A-C: 1.00000  A-G: 2.41118  A-T: 1.00000  C-G: 1.00000  C-T: 2.41118  G-T: 1.00000
Base frequencies:  A: 0.285  C: 0.208  G: 0.228  T: 0.278
Parameters optimization took 3 rounds (0.109 sec)
Wrote distance file to... 
BEST SCORE FOUND : -40720.362
Total tree length: 0.020

Total number of iterations: 0
CPU time used for tree search: 0.000 sec (0h:0m:0s)
Wall-clock time used for tree search: 0.000 sec (0h:0m:0s)
Total CPU time used: 108.819 sec (0h:1m:48s)
Total wall-clock time used: 43.863 sec (0h:0m:43s)

===> START JACKKNIFE REPLICATE NUMBER 130

Creating jackknife alignment (seed: 785856)...
Reading input tree file gl_output_rmq.fasta.raxml.bestTree ...

NOTE: 7 MB RAM (0 GB) is required!
Estimate model parameters (epsilon = 0.010)
1. Initial log-likelihood: -40864.204
2. Current log-likelihood: -40760.938
3. Current log-likelihood: -40760.825
Optimal log-likelihood: -40760.821
Rate parameters:  A-C: 1.00000  A-G: 2.51899  A-T: 1.00000  C-G: 1.00000  C-T: 2.51899  G-T: 1.00000
Base frequencies:  A: 0.282  C: 0.209  G: 0.226  T: 0.283
Parameters optimization took 3 rounds (0.098 sec)
Wrote distance file to... 
BEST SCORE FOUND : -40760.821
Total tree length: 0.021

Total number of iterations: 0
CPU time used for tree search: 0.000 sec (0h:0m:0s)
Wall-clock time used for tree search: 0.000 sec (0h:0m:0s)
Total CPU time used: 109.255 sec (0h:1m:49s)
Total wall-clock time used: 44.021 sec (0h:0m:44s)

===> START JACKKNIFE REPLICATE NUMBER 131

Creating jackknife alignment (seed: 785857)...
Reading input tree file gl_output_rmq.fasta.raxml.bestTree ...

NOTE: 7 MB RAM (0 GB) is required!
Estimate model parameters (epsilon = 0.010)
1. Initial log-likelihood: -40733.416
2. Current log-likelihood: -40644.824
3. Current log-likelihood: -40644.812
Optimal log-likelihood: -40644.812
Rate parameters:  A-C: 1.00000  A-G: 2.39340  A-T: 1.00000  C-G: 1.00000  C-T: 2.39340  G-T: 1.00000
Base frequencies:  A: 0.282  C: 0.212  G: 0.224  T: 0.282
Parameters optimization took 3 rounds (0.104 sec)
Wrote distance file to... 
BEST SCORE FOUND : -40644.812
Total tree length: 0.020

Total number of iterations: 0
CPU time used for tree search: 0.000 sec (0h:0m:0s)
Wall-clock time used for tree search: 0.000 sec (0h:0m:0s)
Total CPU time used: 109.715 sec (0h:1m:49s)
Total wall-clock time used: 44.189 sec (0h:0m:44s)

===> START JACKKNIFE REPLICATE NUMBER 132

Creating jackknife alignment (seed: 785858)...
Reading input tree file gl_output_rmq.fasta.raxml.bestTree ...

NOTE: 7 MB RAM (0 GB) is required!
Estimate model parameters (epsilon = 0.010)
1. Initial log-likelihood: -40942.591
2. Current log-likelihood: -40858.656
3. Current log-likelihood: -40858.602
Optimal log-likelihood: -40858.597
Rate parameters:  A-C: 1.00000  A-G: 2.29225  A-T: 1.00000  C-G: 1.00000  C-T: 2.29225  G-T: 1.00000
Base frequencies:  A: 0.281  C: 0.212  G: 0.227  T: 0.280
Parameters optimization took 3 rounds (0.090 sec)
Wrote distance file to... 
BEST SCORE FOUND : -40858.597
Total tree length: 0.021

Total number of iterations: 0
CPU time used for tree search: 0.000 sec (0h:0m:0s)
Wall-clock time used for tree search: 0.000 sec (0h:0m:0s)
Total CPU time used: 110.133 sec (0h:1m:50s)
Total wall-clock time used: 44.342 sec (0h:0m:44s)

===> START JACKKNIFE REPLICATE NUMBER 133

Creating jackknife alignment (seed: 785859)...
Reading input tree file gl_output_rmq.fasta.raxml.bestTree ...

NOTE: 7 MB RAM (0 GB) is required!
Estimate model parameters (epsilon = 0.010)
1. Initial log-likelihood: -41201.438
2. Current log-likelihood: -41121.700
3. Current log-likelihood: -41121.459
Optimal log-likelihood: -41121.459
Rate parameters:  A-C: 1.00000  A-G: 2.34101  A-T: 1.00000  C-G: 1.00000  C-T: 2.34101  G-T: 1.00000
Base frequencies:  A: 0.281  C: 0.211  G: 0.226  T: 0.282
Parameters optimization took 3 rounds (0.112 sec)
Wrote distance file to... 
BEST SCORE FOUND : -41121.459
Total tree length: 0.022

Total number of iterations: 0
CPU time used for tree search: 0.000 sec (0h:0m:0s)
Wall-clock time used for tree search: 0.000 sec (0h:0m:0s)
Total CPU time used: 110.614 sec (0h:1m:50s)
Total wall-clock time used: 44.514 sec (0h:0m:44s)

===> START JACKKNIFE REPLICATE NUMBER 134

Creating jackknife alignment (seed: 785860)...
Reading input tree file gl_output_rmq.fasta.raxml.bestTree ...

NOTE: 7 MB RAM (0 GB) is required!
Estimate model parameters (epsilon = 0.010)
1. Initial log-likelihood: -40688.142
2. Current log-likelihood: -40580.325
3. Current log-likelihood: -40580.007
Optimal log-likelihood: -40580.000
Rate parameters:  A-C: 1.00000  A-G: 2.70377  A-T: 1.00000  C-G: 1.00000  C-T: 2.70377  G-T: 1.00000
Base frequencies:  A: 0.285  C: 0.207  G: 0.226  T: 0.281
Parameters optimization took 3 rounds (0.113 sec)
Wrote distance file to... 
BEST SCORE FOUND : -40580.000
Total tree length: 0.020

Total number of iterations: 0
CPU time used for tree search: 0.000 sec (0h:0m:0s)
Wall-clock time used for tree search: 0.000 sec (0h:0m:0s)
Total CPU time used: 111.089 sec (0h:1m:51s)
Total wall-clock time used: 44.686 sec (0h:0m:44s)

===> START JACKKNIFE REPLICATE NUMBER 135

Creating jackknife alignment (seed: 785861)...
Reading input tree file gl_output_rmq.fasta.raxml.bestTree ...

NOTE: 7 MB RAM (0 GB) is required!
Estimate model parameters (epsilon = 0.010)
1. Initial log-likelihood: -41071.115
2. Current log-likelihood: -40979.858
3. Current log-likelihood: -40979.809
Optimal log-likelihood: -40979.806
Rate parameters:  A-C: 1.00000  A-G: 2.68083  A-T: 1.00000  C-G: 1.00000  C-T: 2.68083  G-T: 1.00000
Base frequencies:  A: 0.284  C: 0.209  G: 0.226  T: 0.281
Parameters optimization took 3 rounds (0.100 sec)
Wrote distance file to... 
BEST SCORE FOUND : -40979.806
Total tree length: 0.022

Total number of iterations: 0
CPU time used for tree search: 0.000 sec (0h:0m:0s)
Wall-clock time used for tree search: 0.000 sec (0h:0m:0s)
Total CPU time used: 111.537 sec (0h:1m:51s)
Total wall-clock time used: 44.849 sec (0h:0m:44s)

===> START JACKKNIFE REPLICATE NUMBER 136

Creating jackknife alignment (seed: 785862)...
Reading input tree file gl_output_rmq.fasta.raxml.bestTree ...

NOTE: 8 MB RAM (0 GB) is required!
Estimate model parameters (epsilon = 0.010)
1. Initial log-likelihood: -41119.524
2. Current log-likelihood: -41023.359
3. Current log-likelihood: -41023.338
4. Current log-likelihood: -41023.319
Optimal log-likelihood: -41023.319
Rate parameters:  A-C: 1.00000  A-G: 2.52656  A-T: 1.00000  C-G: 1.00000  C-T: 2.52656  G-T: 1.00000
Base frequencies:  A: 0.284  C: 0.210  G: 0.225  T: 0.281
Parameters optimization took 4 rounds (0.140 sec)
Wrote distance file to... 
BEST SCORE FOUND : -41023.319
Total tree length: 0.022

Total number of iterations: 0
CPU time used for tree search: 0.000 sec (0h:0m:0s)
Wall-clock time used for tree search: 0.000 sec (0h:0m:0s)
Total CPU time used: 112.110 sec (0h:1m:52s)
Total wall-clock time used: 45.055 sec (0h:0m:45s)

===> START JACKKNIFE REPLICATE NUMBER 137

Creating jackknife alignment (seed: 785863)...
Reading input tree file gl_output_rmq.fasta.raxml.bestTree ...

NOTE: 7 MB RAM (0 GB) is required!
Estimate model parameters (epsilon = 0.010)
1. Initial log-likelihood: -40869.033
2. Current log-likelihood: -40802.970
3. Current log-likelihood: -40801.208
Optimal log-likelihood: -40801.202
Rate parameters:  A-C: 1.00000  A-G: 2.04618  A-T: 1.00000  C-G: 1.00000  C-T: 2.04618  G-T: 1.00000
Base frequencies:  A: 0.283  C: 0.211  G: 0.228  T: 0.278
Parameters optimization took 3 rounds (0.114 sec)
Wrote distance file to... 
BEST SCORE FOUND : -40801.202
Total tree length: 0.021

Total number of iterations: 0
CPU time used for tree search: 0.000 sec (0h:0m:0s)
Wall-clock time used for tree search: 0.000 sec (0h:0m:0s)
Total CPU time used: 112.593 sec (0h:1m:52s)
Total wall-clock time used: 45.230 sec (0h:0m:45s)

===> START JACKKNIFE REPLICATE NUMBER 138

Creating jackknife alignment (seed: 785864)...
Reading input tree file gl_output_rmq.fasta.raxml.bestTree ...

NOTE: 7 MB RAM (0 GB) is required!
Estimate model parameters (epsilon = 0.010)
1. Initial log-likelihood: -41255.891
2. Current log-likelihood: -41171.847
3. Current log-likelihood: -41170.809
Optimal log-likelihood: -41170.809
Rate parameters:  A-C: 1.00000  A-G: 2.39288  A-T: 1.00000  C-G: 1.00000  C-T: 2.39288  G-T: 1.00000
Base frequencies:  A: 0.284  C: 0.210  G: 0.226  T: 0.281
Parameters optimization took 3 rounds (0.115 sec)
Wrote distance file to... 
BEST SCORE FOUND : -41170.809
Total tree length: 0.022

Total number of iterations: 0
CPU time used for tree search: 0.000 sec (0h:0m:0s)
Wall-clock time used for tree search: 0.000 sec (0h:0m:0s)
Total CPU time used: 113.092 sec (0h:1m:53s)
Total wall-clock time used: 45.411 sec (0h:0m:45s)

===> START JACKKNIFE REPLICATE NUMBER 139

Creating jackknife alignment (seed: 785865)...
Reading input tree file gl_output_rmq.fasta.raxml.bestTree ...

NOTE: 8 MB RAM (0 GB) is required!
Estimate model parameters (epsilon = 0.010)
1. Initial log-likelihood: -41276.003
2. Current log-likelihood: -41196.965
3. Current log-likelihood: -41196.774
Optimal log-likelihood: -41196.774
Rate parameters:  A-C: 1.00000  A-G: 2.30680  A-T: 1.00000  C-G: 1.00000  C-T: 2.30680  G-T: 1.00000
Base frequencies:  A: 0.284  C: 0.213  G: 0.227  T: 0.276
Parameters optimization took 3 rounds (0.105 sec)
Wrote distance file to... 
BEST SCORE FOUND : -41196.774
Total tree length: 0.022

Total number of iterations: 0
CPU time used for tree search: 0.000 sec (0h:0m:0s)
Wall-clock time used for tree search: 0.000 sec (0h:0m:0s)
Total CPU time used: 113.547 sec (0h:1m:53s)
Total wall-clock time used: 45.576 sec (0h:0m:45s)

===> START JACKKNIFE REPLICATE NUMBER 140

Creating jackknife alignment (seed: 785866)...
Reading input tree file gl_output_rmq.fasta.raxml.bestTree ...

NOTE: 8 MB RAM (0 GB) is required!
Estimate model parameters (epsilon = 0.010)
1. Initial log-likelihood: -41364.971
2. Current log-likelihood: -41282.806
3. Current log-likelihood: -41282.744
Optimal log-likelihood: -41282.744
Rate parameters:  A-C: 1.00000  A-G: 2.22057  A-T: 1.00000  C-G: 1.00000  C-T: 2.22057  G-T: 1.00000
Base frequencies:  A: 0.282  C: 0.210  G: 0.228  T: 0.280
Parameters optimization took 3 rounds (0.098 sec)
Wrote distance file to... 
BEST SCORE FOUND : -41282.744
Total tree length: 0.023

Total number of iterations: 0
CPU time used for tree search: 0.000 sec (0h:0m:0s)
Wall-clock time used for tree search: 0.000 sec (0h:0m:0s)
Total CPU time used: 113.992 sec (0h:1m:53s)
Total wall-clock time used: 45.739 sec (0h:0m:45s)

===> START JACKKNIFE REPLICATE NUMBER 141

Creating jackknife alignment (seed: 785867)...
Reading input tree file gl_output_rmq.fasta.raxml.bestTree ...

NOTE: 7 MB RAM (0 GB) is required!
Estimate model parameters (epsilon = 0.010)
1. Initial log-likelihood: -40729.451
2. Current log-likelihood: -40649.150
3. Current log-likelihood: -40649.060
Optimal log-likelihood: -40649.058
Rate parameters:  A-C: 1.00000  A-G: 2.11875  A-T: 1.00000  C-G: 1.00000  C-T: 2.11875  G-T: 1.00000
Base frequencies:  A: 0.282  C: 0.211  G: 0.227  T: 0.279
Parameters optimization took 3 rounds (0.100 sec)
Wrote distance file to... 
BEST SCORE FOUND : -40649.058
Total tree length: 0.020

Total number of iterations: 0
CPU time used for tree search: 0.000 sec (0h:0m:0s)
Wall-clock time used for tree search: 0.000 sec (0h:0m:0s)
Total CPU time used: 114.444 sec (0h:1m:54s)
Total wall-clock time used: 45.908 sec (0h:0m:45s)

===> START JACKKNIFE REPLICATE NUMBER 142

Creating jackknife alignment (seed: 785868)...
Reading input tree file gl_output_rmq.fasta.raxml.bestTree ...

NOTE: 7 MB RAM (0 GB) is required!
Estimate model parameters (epsilon = 0.010)
1. Initial log-likelihood: -41092.827
2. Current log-likelihood: -40977.490
3. Current log-likelihood: -40977.131
4. Current log-likelihood: -40977.118
Optimal log-likelihood: -40977.115
Rate parameters:  A-C: 1.00000  A-G: 2.92158  A-T: 1.00000  C-G: 1.00000  C-T: 2.92158  G-T: 1.00000
Base frequencies:  A: 0.284  C: 0.207  G: 0.227  T: 0.283
Parameters optimization took 4 rounds (0.133 sec)
Wrote distance file to... 
BEST SCORE FOUND : -40977.115
Total tree length: 0.022

Total number of iterations: 0
CPU time used for tree search: 0.000 sec (0h:0m:0s)
Wall-clock time used for tree search: 0.000 sec (0h:0m:0s)
Total CPU time used: 114.987 sec (0h:1m:54s)
Total wall-clock time used: 46.102 sec (0h:0m:46s)

===> START JACKKNIFE REPLICATE NUMBER 143

Creating jackknife alignment (seed: 785869)...
Reading input tree file gl_output_rmq.fasta.raxml.bestTree ...

NOTE: 7 MB RAM (0 GB) is required!
Estimate model parameters (epsilon = 0.010)
1. Initial log-likelihood: -40945.192
2. Current log-likelihood: -40857.428
3. Current log-likelihood: -40857.416
Optimal log-likelihood: -40857.411
Rate parameters:  A-C: 1.00000  A-G: 2.60447  A-T: 1.00000  C-G: 1.00000  C-T: 2.60447  G-T: 1.00000
Base frequencies:  A: 0.283  C: 0.206  G: 0.226  T: 0.284
Parameters optimization took 3 rounds (0.090 sec)
Wrote distance file to... 
BEST SCORE FOUND : -40857.411
Total tree length: 0.021

Total number of iterations: 0
CPU time used for tree search: 0.000 sec (0h:0m:0s)
Wall-clock time used for tree search: 0.000 sec (0h:0m:0s)
Total CPU time used: 115.404 sec (0h:1m:55s)
Total wall-clock time used: 46.254 sec (0h:0m:46s)

===> START JACKKNIFE REPLICATE NUMBER 144

Creating jackknife alignment (seed: 785870)...
Reading input tree file gl_output_rmq.fasta.raxml.bestTree ...

NOTE: 7 MB RAM (0 GB) is required!
Estimate model parameters (epsilon = 0.010)
1. Initial log-likelihood: -40778.799
2. Current log-likelihood: -40692.092
3. Current log-likelihood: -40692.028
Optimal log-likelihood: -40692.022
Rate parameters:  A-C: 1.00000  A-G: 2.28844  A-T: 1.00000  C-G: 1.00000  C-T: 2.28844  G-T: 1.00000
Base frequencies:  A: 0.282  C: 0.211  G: 0.225  T: 0.282
Parameters optimization took 3 rounds (0.102 sec)
Wrote distance file to... 
BEST SCORE FOUND : -40692.022
Total tree length: 0.020

Total number of iterations: 0
CPU time used for tree search: 0.000 sec (0h:0m:0s)
Wall-clock time used for tree search: 0.000 sec (0h:0m:0s)
Total CPU time used: 115.858 sec (0h:1m:55s)
Total wall-clock time used: 46.419 sec (0h:0m:46s)

===> START JACKKNIFE REPLICATE NUMBER 145

Creating jackknife alignment (seed: 785871)...
Reading input tree file gl_output_rmq.fasta.raxml.bestTree ...

NOTE: 7 MB RAM (0 GB) is required!
Estimate model parameters (epsilon = 0.010)
1. Initial log-likelihood: -40964.645
2. Current log-likelihood: -40865.573
3. Current log-likelihood: -40865.513
Optimal log-likelihood: -40865.512
Rate parameters:  A-C: 1.00000  A-G: 2.56496  A-T: 1.00000  C-G: 1.00000  C-T: 2.56496  G-T: 1.00000
Base frequencies:  A: 0.285  C: 0.208  G: 0.227  T: 0.280
Parameters optimization took 3 rounds (0.097 sec)
Wrote distance file to... 
BEST SCORE FOUND : -40865.512
Total tree length: 0.021

Total number of iterations: 0
CPU time used for tree search: 0.000 sec (0h:0m:0s)
Wall-clock time used for tree search: 0.000 sec (0h:0m:0s)
Total CPU time used: 116.305 sec (0h:1m:56s)
Total wall-clock time used: 46.582 sec (0h:0m:46s)

===> START JACKKNIFE REPLICATE NUMBER 146

Creating jackknife alignment (seed: 785872)...
Reading input tree file gl_output_rmq.fasta.raxml.bestTree ...

NOTE: 7 MB RAM (0 GB) is required!
Estimate model parameters (epsilon = 0.010)
1. Initial log-likelihood: -41126.599
2. Current log-likelihood: -41017.205
3. Current log-likelihood: -41017.002
4. Current log-likelihood: -41016.987
Optimal log-likelihood: -41016.984
Rate parameters:  A-C: 1.00000  A-G: 2.91469  A-T: 1.00000  C-G: 1.00000  C-T: 2.91469  G-T: 1.00000
Base frequencies:  A: 0.285  C: 0.209  G: 0.225  T: 0.281
Parameters optimization took 4 rounds (0.107 sec)
Wrote distance file to... 
BEST SCORE FOUND : -41016.984
Total tree length: 0.022

Total number of iterations: 0
CPU time used for tree search: 0.000 sec (0h:0m:0s)
Wall-clock time used for tree search: 0.000 sec (0h:0m:0s)
Total CPU time used: 116.766 sec (0h:1m:56s)
Total wall-clock time used: 46.748 sec (0h:0m:46s)

===> START JACKKNIFE REPLICATE NUMBER 147

Creating jackknife alignment (seed: 785873)...
Reading input tree file gl_output_rmq.fasta.raxml.bestTree ...

NOTE: 7 MB RAM (0 GB) is required!
Estimate model parameters (epsilon = 0.010)
1. Initial log-likelihood: -40975.788
2. Current log-likelihood: -40904.033
3. Current log-likelihood: -40903.997
Optimal log-likelihood: -40903.997
Rate parameters:  A-C: 1.00000  A-G: 2.11512  A-T: 1.00000  C-G: 1.00000  C-T: 2.11512  G-T: 1.00000
Base frequencies:  A: 0.282  C: 0.212  G: 0.226  T: 0.280
Parameters optimization took 3 rounds (0.109 sec)
Wrote distance file to... 
BEST SCORE FOUND : -40903.997
Total tree length: 0.021

Total number of iterations: 0
CPU time used for tree search: 0.000 sec (0h:0m:0s)
Wall-clock time used for tree search: 0.000 sec (0h:0m:0s)
Total CPU time used: 117.248 sec (0h:1m:57s)
Total wall-clock time used: 46.922 sec (0h:0m:46s)

===> START JACKKNIFE REPLICATE NUMBER 148

Creating jackknife alignment (seed: 785874)...
Reading input tree file gl_output_rmq.fasta.raxml.bestTree ...

NOTE: 7 MB RAM (0 GB) is required!
Estimate model parameters (epsilon = 0.010)
1. Initial log-likelihood: -40987.431
2. Current log-likelihood: -40911.067
Optimal log-likelihood: -40911.063
Rate parameters:  A-C: 1.00000  A-G: 2.20837  A-T: 1.00000  C-G: 1.00000  C-T: 2.20837  G-T: 1.00000
Base frequencies:  A: 0.282  C: 0.208  G: 0.229  T: 0.281
Parameters optimization took 2 rounds (0.076 sec)
Wrote distance file to... 
BEST SCORE FOUND : -40911.063
Total tree length: 0.021

Total number of iterations: 0
CPU time used for tree search: 0.000 sec (0h:0m:0s)
Wall-clock time used for tree search: 0.000 sec (0h:0m:0s)
Total CPU time used: 117.620 sec (0h:1m:57s)
Total wall-clock time used: 47.058 sec (0h:0m:47s)

===> START JACKKNIFE REPLICATE NUMBER 149

Creating jackknife alignment (seed: 785875)...
Reading input tree file gl_output_rmq.fasta.raxml.bestTree ...

NOTE: 7 MB RAM (0 GB) is required!
Estimate model parameters (epsilon = 0.010)
1. Initial log-likelihood: -41286.234
2. Current log-likelihood: -41198.368
3. Current log-likelihood: -41198.310
Optimal log-likelihood: -41198.310
Rate parameters:  A-C: 1.00000  A-G: 2.49574  A-T: 1.00000  C-G: 1.00000  C-T: 2.49574  G-T: 1.00000
Base frequencies:  A: 0.282  C: 0.212  G: 0.228  T: 0.279
Parameters optimization took 3 rounds (0.101 sec)
Wrote distance file to... 
BEST SCORE FOUND : -41198.310
Total tree length: 0.023

Total number of iterations: 0
CPU time used for tree search: 0.000 sec (0h:0m:0s)
Wall-clock time used for tree search: 0.000 sec (0h:0m:0s)
Total CPU time used: 118.057 sec (0h:1m:58s)
Total wall-clock time used: 47.215 sec (0h:0m:47s)

===> START JACKKNIFE REPLICATE NUMBER 150

Creating jackknife alignment (seed: 785876)...
Reading input tree file gl_output_rmq.fasta.raxml.bestTree ...

NOTE: 8 MB RAM (0 GB) is required!
Estimate model parameters (epsilon = 0.010)
1. Initial log-likelihood: -40998.872
2. Current log-likelihood: -40900.884
Optimal log-likelihood: -40900.876
Rate parameters:  A-C: 1.00000  A-G: 2.61687  A-T: 1.00000  C-G: 1.00000  C-T: 2.61687  G-T: 1.00000
Base frequencies:  A: 0.281  C: 0.210  G: 0.229  T: 0.279
Parameters optimization took 2 rounds (0.072 sec)
Wrote distance file to... 
BEST SCORE FOUND : -40900.876
Total tree length: 0.022

Total number of iterations: 0
CPU time used for tree search: 0.000 sec (0h:0m:0s)
Wall-clock time used for tree search: 0.000 sec (0h:0m:0s)
Total CPU time used: 118.432 sec (0h:1m:58s)
Total wall-clock time used: 47.353 sec (0h:0m:47s)

===> START JACKKNIFE REPLICATE NUMBER 151

Creating jackknife alignment (seed: 785877)...
Reading input tree file gl_output_rmq.fasta.raxml.bestTree ...

NOTE: 8 MB RAM (0 GB) is required!
Estimate model parameters (epsilon = 0.010)
1. Initial log-likelihood: -41093.196
2. Current log-likelihood: -41017.997
3. Current log-likelihood: -41017.840
Optimal log-likelihood: -41017.840
Rate parameters:  A-C: 1.00000  A-G: 2.15351  A-T: 1.00000  C-G: 1.00000  C-T: 2.15351  G-T: 1.00000
Base frequencies:  A: 0.283  C: 0.208  G: 0.229  T: 0.280
Parameters optimization took 3 rounds (0.099 sec)
Wrote distance file to... 
BEST SCORE FOUND : -41017.840
Total tree length: 0.022

Total number of iterations: 0
CPU time used for tree search: 0.000 sec (0h:0m:0s)
Wall-clock time used for tree search: 0.000 sec (0h:0m:0s)
Total CPU time used: 118.876 sec (0h:1m:58s)
Total wall-clock time used: 47.524 sec (0h:0m:47s)

===> START JACKKNIFE REPLICATE NUMBER 152

Creating jackknife alignment (seed: 785878)...
Reading input tree file gl_output_rmq.fasta.raxml.bestTree ...

NOTE: 8 MB RAM (0 GB) is required!
Estimate model parameters (epsilon = 0.010)
1. Initial log-likelihood: -41211.887
2. Current log-likelihood: -41120.901
3. Current log-likelihood: -41120.498
Optimal log-likelihood: -41120.495
Rate parameters:  A-C: 1.00000  A-G: 2.44982  A-T: 1.00000  C-G: 1.00000  C-T: 2.44982  G-T: 1.00000
Base frequencies:  A: 0.284  C: 0.211  G: 0.226  T: 0.279
Parameters optimization took 3 rounds (0.101 sec)
Wrote distance file to... 
BEST SCORE FOUND : -41120.495
Total tree length: 0.022

Total number of iterations: 0
CPU time used for tree search: 0.000 sec (0h:0m:0s)
Wall-clock time used for tree search: 0.000 sec (0h:0m:0s)
Total CPU time used: 119.308 sec (0h:1m:59s)
Total wall-clock time used: 47.681 sec (0h:0m:47s)

===> START JACKKNIFE REPLICATE NUMBER 153

Creating jackknife alignment (seed: 785879)...
Reading input tree file gl_output_rmq.fasta.raxml.bestTree ...

NOTE: 7 MB RAM (0 GB) is required!
Estimate model parameters (epsilon = 0.010)
1. Initial log-likelihood: -41013.276
2. Current log-likelihood: -40920.413
3. Current log-likelihood: -40920.335
Optimal log-likelihood: -40920.333
Rate parameters:  A-C: 1.00000  A-G: 2.61142  A-T: 1.00000  C-G: 1.00000  C-T: 2.61142  G-T: 1.00000
Base frequencies:  A: 0.279  C: 0.212  G: 0.228  T: 0.281
Parameters optimization took 3 rounds (0.095 sec)
Wrote distance file to... 
BEST SCORE FOUND : -40920.333
Total tree length: 0.022

Total number of iterations: 0
CPU time used for tree search: 0.000 sec (0h:0m:0s)
Wall-clock time used for tree search: 0.000 sec (0h:0m:0s)
Total CPU time used: 119.736 sec (0h:1m:59s)
Total wall-clock time used: 47.835 sec (0h:0m:47s)

===> START JACKKNIFE REPLICATE NUMBER 154

Creating jackknife alignment (seed: 785880)...
Reading input tree file gl_output_rmq.fasta.raxml.bestTree ...

NOTE: 7 MB RAM (0 GB) is required!
Estimate model parameters (epsilon = 0.010)
1. Initial log-likelihood: -40904.717
2. Current log-likelihood: -40815.485
3. Current log-likelihood: -40814.688
Optimal log-likelihood: -40814.684
Rate parameters:  A-C: 1.00000  A-G: 2.41508  A-T: 1.00000  C-G: 1.00000  C-T: 2.41508  G-T: 1.00000
Base frequencies:  A: 0.284  C: 0.213  G: 0.228  T: 0.276
Parameters optimization took 3 rounds (0.100 sec)
Wrote distance file to... 
BEST SCORE FOUND : -40814.684
Total tree length: 0.021

Total number of iterations: 0
CPU time used for tree search: 0.000 sec (0h:0m:0s)
Wall-clock time used for tree search: 0.000 sec (0h:0m:0s)
Total CPU time used: 120.174 sec (0h:2m:0s)
Total wall-clock time used: 47.993 sec (0h:0m:47s)

===> START JACKKNIFE REPLICATE NUMBER 155

Creating jackknife alignment (seed: 785881)...
Reading input tree file gl_output_rmq.fasta.raxml.bestTree ...

NOTE: 7 MB RAM (0 GB) is required!
Estimate model parameters (epsilon = 0.010)
1. Initial log-likelihood: -41215.664
2. Current log-likelihood: -41129.957
3. Current log-likelihood: -41129.917
Optimal log-likelihood: -41129.917
Rate parameters:  A-C: 1.00000  A-G: 2.23581  A-T: 1.00000  C-G: 1.00000  C-T: 2.23581  G-T: 1.00000
Base frequencies:  A: 0.285  C: 0.210  G: 0.226  T: 0.279
Parameters optimization took 3 rounds (0.091 sec)
Wrote distance file to... 
BEST SCORE FOUND : -41129.917
Total tree length: 0.022

Total number of iterations: 0
CPU time used for tree search: 0.000 sec (0h:0m:0s)
Wall-clock time used for tree search: 0.000 sec (0h:0m:0s)
Total CPU time used: 120.587 sec (0h:2m:0s)
Total wall-clock time used: 48.143 sec (0h:0m:48s)

===> START JACKKNIFE REPLICATE NUMBER 156

Creating jackknife alignment (seed: 785882)...
Reading input tree file gl_output_rmq.fasta.raxml.bestTree ...

NOTE: 7 MB RAM (0 GB) is required!
Estimate model parameters (epsilon = 0.010)
1. Initial log-likelihood: -40794.699
2. Current log-likelihood: -40690.128
3. Current log-likelihood: -40690.094
Optimal log-likelihood: -40690.093
Rate parameters:  A-C: 1.00000  A-G: 2.80776  A-T: 1.00000  C-G: 1.00000  C-T: 2.80776  G-T: 1.00000
Base frequencies:  A: 0.282  C: 0.213  G: 0.225  T: 0.280
Parameters optimization took 3 rounds (0.109 sec)
Wrote distance file to... 
BEST SCORE FOUND : -40690.093
Total tree length: 0.020

Total number of iterations: 0
CPU time used for tree search: 0.000 sec (0h:0m:0s)
Wall-clock time used for tree search: 0.000 sec (0h:0m:0s)
Total CPU time used: 121.052 sec (0h:2m:1s)
Total wall-clock time used: 48.311 sec (0h:0m:48s)

===> START JACKKNIFE REPLICATE NUMBER 157

Creating jackknife alignment (seed: 785883)...
Reading input tree file gl_output_rmq.fasta.raxml.bestTree ...

NOTE: 8 MB RAM (0 GB) is required!
Estimate model parameters (epsilon = 0.010)
1. Initial log-likelihood: -41050.238
2. Current log-likelihood: -40944.181
3. Current log-likelihood: -40943.539
Optimal log-likelihood: -40943.538
Rate parameters:  A-C: 1.00000  A-G: 2.80516  A-T: 1.00000  C-G: 1.00000  C-T: 2.80516  G-T: 1.00000
Base frequencies:  A: 0.282  C: 0.212  G: 0.227  T: 0.278
Parameters optimization took 3 rounds (0.107 sec)
Wrote distance file to... 
BEST SCORE FOUND : -40943.538
Total tree length: 0.021

Total number of iterations: 0
CPU time used for tree search: 0.000 sec (0h:0m:0s)
Wall-clock time used for tree search: 0.000 sec (0h:0m:0s)
Total CPU time used: 121.525 sec (0h:2m:1s)
Total wall-clock time used: 48.483 sec (0h:0m:48s)

===> START JACKKNIFE REPLICATE NUMBER 158

Creating jackknife alignment (seed: 785884)...
Reading input tree file gl_output_rmq.fasta.raxml.bestTree ...

NOTE: 7 MB RAM (0 GB) is required!
Estimate model parameters (epsilon = 0.010)
1. Initial log-likelihood: -41186.168
2. Current log-likelihood: -41131.857
3. Current log-likelihood: -41113.498
4. Current log-likelihood: -41068.283
Optimal log-likelihood: -41068.276
Rate parameters:  A-C: 1.00000  A-G: 2.91065  A-T: 1.00000  C-G: 1.00000  C-T: 2.91065  G-T: 1.00000
Base frequencies:  A: 0.285  C: 0.211  G: 0.223  T: 0.281
Parameters optimization took 4 rounds (0.136 sec)
Wrote distance file to... 
BEST SCORE FOUND : -41068.276
Total tree length: 0.022

Total number of iterations: 0
CPU time used for tree search: 0.000 sec (0h:0m:0s)
Wall-clock time used for tree search: 0.000 sec (0h:0m:0s)
Total CPU time used: 122.082 sec (0h:2m:2s)
Total wall-clock time used: 48.682 sec (0h:0m:48s)

===> START JACKKNIFE REPLICATE NUMBER 159

Creating jackknife alignment (seed: 785885)...
Reading input tree file gl_output_rmq.fasta.raxml.bestTree ...

NOTE: 7 MB RAM (0 GB) is required!
Estimate model parameters (epsilon = 0.010)
1. Initial log-likelihood: -40719.692
2. Current log-likelihood: -40627.469
3. Current log-likelihood: -40627.312
4. Current log-likelihood: -40627.294
Optimal log-likelihood: -40627.294
Rate parameters:  A-C: 1.00000  A-G: 2.42181  A-T: 1.00000  C-G: 1.00000  C-T: 2.42181  G-T: 1.00000
Base frequencies:  A: 0.285  C: 0.211  G: 0.225  T: 0.278
Parameters optimization took 4 rounds (0.138 sec)
Wrote distance file to... 
BEST SCORE FOUND : -40627.294
Total tree length: 0.021

Total number of iterations: 0
CPU time used for tree search: 0.000 sec (0h:0m:0s)
Wall-clock time used for tree search: 0.000 sec (0h:0m:0s)
Total CPU time used: 122.651 sec (0h:2m:2s)
Total wall-clock time used: 48.885 sec (0h:0m:48s)

===> START JACKKNIFE REPLICATE NUMBER 160

Creating jackknife alignment (seed: 785886)...
Reading input tree file gl_output_rmq.fasta.raxml.bestTree ...

NOTE: 7 MB RAM (0 GB) is required!
Estimate model parameters (epsilon = 0.010)
1. Initial log-likelihood: -41118.013
2. Current log-likelihood: -41024.772
3. Current log-likelihood: -41024.739
Optimal log-likelihood: -41024.735
Rate parameters:  A-C: 1.00000  A-G: 2.65708  A-T: 1.00000  C-G: 1.00000  C-T: 2.65708  G-T: 1.00000
Base frequencies:  A: 0.286  C: 0.212  G: 0.224  T: 0.278
Parameters optimization took 3 rounds (0.097 sec)
Wrote distance file to... 
BEST SCORE FOUND : -41024.735
Total tree length: 0.022

Total number of iterations: 0
CPU time used for tree search: 0.000 sec (0h:0m:0s)
Wall-clock time used for tree search: 0.000 sec (0h:0m:0s)
Total CPU time used: 123.083 sec (0h:2m:3s)
Total wall-clock time used: 49.041 sec (0h:0m:49s)

===> START JACKKNIFE REPLICATE NUMBER 161

Creating jackknife alignment (seed: 785887)...
Reading input tree file gl_output_rmq.fasta.raxml.bestTree ...

NOTE: 8 MB RAM (0 GB) is required!
Estimate model parameters (epsilon = 0.010)
1. Initial log-likelihood: -41545.115
2. Current log-likelihood: -41464.544
3. Current log-likelihood: -41464.512
Optimal log-likelihood: -41464.511
Rate parameters:  A-C: 1.00000  A-G: 2.24773  A-T: 1.00000  C-G: 1.00000  C-T: 2.24773  G-T: 1.00000
Base frequencies:  A: 0.284  C: 0.210  G: 0.225  T: 0.280
Parameters optimization took 3 rounds (0.102 sec)
Wrote distance file to... 
BEST SCORE FOUND : -41464.511
Total tree length: 0.024

Total number of iterations: 0
CPU time used for tree search: 0.000 sec (0h:0m:0s)
Wall-clock time used for tree search: 0.000 sec (0h:0m:0s)
Total CPU time used: 123.532 sec (0h:2m:3s)
Total wall-clock time used: 49.204 sec (0h:0m:49s)

===> START JACKKNIFE REPLICATE NUMBER 162

Creating jackknife alignment (seed: 785888)...
Reading input tree file gl_output_rmq.fasta.raxml.bestTree ...

NOTE: 7 MB RAM (0 GB) is required!
Estimate model parameters (epsilon = 0.010)
1. Initial log-likelihood: -40905.227
2. Current log-likelihood: -40824.450
3. Current log-likelihood: -40824.419
Optimal log-likelihood: -40824.419
Rate parameters:  A-C: 1.00000  A-G: 2.41521  A-T: 1.00000  C-G: 1.00000  C-T: 2.41521  G-T: 1.00000
Base frequencies:  A: 0.281  C: 0.210  G: 0.226  T: 0.283
Parameters optimization took 3 rounds (0.097 sec)
Wrote distance file to... 
BEST SCORE FOUND : -40824.419
Total tree length: 0.021

Total number of iterations: 0
CPU time used for tree search: 0.000 sec (0h:0m:0s)
Wall-clock time used for tree search: 0.000 sec (0h:0m:0s)
Total CPU time used: 123.961 sec (0h:2m:3s)
Total wall-clock time used: 49.360 sec (0h:0m:49s)

===> START JACKKNIFE REPLICATE NUMBER 163

Creating jackknife alignment (seed: 785889)...
Reading input tree file gl_output_rmq.fasta.raxml.bestTree ...

NOTE: 8 MB RAM (0 GB) is required!
Estimate model parameters (epsilon = 0.010)
1. Initial log-likelihood: -41536.142
2. Current log-likelihood: -41455.339
3. Current log-likelihood: -41455.104
Optimal log-likelihood: -41455.102
Rate parameters:  A-C: 1.00000  A-G: 2.26186  A-T: 1.00000  C-G: 1.00000  C-T: 2.26186  G-T: 1.00000
Base frequencies:  A: 0.282  C: 0.211  G: 0.226  T: 0.281
Parameters optimization took 3 rounds (0.110 sec)
Wrote distance file to... 
BEST SCORE FOUND : -41455.102
Total tree length: 0.024

Total number of iterations: 0
CPU time used for tree search: 0.000 sec (0h:0m:0s)
Wall-clock time used for tree search: 0.000 sec (0h:0m:0s)
Total CPU time used: 124.437 sec (0h:2m:4s)
Total wall-clock time used: 49.531 sec (0h:0m:49s)

===> START JACKKNIFE REPLICATE NUMBER 164

Creating jackknife alignment (seed: 785890)...
Reading input tree file gl_output_rmq.fasta.raxml.bestTree ...

NOTE: 7 MB RAM (0 GB) is required!
Estimate model parameters (epsilon = 0.010)
1. Initial log-likelihood: -40893.992
2. Current log-likelihood: -40799.750
Optimal log-likelihood: -40799.742
Rate parameters:  A-C: 1.00000  A-G: 2.56080  A-T: 1.00000  C-G: 1.00000  C-T: 2.56080  G-T: 1.00000
Base frequencies:  A: 0.281  C: 0.211  G: 0.230  T: 0.278
Parameters optimization took 2 rounds (0.071 sec)
Wrote distance file to... 
BEST SCORE FOUND : -40799.742
Total tree length: 0.021

Total number of iterations: 0
CPU time used for tree search: 0.000 sec (0h:0m:0s)
Wall-clock time used for tree search: 0.000 sec (0h:0m:0s)
Total CPU time used: 124.804 sec (0h:2m:4s)
Total wall-clock time used: 49.666 sec (0h:0m:49s)

===> START JACKKNIFE REPLICATE NUMBER 165

Creating jackknife alignment (seed: 785891)...
Reading input tree file gl_output_rmq.fasta.raxml.bestTree ...

NOTE: 7 MB RAM (0 GB) is required!
Estimate model parameters (epsilon = 0.010)
1. Initial log-likelihood: -40761.358
2. Current log-likelihood: -40656.677
3. Current log-likelihood: -40656.516
Optimal log-likelihood: -40656.513
Rate parameters:  A-C: 1.00000  A-G: 2.70908  A-T: 1.00000  C-G: 1.00000  C-T: 2.70908  G-T: 1.00000
Base frequencies:  A: 0.280  C: 0.211  G: 0.225  T: 0.284
Parameters optimization took 3 rounds (0.100 sec)
Wrote distance file to... 
BEST SCORE FOUND : -40656.513
Total tree length: 0.020

Total number of iterations: 0
CPU time used for tree search: 0.000 sec (0h:0m:0s)
Wall-clock time used for tree search: 0.000 sec (0h:0m:0s)
Total CPU time used: 125.239 sec (0h:2m:5s)
Total wall-clock time used: 49.822 sec (0h:0m:49s)

===> START JACKKNIFE REPLICATE NUMBER 166

Creating jackknife alignment (seed: 785892)...
Reading input tree file gl_output_rmq.fasta.raxml.bestTree ...

NOTE: 7 MB RAM (0 GB) is required!
Estimate model parameters (epsilon = 0.010)
1. Initial log-likelihood: -40941.190
2. Current log-likelihood: -40861.513
3. Current log-likelihood: -40861.478
Optimal log-likelihood: -40861.474
Rate parameters:  A-C: 1.00000  A-G: 2.39313  A-T: 1.00000  C-G: 1.00000  C-T: 2.39313  G-T: 1.00000
Base frequencies:  A: 0.284  C: 0.209  G: 0.224  T: 0.284
Parameters optimization took 3 rounds (0.107 sec)
Wrote distance file to... 
BEST SCORE FOUND : -40861.474
Total tree length: 0.021

Total number of iterations: 0
CPU time used for tree search: 0.000 sec (0h:0m:0s)
Wall-clock time used for tree search: 0.000 sec (0h:0m:0s)
Total CPU time used: 125.695 sec (0h:2m:5s)
Total wall-clock time used: 49.986 sec (0h:0m:49s)

===> START JACKKNIFE REPLICATE NUMBER 167

Creating jackknife alignment (seed: 785893)...
Reading input tree file gl_output_rmq.fasta.raxml.bestTree ...

NOTE: 7 MB RAM (0 GB) is required!
Estimate model parameters (epsilon = 0.010)
1. Initial log-likelihood: -40815.843
2. Current log-likelihood: -40724.755
3. Current log-likelihood: -40724.708
Optimal log-likelihood: -40724.705
Rate parameters:  A-C: 1.00000  A-G: 2.53575  A-T: 1.00000  C-G: 1.00000  C-T: 2.53575  G-T: 1.00000
Base frequencies:  A: 0.282  C: 0.212  G: 0.230  T: 0.276
Parameters optimization took 3 rounds (0.110 sec)
Wrote distance file to... 
BEST SCORE FOUND : -40724.705
Total tree length: 0.020

Total number of iterations: 0
CPU time used for tree search: 0.000 sec (0h:0m:0s)
Wall-clock time used for tree search: 0.000 sec (0h:0m:0s)
Total CPU time used: 126.161 sec (0h:2m:6s)
Total wall-clock time used: 50.154 sec (0h:0m:50s)

===> START JACKKNIFE REPLICATE NUMBER 168

Creating jackknife alignment (seed: 785894)...
Reading input tree file gl_output_rmq.fasta.raxml.bestTree ...

NOTE: 8 MB RAM (0 GB) is required!
Estimate model parameters (epsilon = 0.010)
1. Initial log-likelihood: -41413.052
2. Current log-likelihood: -41330.918
3. Current log-likelihood: -41330.824
Optimal log-likelihood: -41330.824
Rate parameters:  A-C: 1.00000  A-G: 2.28378  A-T: 1.00000  C-G: 1.00000  C-T: 2.28378  G-T: 1.00000
Base frequencies:  A: 0.284  C: 0.211  G: 0.224  T: 0.281
Parameters optimization took 3 rounds (0.101 sec)
Wrote distance file to... 
BEST SCORE FOUND : -41330.824
Total tree length: 0.024

Total number of iterations: 0
CPU time used for tree search: 0.000 sec (0h:0m:0s)
Wall-clock time used for tree search: 0.000 sec (0h:0m:0s)
Total CPU time used: 126.602 sec (0h:2m:6s)
Total wall-clock time used: 50.313 sec (0h:0m:50s)

===> START JACKKNIFE REPLICATE NUMBER 169

Creating jackknife alignment (seed: 785895)...
Reading input tree file gl_output_rmq.fasta.raxml.bestTree ...

NOTE: 7 MB RAM (0 GB) is required!
Estimate model parameters (epsilon = 0.010)
1. Initial log-likelihood: -40897.897
2. Current log-likelihood: -40813.824
3. Current log-likelihood: -40813.638
4. Current log-likelihood: -40813.623
Optimal log-likelihood: -40813.623
Rate parameters:  A-C: 1.00000  A-G: 2.35376  A-T: 1.00000  C-G: 1.00000  C-T: 2.35376  G-T: 1.00000
Base frequencies:  A: 0.282  C: 0.211  G: 0.227  T: 0.280
Parameters optimization took 4 rounds (0.142 sec)
Wrote distance file to... 
BEST SCORE FOUND : -40813.623
Total tree length: 0.021

Total number of iterations: 0
CPU time used for tree search: 0.000 sec (0h:0m:0s)
Wall-clock time used for tree search: 0.000 sec (0h:0m:0s)
Total CPU time used: 127.163 sec (0h:2m:7s)
Total wall-clock time used: 50.513 sec (0h:0m:50s)

===> START JACKKNIFE REPLICATE NUMBER 170

Creating jackknife alignment (seed: 785896)...
Reading input tree file gl_output_rmq.fasta.raxml.bestTree ...

NOTE: 7 MB RAM (0 GB) is required!
Estimate model parameters (epsilon = 0.010)
1. Initial log-likelihood: -41357.681
2. Current log-likelihood: -41279.648
3. Current log-likelihood: -41279.543
4. Current log-likelihood: -41279.528
Optimal log-likelihood: -41279.528
Rate parameters:  A-C: 1.00000  A-G: 2.23803  A-T: 1.00000  C-G: 1.00000  C-T: 2.23803  G-T: 1.00000
Base frequencies:  A: 0.285  C: 0.208  G: 0.227  T: 0.280
Parameters optimization took 4 rounds (0.140 sec)
Wrote distance file to... 
BEST SCORE FOUND : -41279.528
Total tree length: 0.023

Total number of iterations: 0
CPU time used for tree search: 0.000 sec (0h:0m:0s)
Wall-clock time used for tree search: 0.000 sec (0h:0m:0s)
Total CPU time used: 127.734 sec (0h:2m:7s)
Total wall-clock time used: 50.716 sec (0h:0m:50s)

===> START JACKKNIFE REPLICATE NUMBER 171

Creating jackknife alignment (seed: 785897)...
Reading input tree file gl_output_rmq.fasta.raxml.bestTree ...

NOTE: 7 MB RAM (0 GB) is required!
Estimate model parameters (epsilon = 0.010)
1. Initial log-likelihood: -41327.334
2. Current log-likelihood: -41219.551
3. Current log-likelihood: -41219.396
Optimal log-likelihood: -41219.395
Rate parameters:  A-C: 1.00000  A-G: 2.86789  A-T: 1.00000  C-G: 1.00000  C-T: 2.86789  G-T: 1.00000
Base frequencies:  A: 0.280  C: 0.208  G: 0.228  T: 0.283
Parameters optimization took 3 rounds (0.101 sec)
Wrote distance file to... 
BEST SCORE FOUND : -41219.395
Total tree length: 0.023

Total number of iterations: 0
CPU time used for tree search: 0.000 sec (0h:0m:0s)
Wall-clock time used for tree search: 0.000 sec (0h:0m:0s)
Total CPU time used: 128.174 sec (0h:2m:8s)
Total wall-clock time used: 50.876 sec (0h:0m:50s)

===> START JACKKNIFE REPLICATE NUMBER 172

Creating jackknife alignment (seed: 785898)...
Reading input tree file gl_output_rmq.fasta.raxml.bestTree ...

NOTE: 7 MB RAM (0 GB) is required!
Estimate model parameters (epsilon = 0.010)
1. Initial log-likelihood: -41168.781
2. Current log-likelihood: -41076.454
3. Current log-likelihood: -41076.286
Optimal log-likelihood: -41076.285
Rate parameters:  A-C: 1.00000  A-G: 2.43166  A-T: 1.00000  C-G: 1.00000  C-T: 2.43166  G-T: 1.00000
Base frequencies:  A: 0.286  C: 0.209  G: 0.227  T: 0.278
Parameters optimization took 3 rounds (0.104 sec)
Wrote distance file to... 
BEST SCORE FOUND : -41076.285
Total tree length: 0.022

Total number of iterations: 0
CPU time used for tree search: 0.000 sec (0h:0m:0s)
Wall-clock time used for tree search: 0.000 sec (0h:0m:0s)
Total CPU time used: 128.623 sec (0h:2m:8s)
Total wall-clock time used: 51.038 sec (0h:0m:51s)

===> START JACKKNIFE REPLICATE NUMBER 173

Creating jackknife alignment (seed: 785899)...
Reading input tree file gl_output_rmq.fasta.raxml.bestTree ...

NOTE: 8 MB RAM (0 GB) is required!
Estimate model parameters (epsilon = 0.010)
1. Initial log-likelihood: -40983.404
2. Current log-likelihood: -40894.511
3. Current log-likelihood: -40894.416
Optimal log-likelihood: -40894.414
Rate parameters:  A-C: 1.00000  A-G: 2.58738  A-T: 1.00000  C-G: 1.00000  C-T: 2.58738  G-T: 1.00000
Base frequencies:  A: 0.280  C: 0.212  G: 0.229  T: 0.279
Parameters optimization took 3 rounds (0.139 sec)
Wrote distance file to... 
BEST SCORE FOUND : -40894.414
Total tree length: 0.021

Total number of iterations: 0
CPU time used for tree search: 0.000 sec (0h:0m:0s)
Wall-clock time used for tree search: 0.000 sec (0h:0m:0s)
Total CPU time used: 129.185 sec (0h:2m:9s)
Total wall-clock time used: 51.240 sec (0h:0m:51s)

===> START JACKKNIFE REPLICATE NUMBER 174

Creating jackknife alignment (seed: 785900)...
Reading input tree file gl_output_rmq.fasta.raxml.bestTree ...

NOTE: 7 MB RAM (0 GB) is required!
Estimate model parameters (epsilon = 0.010)
1. Initial log-likelihood: -40918.863
2. Current log-likelihood: -40831.007
3. Current log-likelihood: -40830.034
4. Current log-likelihood: -40830.016
Optimal log-likelihood: -40830.016
Rate parameters:  A-C: 1.00000  A-G: 2.46723  A-T: 1.00000  C-G: 1.00000  C-T: 2.46723  G-T: 1.00000
Base frequencies:  A: 0.278  C: 0.210  G: 0.230  T: 0.281
Parameters optimization took 4 rounds (0.124 sec)
Wrote distance file to... 
BEST SCORE FOUND : -40830.016
Total tree length: 0.021

Total number of iterations: 0
CPU time used for tree search: 0.000 sec (0h:0m:0s)
Wall-clock time used for tree search: 0.000 sec (0h:0m:0s)
Total CPU time used: 129.734 sec (0h:2m:9s)
Total wall-clock time used: 51.436 sec (0h:0m:51s)

===> START JACKKNIFE REPLICATE NUMBER 175

Creating jackknife alignment (seed: 785901)...
Reading input tree file gl_output_rmq.fasta.raxml.bestTree ...

NOTE: 8 MB RAM (0 GB) is required!
Estimate model parameters (epsilon = 0.010)
1. Initial log-likelihood: -41337.238
2. Current log-likelihood: -41256.901
3. Current log-likelihood: -41256.862
Optimal log-likelihood: -41256.862
Rate parameters:  A-C: 1.00000  A-G: 2.20442  A-T: 1.00000  C-G: 1.00000  C-T: 2.20442  G-T: 1.00000
Base frequencies:  A: 0.280  C: 0.211  G: 0.228  T: 0.281
Parameters optimization took 3 rounds (0.120 sec)
Wrote distance file to... 
BEST SCORE FOUND : -41256.862
Total tree length: 0.022

Total number of iterations: 0
CPU time used for tree search: 0.000 sec (0h:0m:0s)
Wall-clock time used for tree search: 0.000 sec (0h:0m:0s)
Total CPU time used: 130.246 sec (0h:2m:10s)
Total wall-clock time used: 51.623 sec (0h:0m:51s)

===> START JACKKNIFE REPLICATE NUMBER 176

Creating jackknife alignment (seed: 785902)...
Reading input tree file gl_output_rmq.fasta.raxml.bestTree ...

NOTE: 7 MB RAM (0 GB) is required!
Estimate model parameters (epsilon = 0.010)
1. Initial log-likelihood: -40754.097
2. Current log-likelihood: -40679.035
3. Current log-likelihood: -40678.883
Optimal log-likelihood: -40678.883
Rate parameters:  A-C: 1.00000  A-G: 1.96575  A-T: 1.00000  C-G: 1.00000  C-T: 1.96575  G-T: 1.00000
Base frequencies:  A: 0.281  C: 0.212  G: 0.231  T: 0.276
Parameters optimization took 3 rounds (0.116 sec)
Wrote distance file to... 
BEST SCORE FOUND : -40678.883
Total tree length: 0.020

Total number of iterations: 0
CPU time used for tree search: 0.000 sec (0h:0m:0s)
Wall-clock time used for tree search: 0.000 sec (0h:0m:0s)
Total CPU time used: 130.734 sec (0h:2m:10s)
Total wall-clock time used: 51.800 sec (0h:0m:51s)

===> START JACKKNIFE REPLICATE NUMBER 177

Creating jackknife alignment (seed: 785903)...
Reading input tree file gl_output_rmq.fasta.raxml.bestTree ...

NOTE: 7 MB RAM (0 GB) is required!
Estimate model parameters (epsilon = 0.010)
1. Initial log-likelihood: -40934.106
2. Current log-likelihood: -40848.794
3. Current log-likelihood: -40848.662
Optimal log-likelihood: -40848.654
Rate parameters:  A-C: 1.00000  A-G: 2.43434  A-T: 1.00000  C-G: 1.00000  C-T: 2.43434  G-T: 1.00000
Base frequencies:  A: 0.282  C: 0.209  G: 0.230  T: 0.278
Parameters optimization took 3 rounds (0.103 sec)
Wrote distance file to... 
BEST SCORE FOUND : -40848.654
Total tree length: 0.021

Total number of iterations: 0
CPU time used for tree search: 0.000 sec (0h:0m:0s)
Wall-clock time used for tree search: 0.000 sec (0h:0m:0s)
Total CPU time used: 131.189 sec (0h:2m:11s)
Total wall-clock time used: 51.963 sec (0h:0m:51s)

===> START JACKKNIFE REPLICATE NUMBER 178

Creating jackknife alignment (seed: 785904)...
Reading input tree file gl_output_rmq.fasta.raxml.bestTree ...

NOTE: 7 MB RAM (0 GB) is required!
Estimate model parameters (epsilon = 0.010)
1. Initial log-likelihood: -41113.019
2. Current log-likelihood: -41026.276
3. Current log-likelihood: -41026.232
Optimal log-likelihood: -41026.232
Rate parameters:  A-C: 1.00000  A-G: 2.34742  A-T: 1.00000  C-G: 1.00000  C-T: 2.34742  G-T: 1.00000
Base frequencies:  A: 0.278  C: 0.210  G: 0.228  T: 0.284
Parameters optimization took 3 rounds (0.102 sec)
Wrote distance file to... 
BEST SCORE FOUND : -41026.232
Total tree length: 0.022

Total number of iterations: 0
CPU time used for tree search: 0.000 sec (0h:0m:0s)
Wall-clock time used for tree search: 0.000 sec (0h:0m:0s)
Total CPU time used: 131.675 sec (0h:2m:11s)
Total wall-clock time used: 52.150 sec (0h:0m:52s)

===> START JACKKNIFE REPLICATE NUMBER 179

Creating jackknife alignment (seed: 785905)...
Reading input tree file gl_output_rmq.fasta.raxml.bestTree ...

NOTE: 7 MB RAM (0 GB) is required!
Estimate model parameters (epsilon = 0.010)
1. Initial log-likelihood: -40747.547
2. Current log-likelihood: -40662.716
3. Current log-likelihood: -40662.337
Optimal log-likelihood: -40662.337
Rate parameters:  A-C: 1.00000  A-G: 2.18576  A-T: 1.00000  C-G: 1.00000  C-T: 2.18576  G-T: 1.00000
Base frequencies:  A: 0.287  C: 0.210  G: 0.224  T: 0.280
Parameters optimization took 3 rounds (0.096 sec)
Wrote distance file to... 
BEST SCORE FOUND : -40662.337
Total tree length: 0.020

Total number of iterations: 0
CPU time used for tree search: 0.000 sec (0h:0m:0s)
Wall-clock time used for tree search: 0.000 sec (0h:0m:0s)
Total CPU time used: 132.105 sec (0h:2m:12s)
Total wall-clock time used: 52.307 sec (0h:0m:52s)

===> START JACKKNIFE REPLICATE NUMBER 180

Creating jackknife alignment (seed: 785906)...
Reading input tree file gl_output_rmq.fasta.raxml.bestTree ...

NOTE: 7 MB RAM (0 GB) is required!
Estimate model parameters (epsilon = 0.010)
1. Initial log-likelihood: -40898.872
2. Current log-likelihood: -40801.841
3. Current log-likelihood: -40801.765
4. Current log-likelihood: -40801.748
Optimal log-likelihood: -40801.748
Rate parameters:  A-C: 1.00000  A-G: 2.46298  A-T: 1.00000  C-G: 1.00000  C-T: 2.46298  G-T: 1.00000
Base frequencies:  A: 0.285  C: 0.209  G: 0.229  T: 0.277
Parameters optimization took 4 rounds (0.133 sec)
Wrote distance file to... 
BEST SCORE FOUND : -40801.748
Total tree length: 0.020

Total number of iterations: 0
CPU time used for tree search: 0.000 sec (0h:0m:0s)
Wall-clock time used for tree search: 0.000 sec (0h:0m:0s)
Total CPU time used: 132.642 sec (0h:2m:12s)
Total wall-clock time used: 52.500 sec (0h:0m:52s)

===> START JACKKNIFE REPLICATE NUMBER 181

Creating jackknife alignment (seed: 785907)...
Reading input tree file gl_output_rmq.fasta.raxml.bestTree ...

NOTE: 7 MB RAM (0 GB) is required!
Estimate model parameters (epsilon = 0.010)
1. Initial log-likelihood: -41097.109
2. Current log-likelihood: -41015.006
3. Current log-likelihood: -41014.957
Optimal log-likelihood: -41014.950
Rate parameters:  A-C: 1.00000  A-G: 2.38119  A-T: 1.00000  C-G: 1.00000  C-T: 2.38119  G-T: 1.00000
Base frequencies:  A: 0.280  C: 0.210  G: 0.230  T: 0.280
Parameters optimization took 3 rounds (0.093 sec)
Wrote distance file to... 
BEST SCORE FOUND : -41014.950
Total tree length: 0.022

Total number of iterations: 0
CPU time used for tree search: 0.000 sec (0h:0m:0s)
Wall-clock time used for tree search: 0.000 sec (0h:0m:0s)
Total CPU time used: 133.060 sec (0h:2m:13s)
Total wall-clock time used: 52.652 sec (0h:0m:52s)

===> START JACKKNIFE REPLICATE NUMBER 182

Creating jackknife alignment (seed: 785908)...
Reading input tree file gl_output_rmq.fasta.raxml.bestTree ...

NOTE: 7 MB RAM (0 GB) is required!
Estimate model parameters (epsilon = 0.010)
1. Initial log-likelihood: -41016.535
2. Current log-likelihood: -40917.337
3. Current log-likelihood: -40917.245
Optimal log-likelihood: -40917.243
Rate parameters:  A-C: 1.00000  A-G: 2.74869  A-T: 1.00000  C-G: 1.00000  C-T: 2.74869  G-T: 1.00000
Base frequencies:  A: 0.285  C: 0.207  G: 0.226  T: 0.281
Parameters optimization took 3 rounds (0.110 sec)
Wrote distance file to... 
BEST SCORE FOUND : -40917.243
Total tree length: 0.021

Total number of iterations: 0
CPU time used for tree search: 0.000 sec (0h:0m:0s)
Wall-clock time used for tree search: 0.000 sec (0h:0m:0s)
Total CPU time used: 133.558 sec (0h:2m:13s)
Total wall-clock time used: 52.835 sec (0h:0m:52s)

===> START JACKKNIFE REPLICATE NUMBER 183

Creating jackknife alignment (seed: 785909)...
Reading input tree file gl_output_rmq.fasta.raxml.bestTree ...

NOTE: 7 MB RAM (0 GB) is required!
Estimate model parameters (epsilon = 0.010)
1. Initial log-likelihood: -41306.798
2. Current log-likelihood: -41217.539
3. Current log-likelihood: -41217.520
Optimal log-likelihood: -41217.520
Rate parameters:  A-C: 1.00000  A-G: 2.35312  A-T: 1.00000  C-G: 1.00000  C-T: 2.35312  G-T: 1.00000
Base frequencies:  A: 0.285  C: 0.211  G: 0.225  T: 0.279
Parameters optimization took 3 rounds (0.096 sec)
Wrote distance file to... 
BEST SCORE FOUND : -41217.520
Total tree length: 0.023

Total number of iterations: 0
CPU time used for tree search: 0.000 sec (0h:0m:0s)
Wall-clock time used for tree search: 0.000 sec (0h:0m:0s)
Total CPU time used: 133.980 sec (0h:2m:13s)
Total wall-clock time used: 52.988 sec (0h:0m:52s)

===> START JACKKNIFE REPLICATE NUMBER 184

Creating jackknife alignment (seed: 785910)...
Reading input tree file gl_output_rmq.fasta.raxml.bestTree ...

NOTE: 7 MB RAM (0 GB) is required!
Estimate model parameters (epsilon = 0.010)
1. Initial log-likelihood: -41029.546
2. Current log-likelihood: -40943.012
3. Current log-likelihood: -40942.955
Optimal log-likelihood: -40942.955
Rate parameters:  A-C: 1.00000  A-G: 2.42881  A-T: 1.00000  C-G: 1.00000  C-T: 2.42881  G-T: 1.00000
Base frequencies:  A: 0.282  C: 0.211  G: 0.226  T: 0.281
Parameters optimization took 3 rounds (0.113 sec)
Wrote distance file to... 
BEST SCORE FOUND : -40942.955
Total tree length: 0.021

Total number of iterations: 0
CPU time used for tree search: 0.000 sec (0h:0m:0s)
Wall-clock time used for tree search: 0.000 sec (0h:0m:0s)
Total CPU time used: 134.461 sec (0h:2m:14s)
Total wall-clock time used: 53.164 sec (0h:0m:53s)

===> START JACKKNIFE REPLICATE NUMBER 185

Creating jackknife alignment (seed: 785911)...
Reading input tree file gl_output_rmq.fasta.raxml.bestTree ...

NOTE: 7 MB RAM (0 GB) is required!
Estimate model parameters (epsilon = 0.010)
1. Initial log-likelihood: -41135.533
2. Current log-likelihood: -41039.328
3. Current log-likelihood: -41039.315
Optimal log-likelihood: -41039.312
Rate parameters:  A-C: 1.00000  A-G: 2.67219  A-T: 1.00000  C-G: 1.00000  C-T: 2.67219  G-T: 1.00000
Base frequencies:  A: 0.279  C: 0.211  G: 0.225  T: 0.284
Parameters optimization took 3 rounds (0.094 sec)
Wrote distance file to... 
BEST SCORE FOUND : -41039.312
Total tree length: 0.022

Total number of iterations: 0
CPU time used for tree search: 0.000 sec (0h:0m:0s)
Wall-clock time used for tree search: 0.000 sec (0h:0m:0s)
Total CPU time used: 134.891 sec (0h:2m:14s)
Total wall-clock time used: 53.320 sec (0h:0m:53s)

===> START JACKKNIFE REPLICATE NUMBER 186

Creating jackknife alignment (seed: 785912)...
Reading input tree file gl_output_rmq.fasta.raxml.bestTree ...

NOTE: 7 MB RAM (0 GB) is required!
Estimate model parameters (epsilon = 0.010)
1. Initial log-likelihood: -40672.256
2. Current log-likelihood: -40557.923
Optimal log-likelihood: -40557.916
Rate parameters:  A-C: 1.00000  A-G: 2.81082  A-T: 1.00000  C-G: 1.00000  C-T: 2.81082  G-T: 1.00000
Base frequencies:  A: 0.283  C: 0.211  G: 0.227  T: 0.279
Parameters optimization took 2 rounds (0.081 sec)
Wrote distance file to... 
BEST SCORE FOUND : -40557.916
Total tree length: 0.020

Total number of iterations: 0
CPU time used for tree search: 0.000 sec (0h:0m:0s)
Wall-clock time used for tree search: 0.000 sec (0h:0m:0s)
Total CPU time used: 135.282 sec (0h:2m:15s)
Total wall-clock time used: 53.463 sec (0h:0m:53s)

===> START JACKKNIFE REPLICATE NUMBER 187

Creating jackknife alignment (seed: 785913)...
Reading input tree file gl_output_rmq.fasta.raxml.bestTree ...

NOTE: 7 MB RAM (0 GB) is required!
Estimate model parameters (epsilon = 0.010)
1. Initial log-likelihood: -41252.087
2. Current log-likelihood: -41174.256
3. Current log-likelihood: -41174.237
Optimal log-likelihood: -41174.235
Rate parameters:  A-C: 1.00000  A-G: 2.22133  A-T: 1.00000  C-G: 1.00000  C-T: 2.22133  G-T: 1.00000
Base frequencies:  A: 0.284  C: 0.212  G: 0.227  T: 0.277
Parameters optimization took 3 rounds (0.078 sec)
Wrote distance file to... 
BEST SCORE FOUND : -41174.235
Total tree length: 0.022

Total number of iterations: 0
CPU time used for tree search: 0.000 sec (0h:0m:0s)
Wall-clock time used for tree search: 0.000 sec (0h:0m:0s)
Total CPU time used: 135.663 sec (0h:2m:15s)
Total wall-clock time used: 53.609 sec (0h:0m:53s)

===> START JACKKNIFE REPLICATE NUMBER 188

Creating jackknife alignment (seed: 785914)...
Reading input tree file gl_output_rmq.fasta.raxml.bestTree ...

NOTE: 7 MB RAM (0 GB) is required!
Estimate model parameters (epsilon = 0.010)
1. Initial log-likelihood: -40634.008
2. Current log-likelihood: -40565.138
3. Current log-likelihood: -40553.605
4. Current log-likelihood: -40515.177
Optimal log-likelihood: -40515.174
Rate parameters:  A-C: 1.00000  A-G: 3.20887  A-T: 1.00000  C-G: 1.00000  C-T: 3.20887  G-T: 1.00000
Base frequencies:  A: 0.284  C: 0.210  G: 0.226  T: 0.280
Parameters optimization took 4 rounds (0.137 sec)
Wrote distance file to... 
BEST SCORE FOUND : -40515.174
Total tree length: 0.019

Total number of iterations: 0
CPU time used for tree search: 0.000 sec (0h:0m:0s)
Wall-clock time used for tree search: 0.000 sec (0h:0m:0s)
Total CPU time used: 136.225 sec (0h:2m:16s)
Total wall-clock time used: 53.811 sec (0h:0m:53s)

===> START JACKKNIFE REPLICATE NUMBER 189

Creating jackknife alignment (seed: 785915)...
Reading input tree file gl_output_rmq.fasta.raxml.bestTree ...

NOTE: 7 MB RAM (0 GB) is required!
Estimate model parameters (epsilon = 0.010)
1. Initial log-likelihood: -40983.816
2. Current log-likelihood: -40888.729
Optimal log-likelihood: -40888.721
Rate parameters:  A-C: 1.00000  A-G: 2.58145  A-T: 1.00000  C-G: 1.00000  C-T: 2.58145  G-T: 1.00000
Base frequencies:  A: 0.282  C: 0.207  G: 0.228  T: 0.283
Parameters optimization took 2 rounds (0.076 sec)
Wrote distance file to... 
BEST SCORE FOUND : -40888.721
Total tree length: 0.022

Total number of iterations: 0
CPU time used for tree search: 0.000 sec (0h:0m:0s)
Wall-clock time used for tree search: 0.000 sec (0h:0m:0s)
Total CPU time used: 136.598 sec (0h:2m:16s)
Total wall-clock time used: 53.949 sec (0h:0m:53s)

===> START JACKKNIFE REPLICATE NUMBER 190

Creating jackknife alignment (seed: 785916)...
Reading input tree file gl_output_rmq.fasta.raxml.bestTree ...

NOTE: 7 MB RAM (0 GB) is required!
Estimate model parameters (epsilon = 0.010)
1. Initial log-likelihood: -41340.419
2. Current log-likelihood: -41258.655
3. Current log-likelihood: -41258.467
Optimal log-likelihood: -41258.465
Rate parameters:  A-C: 1.00000  A-G: 2.35747  A-T: 1.00000  C-G: 1.00000  C-T: 2.35747  G-T: 1.00000
Base frequencies:  A: 0.282  C: 0.217  G: 0.223  T: 0.278
Parameters optimization took 3 rounds (0.111 sec)
Wrote distance file to... 
BEST SCORE FOUND : -41258.465
Total tree length: 0.023

Total number of iterations: 0
CPU time used for tree search: 0.000 sec (0h:0m:0s)
Wall-clock time used for tree search: 0.000 sec (0h:0m:0s)
Total CPU time used: 137.078 sec (0h:2m:17s)
Total wall-clock time used: 54.122 sec (0h:0m:54s)

===> START JACKKNIFE REPLICATE NUMBER 191

Creating jackknife alignment (seed: 785917)...
Reading input tree file gl_output_rmq.fasta.raxml.bestTree ...

NOTE: 7 MB RAM (0 GB) is required!
Estimate model parameters (epsilon = 0.010)
1. Initial log-likelihood: -40763.169
2. Current log-likelihood: -40688.793
3. Current log-likelihood: -40688.469
Optimal log-likelihood: -40688.469
Rate parameters:  A-C: 1.00000  A-G: 2.22912  A-T: 1.00000  C-G: 1.00000  C-T: 2.22912  G-T: 1.00000
Base frequencies:  A: 0.281  C: 0.211  G: 0.226  T: 0.282
Parameters optimization took 3 rounds (0.096 sec)
Wrote distance file to... 
BEST SCORE FOUND : -40688.469
Total tree length: 0.020

Total number of iterations: 0
CPU time used for tree search: 0.000 sec (0h:0m:0s)
Wall-clock time used for tree search: 0.000 sec (0h:0m:0s)
Total CPU time used: 137.513 sec (0h:2m:17s)
Total wall-clock time used: 54.282 sec (0h:0m:54s)

===> START JACKKNIFE REPLICATE NUMBER 192

Creating jackknife alignment (seed: 785918)...
Reading input tree file gl_output_rmq.fasta.raxml.bestTree ...

NOTE: 8 MB RAM (0 GB) is required!
Estimate model parameters (epsilon = 0.010)
1. Initial log-likelihood: -41049.834
2. Current log-likelihood: -40963.345
3. Current log-likelihood: -40963.229
4. Current log-likelihood: -40963.164
Optimal log-likelihood: -40963.161
Rate parameters:  A-C: 1.00000  A-G: 2.52100  A-T: 1.00000  C-G: 1.00000  C-T: 2.52100  G-T: 1.00000
Base frequencies:  A: 0.282  C: 0.209  G: 0.229  T: 0.280
Parameters optimization took 4 rounds (0.150 sec)
Wrote distance file to... 
BEST SCORE FOUND : -40963.161
Total tree length: 0.022

Total number of iterations: 0
CPU time used for tree search: 0.000 sec (0h:0m:0s)
Wall-clock time used for tree search: 0.000 sec (0h:0m:0s)
Total CPU time used: 138.106 sec (0h:2m:18s)
Total wall-clock time used: 54.492 sec (0h:0m:54s)

===> START JACKKNIFE REPLICATE NUMBER 193

Creating jackknife alignment (seed: 785919)...
Reading input tree file gl_output_rmq.fasta.raxml.bestTree ...

NOTE: 7 MB RAM (0 GB) is required!
Estimate model parameters (epsilon = 0.010)
1. Initial log-likelihood: -41004.943
2. Current log-likelihood: -40903.312
3. Current log-likelihood: -40903.301
Optimal log-likelihood: -40903.298
Rate parameters:  A-C: 1.00000  A-G: 2.70329  A-T: 1.00000  C-G: 1.00000  C-T: 2.70329  G-T: 1.00000
Base frequencies:  A: 0.283  C: 0.211  G: 0.225  T: 0.281
Parameters optimization took 3 rounds (0.119 sec)
Wrote distance file to... 
BEST SCORE FOUND : -40903.298
Total tree length: 0.021

Total number of iterations: 0
CPU time used for tree search: 0.000 sec (0h:0m:0s)
Wall-clock time used for tree search: 0.000 sec (0h:0m:0s)
Total CPU time used: 138.636 sec (0h:2m:18s)
Total wall-clock time used: 54.686 sec (0h:0m:54s)

===> START JACKKNIFE REPLICATE NUMBER 194

Creating jackknife alignment (seed: 785920)...
Reading input tree file gl_output_rmq.fasta.raxml.bestTree ...

NOTE: 7 MB RAM (0 GB) is required!
Estimate model parameters (epsilon = 0.010)
1. Initial log-likelihood: -41092.961
2. Current log-likelihood: -40999.581
3. Current log-likelihood: -40999.481
4. Current log-likelihood: -40999.421
Optimal log-likelihood: -40999.414
Rate parameters:  A-C: 1.00000  A-G: 2.56447  A-T: 1.00000  C-G: 1.00000  C-T: 2.56447  G-T: 1.00000
Base frequencies:  A: 0.282  C: 0.209  G: 0.226  T: 0.283
Parameters optimization took 4 rounds (0.142 sec)
Wrote distance file to... 
BEST SCORE FOUND : -40999.414
Total tree length: 0.022

Total number of iterations: 0
CPU time used for tree search: 0.000 sec (0h:0m:0s)
Wall-clock time used for tree search: 0.000 sec (0h:0m:0s)
Total CPU time used: 139.213 sec (0h:2m:19s)
Total wall-clock time used: 54.894 sec (0h:0m:54s)

===> START JACKKNIFE REPLICATE NUMBER 195

Creating jackknife alignment (seed: 785921)...
Reading input tree file gl_output_rmq.fasta.raxml.bestTree ...

NOTE: 7 MB RAM (0 GB) is required!
Estimate model parameters (epsilon = 0.010)
1. Initial log-likelihood: -40835.622
2. Current log-likelihood: -40761.772
3. Current log-likelihood: -40761.177
Optimal log-likelihood: -40761.176
Rate parameters:  A-C: 1.00000  A-G: 2.09201  A-T: 1.00000  C-G: 1.00000  C-T: 2.09201  G-T: 1.00000
Base frequencies:  A: 0.283  C: 0.210  G: 0.226  T: 0.281
Parameters optimization took 3 rounds (0.112 sec)
Wrote distance file to... 
BEST SCORE FOUND : -40761.176
Total tree length: 0.021

Total number of iterations: 0
CPU time used for tree search: 0.000 sec (0h:0m:0s)
Wall-clock time used for tree search: 0.000 sec (0h:0m:0s)
Total CPU time used: 139.700 sec (0h:2m:19s)
Total wall-clock time used: 55.070 sec (0h:0m:55s)

===> START JACKKNIFE REPLICATE NUMBER 196

Creating jackknife alignment (seed: 785922)...
Reading input tree file gl_output_rmq.fasta.raxml.bestTree ...

NOTE: 7 MB RAM (0 GB) is required!
Estimate model parameters (epsilon = 0.010)
1. Initial log-likelihood: -41105.885
2. Current log-likelihood: -41010.387
3. Current log-likelihood: -41010.322
Optimal log-likelihood: -41010.320
Rate parameters:  A-C: 1.00000  A-G: 2.59838  A-T: 1.00000  C-G: 1.00000  C-T: 2.59838  G-T: 1.00000
Base frequencies:  A: 0.284  C: 0.211  G: 0.225  T: 0.279
Parameters optimization took 3 rounds (0.116 sec)
Wrote distance file to... 
BEST SCORE FOUND : -41010.320
Total tree length: 0.022

Total number of iterations: 0
CPU time used for tree search: 0.000 sec (0h:0m:0s)
Wall-clock time used for tree search: 0.000 sec (0h:0m:0s)
Total CPU time used: 140.194 sec (0h:2m:20s)
Total wall-clock time used: 55.247 sec (0h:0m:55s)

===> START JACKKNIFE REPLICATE NUMBER 197

Creating jackknife alignment (seed: 785923)...
Reading input tree file gl_output_rmq.fasta.raxml.bestTree ...

NOTE: 7 MB RAM (0 GB) is required!
Estimate model parameters (epsilon = 0.010)
1. Initial log-likelihood: -41067.731
2. Current log-likelihood: -40986.123
3. Current log-likelihood: -40985.363
Optimal log-likelihood: -40985.363
Rate parameters:  A-C: 1.00000  A-G: 2.44281  A-T: 1.00000  C-G: 1.00000  C-T: 2.44281  G-T: 1.00000
Base frequencies:  A: 0.286  C: 0.212  G: 0.224  T: 0.278
Parameters optimization took 3 rounds (0.126 sec)
Wrote distance file to... 
BEST SCORE FOUND : -40985.363
Total tree length: 0.022

Total number of iterations: 0
CPU time used for tree search: 0.000 sec (0h:0m:0s)
Wall-clock time used for tree search: 0.000 sec (0h:0m:0s)
Total CPU time used: 140.722 sec (0h:2m:20s)
Total wall-clock time used: 55.437 sec (0h:0m:55s)

===> START JACKKNIFE REPLICATE NUMBER 198

Creating jackknife alignment (seed: 785924)...
Reading input tree file gl_output_rmq.fasta.raxml.bestTree ...

NOTE: 7 MB RAM (0 GB) is required!
Estimate model parameters (epsilon = 0.010)
1. Initial log-likelihood: -40983.538
2. Current log-likelihood: -40894.025
3. Current log-likelihood: -40893.942
Optimal log-likelihood: -40893.934
Rate parameters:  A-C: 1.00000  A-G: 2.60723  A-T: 1.00000  C-G: 1.00000  C-T: 2.60723  G-T: 1.00000
Base frequencies:  A: 0.282  C: 0.213  G: 0.225  T: 0.281
Parameters optimization took 3 rounds (0.096 sec)
Wrote distance file to... 
BEST SCORE FOUND : -40893.934
Total tree length: 0.021

Total number of iterations: 0
CPU time used for tree search: 0.000 sec (0h:0m:0s)
Wall-clock time used for tree search: 0.000 sec (0h:0m:0s)
Total CPU time used: 141.167 sec (0h:2m:21s)
Total wall-clock time used: 55.602 sec (0h:0m:55s)

===> START JACKKNIFE REPLICATE NUMBER 199

Creating jackknife alignment (seed: 785925)...
Reading input tree file gl_output_rmq.fasta.raxml.bestTree ...

NOTE: 7 MB RAM (0 GB) is required!
Estimate model parameters (epsilon = 0.010)
1. Initial log-likelihood: -40666.761
2. Current log-likelihood: -40577.120
3. Current log-likelihood: -40577.097
4. Current log-likelihood: -40577.086
Optimal log-likelihood: -40577.086
Rate parameters:  A-C: 1.00000  A-G: 2.40353  A-T: 1.00000  C-G: 1.00000  C-T: 2.40353  G-T: 1.00000
Base frequencies:  A: 0.280  C: 0.212  G: 0.226  T: 0.281
Parameters optimization took 4 rounds (0.130 sec)
Wrote distance file to... 
BEST SCORE FOUND : -40577.086
Total tree length: 0.020

Total number of iterations: 0
CPU time used for tree search: 0.000 sec (0h:0m:0s)
Wall-clock time used for tree search: 0.000 sec (0h:0m:0s)
Total CPU time used: 141.699 sec (0h:2m:21s)
Total wall-clock time used: 55.795 sec (0h:0m:55s)

===> START JACKKNIFE REPLICATE NUMBER 200

Creating jackknife alignment (seed: 785926)...
Reading input tree file gl_output_rmq.fasta.raxml.bestTree ...

NOTE: 8 MB RAM (0 GB) is required!
Estimate model parameters (epsilon = 0.010)
1. Initial log-likelihood: -41327.329
2. Current log-likelihood: -41228.910
3. Current log-likelihood: -41228.796
4. Current log-likelihood: -41228.736
Optimal log-likelihood: -41228.726
Rate parameters:  A-C: 1.00000  A-G: 2.56133  A-T: 1.00000  C-G: 1.00000  C-T: 2.56133  G-T: 1.00000
Base frequencies:  A: 0.283  C: 0.210  G: 0.226  T: 0.281
Parameters optimization took 4 rounds (0.137 sec)
Wrote distance file to... 
BEST SCORE FOUND : -41228.726
Total tree length: 0.023

Total number of iterations: 0
CPU time used for tree search: 0.000 sec (0h:0m:0s)
Wall-clock time used for tree search: 0.000 sec (0h:0m:0s)
Total CPU time used: 142.256 sec (0h:2m:22s)
Total wall-clock time used: 55.993 sec (0h:0m:55s)

===> START JACKKNIFE REPLICATE NUMBER 201

Creating jackknife alignment (seed: 785927)...
Reading input tree file gl_output_rmq.fasta.raxml.bestTree ...

NOTE: 7 MB RAM (0 GB) is required!
Estimate model parameters (epsilon = 0.010)
1. Initial log-likelihood: -40816.414
2. Current log-likelihood: -40738.069
3. Current log-likelihood: -40737.877
Optimal log-likelihood: -40737.877
Rate parameters:  A-C: 1.00000  A-G: 2.23287  A-T: 1.00000  C-G: 1.00000  C-T: 2.23287  G-T: 1.00000
Base frequencies:  A: 0.282  C: 0.209  G: 0.229  T: 0.280
Parameters optimization took 3 rounds (0.111 sec)
Wrote distance file to... 
BEST SCORE FOUND : -40737.877
Total tree length: 0.021

Total number of iterations: 0
CPU time used for tree search: 0.000 sec (0h:0m:0s)
Wall-clock time used for tree search: 0.000 sec (0h:0m:0s)
Total CPU time used: 142.731 sec (0h:2m:22s)
Total wall-clock time used: 56.166 sec (0h:0m:56s)

===> START JACKKNIFE REPLICATE NUMBER 202

Creating jackknife alignment (seed: 785928)...
Reading input tree file gl_output_rmq.fasta.raxml.bestTree ...

NOTE: 7 MB RAM (0 GB) is required!
Estimate model parameters (epsilon = 0.010)
1. Initial log-likelihood: -41118.902
2. Current log-likelihood: -41031.571
3. Current log-likelihood: -41031.554
Optimal log-likelihood: -41031.554
Rate parameters:  A-C: 1.00000  A-G: 2.57912  A-T: 1.00000  C-G: 1.00000  C-T: 2.57912  G-T: 1.00000
Base frequencies:  A: 0.281  C: 0.213  G: 0.227  T: 0.279
Parameters optimization took 3 rounds (0.100 sec)
Wrote distance file to... 
BEST SCORE FOUND : -41031.554
Total tree length: 0.022

Total number of iterations: 0
CPU time used for tree search: 0.002 sec (0h:0m:0s)
Wall-clock time used for tree search: 0.000 sec (0h:0m:0s)
Total CPU time used: 143.189 sec (0h:2m:23s)
Total wall-clock time used: 56.335 sec (0h:0m:56s)

===> START JACKKNIFE REPLICATE NUMBER 203

Creating jackknife alignment (seed: 785929)...
Reading input tree file gl_output_rmq.fasta.raxml.bestTree ...

NOTE: 7 MB RAM (0 GB) is required!
Estimate model parameters (epsilon = 0.010)
1. Initial log-likelihood: -40811.456
2. Current log-likelihood: -40730.456
3. Current log-likelihood: -40730.215
Optimal log-likelihood: -40730.203
Rate parameters:  A-C: 1.00000  A-G: 2.19851  A-T: 1.00000  C-G: 1.00000  C-T: 2.19851  G-T: 1.00000
Base frequencies:  A: 0.283  C: 0.210  G: 0.228  T: 0.279
Parameters optimization took 3 rounds (0.093 sec)
Wrote distance file to... 
BEST SCORE FOUND : -40730.203
Total tree length: 0.021

Total number of iterations: 0
CPU time used for tree search: 0.000 sec (0h:0m:0s)
Wall-clock time used for tree search: 0.000 sec (0h:0m:0s)
Total CPU time used: 143.608 sec (0h:2m:23s)
Total wall-clock time used: 56.489 sec (0h:0m:56s)

===> START JACKKNIFE REPLICATE NUMBER 204

Creating jackknife alignment (seed: 785930)...
Reading input tree file gl_output_rmq.fasta.raxml.bestTree ...

NOTE: 8 MB RAM (0 GB) is required!
Estimate model parameters (epsilon = 0.010)
1. Initial log-likelihood: -41290.380
2. Current log-likelihood: -41199.333
3. Current log-likelihood: -41199.220
4. Current log-likelihood: -41199.175
Optimal log-likelihood: -41199.175
Rate parameters:  A-C: 1.00000  A-G: 2.40896  A-T: 1.00000  C-G: 1.00000  C-T: 2.40896  G-T: 1.00000
Base frequencies:  A: 0.282  C: 0.211  G: 0.225  T: 0.282
Parameters optimization took 4 rounds (0.152 sec)
Wrote distance file to... 
BEST SCORE FOUND : -41199.175
Total tree length: 0.023

Total number of iterations: 0
CPU time used for tree search: 0.000 sec (0h:0m:0s)
Wall-clock time used for tree search: 0.000 sec (0h:0m:0s)
Total CPU time used: 144.202 sec (0h:2m:24s)
Total wall-clock time used: 56.702 sec (0h:0m:56s)

===> START JACKKNIFE REPLICATE NUMBER 205

Creating jackknife alignment (seed: 785931)...
Reading input tree file gl_output_rmq.fasta.raxml.bestTree ...

NOTE: 8 MB RAM (0 GB) is required!
Estimate model parameters (epsilon = 0.010)
1. Initial log-likelihood: -41305.581
2. Current log-likelihood: -41200.690
Optimal log-likelihood: -41200.686
Rate parameters:  A-C: 1.00000  A-G: 2.74458  A-T: 1.00000  C-G: 1.00000  C-T: 2.74458  G-T: 1.00000
Base frequencies:  A: 0.286  C: 0.208  G: 0.225  T: 0.281
Parameters optimization took 2 rounds (0.070 sec)
Wrote distance file to... 
BEST SCORE FOUND : -41200.686
Total tree length: 0.023

Total number of iterations: 0
CPU time used for tree search: 0.000 sec (0h:0m:0s)
Wall-clock time used for tree search: 0.000 sec (0h:0m:0s)
Total CPU time used: 144.549 sec (0h:2m:24s)
Total wall-clock time used: 56.831 sec (0h:0m:56s)

===> START JACKKNIFE REPLICATE NUMBER 206

Creating jackknife alignment (seed: 785932)...
Reading input tree file gl_output_rmq.fasta.raxml.bestTree ...

NOTE: 7 MB RAM (0 GB) is required!
Estimate model parameters (epsilon = 0.010)
1. Initial log-likelihood: -40637.458
2. Current log-likelihood: -40554.791
3. Current log-likelihood: -40554.669
Optimal log-likelihood: -40554.669
Rate parameters:  A-C: 1.00000  A-G: 2.26193  A-T: 1.00000  C-G: 1.00000  C-T: 2.26193  G-T: 1.00000
Base frequencies:  A: 0.284  C: 0.209  G: 0.227  T: 0.280
Parameters optimization took 3 rounds (0.093 sec)
Wrote distance file to... 
BEST SCORE FOUND : -40554.669
Total tree length: 0.020

Total number of iterations: 0
CPU time used for tree search: 0.000 sec (0h:0m:0s)
Wall-clock time used for tree search: 0.000 sec (0h:0m:0s)
Total CPU time used: 144.969 sec (0h:2m:24s)
Total wall-clock time used: 56.984 sec (0h:0m:56s)

===> START JACKKNIFE REPLICATE NUMBER 207

Creating jackknife alignment (seed: 785933)...
Reading input tree file gl_output_rmq.fasta.raxml.bestTree ...

NOTE: 7 MB RAM (0 GB) is required!
Estimate model parameters (epsilon = 0.010)
1. Initial log-likelihood: -40748.891
2. Current log-likelihood: -40647.208
3. Current log-likelihood: -40647.194
Optimal log-likelihood: -40647.191
Rate parameters:  A-C: 1.00000  A-G: 2.71209  A-T: 1.00000  C-G: 1.00000  C-T: 2.71209  G-T: 1.00000
Base frequencies:  A: 0.283  C: 0.208  G: 0.228  T: 0.281
Parameters optimization took 3 rounds (0.106 sec)
Wrote distance file to... 
BEST SCORE FOUND : -40647.191
Total tree length: 0.020

Total number of iterations: 0
CPU time used for tree search: 0.000 sec (0h:0m:0s)
Wall-clock time used for tree search: 0.000 sec (0h:0m:0s)
Total CPU time used: 145.441 sec (0h:2m:25s)
Total wall-clock time used: 57.155 sec (0h:0m:57s)

===> START JACKKNIFE REPLICATE NUMBER 208

Creating jackknife alignment (seed: 785934)...
Reading input tree file gl_output_rmq.fasta.raxml.bestTree ...

NOTE: 7 MB RAM (0 GB) is required!
Estimate model parameters (epsilon = 0.010)
1. Initial log-likelihood: -40963.992
2. Current log-likelihood: -40852.818
3. Current log-likelihood: -40852.714
Optimal log-likelihood: -40852.713
Rate parameters:  A-C: 1.00000  A-G: 2.78867  A-T: 1.00000  C-G: 1.00000  C-T: 2.78867  G-T: 1.00000
Base frequencies:  A: 0.287  C: 0.208  G: 0.227  T: 0.278
Parameters optimization took 3 rounds (0.099 sec)
Wrote distance file to... 
BEST SCORE FOUND : -40852.713
Total tree length: 0.021

Total number of iterations: 0
CPU time used for tree search: 0.000 sec (0h:0m:0s)
Wall-clock time used for tree search: 0.000 sec (0h:0m:0s)
Total CPU time used: 145.875 sec (0h:2m:25s)
Total wall-clock time used: 57.312 sec (0h:0m:57s)

===> START JACKKNIFE REPLICATE NUMBER 209

Creating jackknife alignment (seed: 785935)...
Reading input tree file gl_output_rmq.fasta.raxml.bestTree ...

NOTE: 7 MB RAM (0 GB) is required!
Estimate model parameters (epsilon = 0.010)
1. Initial log-likelihood: -40965.081
2. Current log-likelihood: -40877.145
3. Current log-likelihood: -40877.084
Optimal log-likelihood: -40877.084
Rate parameters:  A-C: 1.00000  A-G: 2.37848  A-T: 1.00000  C-G: 1.00000  C-T: 2.37848  G-T: 1.00000
Base frequencies:  A: 0.283  C: 0.212  G: 0.228  T: 0.277
Parameters optimization took 3 rounds (0.099 sec)
Wrote distance file to... 
BEST SCORE FOUND : -40877.084
Total tree length: 0.021

Total number of iterations: 0
CPU time used for tree search: 0.000 sec (0h:0m:0s)
Wall-clock time used for tree search: 0.000 sec (0h:0m:0s)
Total CPU time used: 146.327 sec (0h:2m:26s)
Total wall-clock time used: 57.477 sec (0h:0m:57s)

===> START JACKKNIFE REPLICATE NUMBER 210

Creating jackknife alignment (seed: 785936)...
Reading input tree file gl_output_rmq.fasta.raxml.bestTree ...

NOTE: 7 MB RAM (0 GB) is required!
Estimate model parameters (epsilon = 0.010)
1. Initial log-likelihood: -40994.024
2. Current log-likelihood: -40892.648
3. Current log-likelihood: -40892.456
Optimal log-likelihood: -40892.451
Rate parameters:  A-C: 1.00000  A-G: 2.76084  A-T: 1.00000  C-G: 1.00000  C-T: 2.76084  G-T: 1.00000
Base frequencies:  A: 0.284  C: 0.210  G: 0.226  T: 0.280
Parameters optimization took 3 rounds (0.110 sec)
Wrote distance file to... 
BEST SCORE FOUND : -40892.451
Total tree length: 0.021

Total number of iterations: 0
CPU time used for tree search: 0.000 sec (0h:0m:0s)
Wall-clock time used for tree search: 0.000 sec (0h:0m:0s)
Total CPU time used: 146.808 sec (0h:2m:26s)
Total wall-clock time used: 57.649 sec (0h:0m:57s)

===> START JACKKNIFE REPLICATE NUMBER 211

Creating jackknife alignment (seed: 785937)...
Reading input tree file gl_output_rmq.fasta.raxml.bestTree ...

NOTE: 7 MB RAM (0 GB) is required!
Estimate model parameters (epsilon = 0.010)
1. Initial log-likelihood: -40786.766
2. Current log-likelihood: -40707.373
3. Current log-likelihood: -40706.992
Optimal log-likelihood: -40706.990
Rate parameters:  A-C: 1.00000  A-G: 2.13938  A-T: 1.00000  C-G: 1.00000  C-T: 2.13938  G-T: 1.00000
Base frequencies:  A: 0.285  C: 0.213  G: 0.229  T: 0.274
Parameters optimization took 3 rounds (0.093 sec)
Wrote distance file to... 
BEST SCORE FOUND : -40706.990
Total tree length: 0.020

Total number of iterations: 0
CPU time used for tree search: 0.000 sec (0h:0m:0s)
Wall-clock time used for tree search: 0.000 sec (0h:0m:0s)
Total CPU time used: 147.228 sec (0h:2m:27s)
Total wall-clock time used: 57.801 sec (0h:0m:57s)

===> START JACKKNIFE REPLICATE NUMBER 212

Creating jackknife alignment (seed: 785938)...
Reading input tree file gl_output_rmq.fasta.raxml.bestTree ...

NOTE: 7 MB RAM (0 GB) is required!
Estimate model parameters (epsilon = 0.010)
1. Initial log-likelihood: -41037.091
2. Current log-likelihood: -40956.698
3. Current log-likelihood: -40956.611
Optimal log-likelihood: -40956.611
Rate parameters:  A-C: 1.00000  A-G: 2.37657  A-T: 1.00000  C-G: 1.00000  C-T: 2.37657  G-T: 1.00000
Base frequencies:  A: 0.280  C: 0.210  G: 0.230  T: 0.280
Parameters optimization took 3 rounds (0.120 sec)
Wrote distance file to... 
BEST SCORE FOUND : -40956.611
Total tree length: 0.021

Total number of iterations: 0
CPU time used for tree search: 0.000 sec (0h:0m:0s)
Wall-clock time used for tree search: 0.000 sec (0h:0m:0s)
Total CPU time used: 147.731 sec (0h:2m:27s)
Total wall-clock time used: 57.983 sec (0h:0m:57s)

===> START JACKKNIFE REPLICATE NUMBER 213

Creating jackknife alignment (seed: 785939)...
Reading input tree file gl_output_rmq.fasta.raxml.bestTree ...

NOTE: 7 MB RAM (0 GB) is required!
Estimate model parameters (epsilon = 0.010)
1. Initial log-likelihood: -40775.710
2. Current log-likelihood: -40701.155
3. Current log-likelihood: -40701.133
Optimal log-likelihood: -40701.130
Rate parameters:  A-C: 1.00000  A-G: 2.08591  A-T: 1.00000  C-G: 1.00000  C-T: 2.08591  G-T: 1.00000
Base frequencies:  A: 0.279  C: 0.210  G: 0.226  T: 0.285
Parameters optimization took 3 rounds (0.093 sec)
Wrote distance file to... 
BEST SCORE FOUND : -40701.130
Total tree length: 0.020

Total number of iterations: 0
CPU time used for tree search: 0.000 sec (0h:0m:0s)
Wall-clock time used for tree search: 0.000 sec (0h:0m:0s)
Total CPU time used: 148.152 sec (0h:2m:28s)
Total wall-clock time used: 58.142 sec (0h:0m:58s)

===> START JACKKNIFE REPLICATE NUMBER 214

Creating jackknife alignment (seed: 785940)...
Reading input tree file gl_output_rmq.fasta.raxml.bestTree ...

NOTE: 7 MB RAM (0 GB) is required!
Estimate model parameters (epsilon = 0.010)
1. Initial log-likelihood: -40751.259
2. Current log-likelihood: -40676.134
3. Current log-likelihood: -40675.832
Optimal log-likelihood: -40675.832
Rate parameters:  A-C: 1.00000  A-G: 2.05115  A-T: 1.00000  C-G: 1.00000  C-T: 2.05115  G-T: 1.00000
Base frequencies:  A: 0.285  C: 0.209  G: 0.226  T: 0.281
Parameters optimization took 3 rounds (0.096 sec)
Wrote distance file to... 
BEST SCORE FOUND : -40675.832
Total tree length: 0.020

Total number of iterations: 0
CPU time used for tree search: 0.000 sec (0h:0m:0s)
Wall-clock time used for tree search: 0.000 sec (0h:0m:0s)
Total CPU time used: 148.585 sec (0h:2m:28s)
Total wall-clock time used: 58.298 sec (0h:0m:58s)

===> START JACKKNIFE REPLICATE NUMBER 215

Creating jackknife alignment (seed: 785941)...
Reading input tree file gl_output_rmq.fasta.raxml.bestTree ...

NOTE: 7 MB RAM (0 GB) is required!
Estimate model parameters (epsilon = 0.010)
1. Initial log-likelihood: -40955.973
2. Current log-likelihood: -40852.548
3. Current log-likelihood: -40852.090
Optimal log-likelihood: -40852.089
Rate parameters:  A-C: 1.00000  A-G: 2.81921  A-T: 1.00000  C-G: 1.00000  C-T: 2.81921  G-T: 1.00000
Base frequencies:  A: 0.280  C: 0.210  G: 0.226  T: 0.284
Parameters optimization took 3 rounds (0.103 sec)
Wrote distance file to... 
BEST SCORE FOUND : -40852.089
Total tree length: 0.021

Total number of iterations: 0
CPU time used for tree search: 0.000 sec (0h:0m:0s)
Wall-clock time used for tree search: 0.000 sec (0h:0m:0s)
Total CPU time used: 149.025 sec (0h:2m:29s)
Total wall-clock time used: 58.457 sec (0h:0m:58s)

===> START JACKKNIFE REPLICATE NUMBER 216

Creating jackknife alignment (seed: 785942)...
Reading input tree file gl_output_rmq.fasta.raxml.bestTree ...

NOTE: 7 MB RAM (0 GB) is required!
Estimate model parameters (epsilon = 0.010)
1. Initial log-likelihood: -40846.436
2. Current log-likelihood: -40752.479
3. Current log-likelihood: -40752.158
Optimal log-likelihood: -40752.156
Rate parameters:  A-C: 1.00000  A-G: 2.73078  A-T: 1.00000  C-G: 1.00000  C-T: 2.73078  G-T: 1.00000
Base frequencies:  A: 0.281  C: 0.210  G: 0.228  T: 0.281
Parameters optimization took 3 rounds (0.119 sec)
Wrote distance file to... 
BEST SCORE FOUND : -40752.156
Total tree length: 0.021

Total number of iterations: 0
CPU time used for tree search: 0.000 sec (0h:0m:0s)
Wall-clock time used for tree search: 0.000 sec (0h:0m:0s)
Total CPU time used: 149.525 sec (0h:2m:29s)
Total wall-clock time used: 58.636 sec (0h:0m:58s)

===> START JACKKNIFE REPLICATE NUMBER 217

Creating jackknife alignment (seed: 785943)...
Reading input tree file gl_output_rmq.fasta.raxml.bestTree ...

NOTE: 8 MB RAM (0 GB) is required!
Estimate model parameters (epsilon = 0.010)
1. Initial log-likelihood: -41161.199
2. Current log-likelihood: -41069.420
3. Current log-likelihood: -41069.354
4. Current log-likelihood: -41069.335
Optimal log-likelihood: -41069.334
Rate parameters:  A-C: 1.00000  A-G: 2.54179  A-T: 1.00000  C-G: 1.00000  C-T: 2.54179  G-T: 1.00000
Base frequencies:  A: 0.282  C: 0.207  G: 0.231  T: 0.281
Parameters optimization took 4 rounds (0.113 sec)
Wrote distance file to... 
BEST SCORE FOUND : -41069.334
Total tree length: 0.022

Total number of iterations: 0
CPU time used for tree search: 0.000 sec (0h:0m:0s)
Wall-clock time used for tree search: 0.000 sec (0h:0m:0s)
Total CPU time used: 150.001 sec (0h:2m:30s)
Total wall-clock time used: 58.809 sec (0h:0m:58s)

===> START JACKKNIFE REPLICATE NUMBER 218

Creating jackknife alignment (seed: 785944)...
Reading input tree file gl_output_rmq.fasta.raxml.bestTree ...

NOTE: 8 MB RAM (0 GB) is required!
Estimate model parameters (epsilon = 0.010)
1. Initial log-likelihood: -41529.555
2. Current log-likelihood: -41430.410
3. Current log-likelihood: -41430.386
Optimal log-likelihood: -41430.386
Rate parameters:  A-C: 1.00000  A-G: 2.52742  A-T: 1.00000  C-G: 1.00000  C-T: 2.52742  G-T: 1.00000
Base frequencies:  A: 0.286  C: 0.207  G: 0.226  T: 0.281
Parameters optimization took 3 rounds (0.106 sec)
Wrote distance file to... 
BEST SCORE FOUND : -41430.386
Total tree length: 0.024

Total number of iterations: 0
CPU time used for tree search: 0.000 sec (0h:0m:0s)
Wall-clock time used for tree search: 0.000 sec (0h:0m:0s)
Total CPU time used: 150.456 sec (0h:2m:30s)
Total wall-clock time used: 58.974 sec (0h:0m:58s)

===> START JACKKNIFE REPLICATE NUMBER 219

Creating jackknife alignment (seed: 785945)...
Reading input tree file gl_output_rmq.fasta.raxml.bestTree ...

NOTE: 7 MB RAM (0 GB) is required!
Estimate model parameters (epsilon = 0.010)
1. Initial log-likelihood: -40984.166
2. Current log-likelihood: -40900.493
3. Current log-likelihood: -40900.329
Optimal log-likelihood: -40900.329
Rate parameters:  A-C: 1.00000  A-G: 2.34040  A-T: 1.00000  C-G: 1.00000  C-T: 2.34040  G-T: 1.00000
Base frequencies:  A: 0.285  C: 0.210  G: 0.225  T: 0.280
Parameters optimization took 3 rounds (0.107 sec)
Wrote distance file to... 
BEST SCORE FOUND : -40900.329
Total tree length: 0.021

Total number of iterations: 0
CPU time used for tree search: 0.000 sec (0h:0m:0s)
Wall-clock time used for tree search: 0.000 sec (0h:0m:0s)
Total CPU time used: 150.949 sec (0h:2m:30s)
Total wall-clock time used: 59.154 sec (0h:0m:59s)

===> START JACKKNIFE REPLICATE NUMBER 220

Creating jackknife alignment (seed: 785946)...
Reading input tree file gl_output_rmq.fasta.raxml.bestTree ...

NOTE: 7 MB RAM (0 GB) is required!
Estimate model parameters (epsilon = 0.010)
1. Initial log-likelihood: -40963.502
2. Current log-likelihood: -40890.743
3. Current log-likelihood: -40890.705
Optimal log-likelihood: -40890.705
Rate parameters:  A-C: 1.00000  A-G: 2.17636  A-T: 1.00000  C-G: 1.00000  C-T: 2.17636  G-T: 1.00000
Base frequencies:  A: 0.285  C: 0.210  G: 0.225  T: 0.280
Parameters optimization took 3 rounds (0.102 sec)
Wrote distance file to... 
BEST SCORE FOUND : -40890.705
Total tree length: 0.021

Total number of iterations: 0
CPU time used for tree search: 0.000 sec (0h:0m:0s)
Wall-clock time used for tree search: 0.000 sec (0h:0m:0s)
Total CPU time used: 151.395 sec (0h:2m:31s)
Total wall-clock time used: 59.315 sec (0h:0m:59s)

===> START JACKKNIFE REPLICATE NUMBER 221

Creating jackknife alignment (seed: 785947)...
Reading input tree file gl_output_rmq.fasta.raxml.bestTree ...

NOTE: 7 MB RAM (0 GB) is required!
Estimate model parameters (epsilon = 0.010)
1. Initial log-likelihood: -40681.894
2. Current log-likelihood: -40621.300
3. Current log-likelihood: -40607.303
4. Current log-likelihood: -40565.605
5. Current log-likelihood: -40565.580
6. Current log-likelihood: -40565.570
Optimal log-likelihood: -40565.556
Rate parameters:  A-C: 1.00000  A-G: 2.97809  A-T: 1.00000  C-G: 1.00000  C-T: 2.97809  G-T: 1.00000
Base frequencies:  A: 0.280  C: 0.212  G: 0.228  T: 0.279
Parameters optimization took 6 rounds (0.160 sec)
Wrote distance file to... 
BEST SCORE FOUND : -40565.556
Total tree length: 0.020

Total number of iterations: 0
CPU time used for tree search: 0.000 sec (0h:0m:0s)
Wall-clock time used for tree search: 0.000 sec (0h:0m:0s)
Total CPU time used: 152.008 sec (0h:2m:32s)
Total wall-clock time used: 59.533 sec (0h:0m:59s)

===> START JACKKNIFE REPLICATE NUMBER 222

Creating jackknife alignment (seed: 785948)...
Reading input tree file gl_output_rmq.fasta.raxml.bestTree ...

NOTE: 7 MB RAM (0 GB) is required!
Estimate model parameters (epsilon = 0.010)
1. Initial log-likelihood: -40865.128
2. Current log-likelihood: -40762.021
3. Current log-likelihood: -40761.988
Optimal log-likelihood: -40761.986
Rate parameters:  A-C: 1.00000  A-G: 2.73422  A-T: 1.00000  C-G: 1.00000  C-T: 2.73422  G-T: 1.00000
Base frequencies:  A: 0.285  C: 0.206  G: 0.228  T: 0.282
Parameters optimization took 3 rounds (0.107 sec)
Wrote distance file to... 
BEST SCORE FOUND : -40761.986
Total tree length: 0.021

Total number of iterations: 0
CPU time used for tree search: 0.000 sec (0h:0m:0s)
Wall-clock time used for tree search: 0.000 sec (0h:0m:0s)
Total CPU time used: 152.470 sec (0h:2m:32s)
Total wall-clock time used: 59.700 sec (0h:0m:59s)

===> START JACKKNIFE REPLICATE NUMBER 223

Creating jackknife alignment (seed: 785949)...
Reading input tree file gl_output_rmq.fasta.raxml.bestTree ...

NOTE: 7 MB RAM (0 GB) is required!
Estimate model parameters (epsilon = 0.010)
1. Initial log-likelihood: -41025.364
2. Current log-likelihood: -40938.541
3. Current log-likelihood: -40938.367
4. Current log-likelihood: -40938.348
Optimal log-likelihood: -40938.348
Rate parameters:  A-C: 1.00000  A-G: 2.48938  A-T: 1.00000  C-G: 1.00000  C-T: 2.48938  G-T: 1.00000
Base frequencies:  A: 0.279  C: 0.209  G: 0.228  T: 0.285
Parameters optimization took 4 rounds (0.131 sec)
Wrote distance file to... 
BEST SCORE FOUND : -40938.348
Total tree length: 0.022

Total number of iterations: 0
CPU time used for tree search: 0.000 sec (0h:0m:0s)
Wall-clock time used for tree search: 0.000 sec (0h:0m:0s)
Total CPU time used: 153.018 sec (0h:2m:33s)
Total wall-clock time used: 59.895 sec (0h:0m:59s)

===> START JACKKNIFE REPLICATE NUMBER 224

Creating jackknife alignment (seed: 785950)...
Reading input tree file gl_output_rmq.fasta.raxml.bestTree ...

NOTE: 7 MB RAM (0 GB) is required!
Estimate model parameters (epsilon = 0.010)
1. Initial log-likelihood: -41093.032
2. Current log-likelihood: -40989.611
3. Current log-likelihood: -40989.536
Optimal log-likelihood: -40989.530
Rate parameters:  A-C: 1.00000  A-G: 2.86817  A-T: 1.00000  C-G: 1.00000  C-T: 2.86817  G-T: 1.00000
Base frequencies:  A: 0.284  C: 0.210  G: 0.223  T: 0.283
Parameters optimization took 3 rounds (0.122 sec)
Wrote distance file to... 
BEST SCORE FOUND : -40989.530
Total tree length: 0.022

Total number of iterations: 0
CPU time used for tree search: 0.000 sec (0h:0m:0s)
Wall-clock time used for tree search: 0.000 sec (0h:0m:0s)
Total CPU time used: 153.537 sec (0h:2m:33s)
Total wall-clock time used: 60.082 sec (0h:1m:0s)

===> START JACKKNIFE REPLICATE NUMBER 225

Creating jackknife alignment (seed: 785951)...
Reading input tree file gl_output_rmq.fasta.raxml.bestTree ...

NOTE: 7 MB RAM (0 GB) is required!
Estimate model parameters (epsilon = 0.010)
1. Initial log-likelihood: -40946.577
2. Current log-likelihood: -40861.374
3. Current log-likelihood: -40861.320
4. Current log-likelihood: -40861.303
Optimal log-likelihood: -40861.303
Rate parameters:  A-C: 1.00000  A-G: 2.47598  A-T: 1.00000  C-G: 1.00000  C-T: 2.47598  G-T: 1.00000
Base frequencies:  A: 0.284  C: 0.211  G: 0.229  T: 0.276
Parameters optimization took 4 rounds (0.117 sec)
Wrote distance file to... 
BEST SCORE FOUND : -40861.303
Total tree length: 0.021

Total number of iterations: 0
CPU time used for tree search: 0.000 sec (0h:0m:0s)
Wall-clock time used for tree search: 0.000 sec (0h:0m:0s)
Total CPU time used: 154.029 sec (0h:2m:34s)
Total wall-clock time used: 60.259 sec (0h:1m:0s)

===> START JACKKNIFE REPLICATE NUMBER 226

Creating jackknife alignment (seed: 785952)...
Reading input tree file gl_output_rmq.fasta.raxml.bestTree ...

NOTE: 8 MB RAM (0 GB) is required!
Estimate model parameters (epsilon = 0.010)
1. Initial log-likelihood: -41182.125
2. Current log-likelihood: -41085.554
3. Current log-likelihood: -41084.543
4. Current log-likelihood: -41084.530
Optimal log-likelihood: -41084.530
Rate parameters:  A-C: 1.00000  A-G: 2.50718  A-T: 1.00000  C-G: 1.00000  C-T: 2.50718  G-T: 1.00000
Base frequencies:  A: 0.284  C: 0.210  G: 0.228  T: 0.278
Parameters optimization took 4 rounds (0.136 sec)
Wrote distance file to... 
BEST SCORE FOUND : -41084.530
Total tree length: 0.022

Total number of iterations: 0
CPU time used for tree search: 0.000 sec (0h:0m:0s)
Wall-clock time used for tree search: 0.000 sec (0h:0m:0s)
Total CPU time used: 154.582 sec (0h:2m:34s)
Total wall-clock time used: 60.455 sec (0h:1m:0s)

===> START JACKKNIFE REPLICATE NUMBER 227

Creating jackknife alignment (seed: 785953)...
Reading input tree file gl_output_rmq.fasta.raxml.bestTree ...

NOTE: 7 MB RAM (0 GB) is required!
Estimate model parameters (epsilon = 0.010)
1. Initial log-likelihood: -41150.037
2. Current log-likelihood: -41061.965
3. Current log-likelihood: -41061.715
Optimal log-likelihood: -41061.710
Rate parameters:  A-C: 1.00000  A-G: 2.38888  A-T: 1.00000  C-G: 1.00000  C-T: 2.38888  G-T: 1.00000
Base frequencies:  A: 0.281  C: 0.210  G: 0.228  T: 0.280
Parameters optimization took 3 rounds (0.112 sec)
Wrote distance file to... 
BEST SCORE FOUND : -41061.710
Total tree length: 0.022

Total number of iterations: 0
CPU time used for tree search: 0.000 sec (0h:0m:0s)
Wall-clock time used for tree search: 0.000 sec (0h:0m:0s)
Total CPU time used: 155.079 sec (0h:2m:35s)
Total wall-clock time used: 60.638 sec (0h:1m:0s)

===> START JACKKNIFE REPLICATE NUMBER 228

Creating jackknife alignment (seed: 785954)...
Reading input tree file gl_output_rmq.fasta.raxml.bestTree ...

NOTE: 7 MB RAM (0 GB) is required!
Estimate model parameters (epsilon = 0.010)
1. Initial log-likelihood: -41035.092
2. Current log-likelihood: -40934.120
3. Current log-likelihood: -40934.092
Optimal log-likelihood: -40934.088
Rate parameters:  A-C: 1.00000  A-G: 2.67434  A-T: 1.00000  C-G: 1.00000  C-T: 2.67434  G-T: 1.00000
Base frequencies:  A: 0.283  C: 0.209  G: 0.230  T: 0.278
Parameters optimization took 3 rounds (0.087 sec)
Wrote distance file to... 
BEST SCORE FOUND : -40934.088
Total tree length: 0.021

Total number of iterations: 0
CPU time used for tree search: 0.000 sec (0h:0m:0s)
Wall-clock time used for tree search: 0.000 sec (0h:0m:0s)
Total CPU time used: 155.489 sec (0h:2m:35s)
Total wall-clock time used: 60.786 sec (0h:1m:0s)

===> START JACKKNIFE REPLICATE NUMBER 229

Creating jackknife alignment (seed: 785955)...
Reading input tree file gl_output_rmq.fasta.raxml.bestTree ...

NOTE: 7 MB RAM (0 GB) is required!
Estimate model parameters (epsilon = 0.010)
1. Initial log-likelihood: -41032.047
2. Current log-likelihood: -40941.869
3. Current log-likelihood: -40941.396
Optimal log-likelihood: -40941.396
Rate parameters:  A-C: 1.00000  A-G: 2.47881  A-T: 1.00000  C-G: 1.00000  C-T: 2.47881  G-T: 1.00000
Base frequencies:  A: 0.285  C: 0.209  G: 0.225  T: 0.281
Parameters optimization took 3 rounds (0.116 sec)
Wrote distance file to... 
BEST SCORE FOUND : -40941.396
Total tree length: 0.022

Total number of iterations: 0
CPU time used for tree search: 0.000 sec (0h:0m:0s)
Wall-clock time used for tree search: 0.000 sec (0h:0m:0s)
Total CPU time used: 155.976 sec (0h:2m:35s)
Total wall-clock time used: 60.962 sec (0h:1m:0s)

===> START JACKKNIFE REPLICATE NUMBER 230

Creating jackknife alignment (seed: 785956)...
Reading input tree file gl_output_rmq.fasta.raxml.bestTree ...

NOTE: 7 MB RAM (0 GB) is required!
Estimate model parameters (epsilon = 0.010)
1. Initial log-likelihood: -41275.637
2. Current log-likelihood: -41185.758
Optimal log-likelihood: -41185.749
Rate parameters:  A-C: 1.00000  A-G: 2.68567  A-T: 1.00000  C-G: 1.00000  C-T: 2.68567  G-T: 1.00000
Base frequencies:  A: 0.282  C: 0.207  G: 0.228  T: 0.283
Parameters optimization took 2 rounds (0.066 sec)
Wrote distance file to... 
BEST SCORE FOUND : -41185.749
Total tree length: 0.022

Total number of iterations: 0
CPU time used for tree search: 0.000 sec (0h:0m:0s)
Wall-clock time used for tree search: 0.000 sec (0h:0m:0s)
Total CPU time used: 156.329 sec (0h:2m:36s)
Total wall-clock time used: 61.092 sec (0h:1m:1s)

===> START JACKKNIFE REPLICATE NUMBER 231

Creating jackknife alignment (seed: 785957)...
Reading input tree file gl_output_rmq.fasta.raxml.bestTree ...

NOTE: 7 MB RAM (0 GB) is required!
Estimate model parameters (epsilon = 0.010)
1. Initial log-likelihood: -40938.065
2. Current log-likelihood: -40834.871
3. Current log-likelihood: -40834.858
Optimal log-likelihood: -40834.855
Rate parameters:  A-C: 1.00000  A-G: 2.72691  A-T: 1.00000  C-G: 1.00000  C-T: 2.72691  G-T: 1.00000
Base frequencies:  A: 0.286  C: 0.211  G: 0.226  T: 0.277
Parameters optimization took 3 rounds (0.097 sec)
Wrote distance file to... 
BEST SCORE FOUND : -40834.855
Total tree length: 0.021

Total number of iterations: 0
CPU time used for tree search: 0.002 sec (0h:0m:0s)
Wall-clock time used for tree search: 0.000 sec (0h:0m:0s)
Total CPU time used: 156.764 sec (0h:2m:36s)
Total wall-clock time used: 61.249 sec (0h:1m:1s)

===> START JACKKNIFE REPLICATE NUMBER 232

Creating jackknife alignment (seed: 785958)...
Reading input tree file gl_output_rmq.fasta.raxml.bestTree ...

NOTE: 7 MB RAM (0 GB) is required!
Estimate model parameters (epsilon = 0.010)
1. Initial log-likelihood: -41215.631
2. Current log-likelihood: -41128.766
3. Current log-likelihood: -41128.588
4. Current log-likelihood: -41128.565
Optimal log-likelihood: -41128.563
Rate parameters:  A-C: 1.00000  A-G: 2.53788  A-T: 1.00000  C-G: 1.00000  C-T: 2.53788  G-T: 1.00000
Base frequencies:  A: 0.280  C: 0.210  G: 0.228  T: 0.282
Parameters optimization took 4 rounds (0.139 sec)
Wrote distance file to... 
BEST SCORE FOUND : -41128.563
Total tree length: 0.022

Total number of iterations: 0
CPU time used for tree search: 0.000 sec (0h:0m:0s)
Wall-clock time used for tree search: 0.000 sec (0h:0m:0s)
Total CPU time used: 157.325 sec (0h:2m:37s)
Total wall-clock time used: 61.451 sec (0h:1m:1s)

===> START JACKKNIFE REPLICATE NUMBER 233

Creating jackknife alignment (seed: 785959)...
Reading input tree file gl_output_rmq.fasta.raxml.bestTree ...

NOTE: 7 MB RAM (0 GB) is required!
Estimate model parameters (epsilon = 0.010)
1. Initial log-likelihood: -41007.658
2. Current log-likelihood: -40900.775
3. Current log-likelihood: -40900.156
4. Current log-likelihood: -40900.143
Optimal log-likelihood: -40900.143
Rate parameters:  A-C: 1.00000  A-G: 2.80886  A-T: 1.00000  C-G: 1.00000  C-T: 2.80886  G-T: 1.00000
Base frequencies:  A: 0.284  C: 0.210  G: 0.226  T: 0.281
Parameters optimization took 4 rounds (0.134 sec)
Wrote distance file to... 
BEST SCORE FOUND : -40900.143
Total tree length: 0.021

Total number of iterations: 0
CPU time used for tree search: 0.000 sec (0h:0m:0s)
Wall-clock time used for tree search: 0.000 sec (0h:0m:0s)
Total CPU time used: 157.864 sec (0h:2m:37s)
Total wall-clock time used: 61.643 sec (0h:1m:1s)

===> START JACKKNIFE REPLICATE NUMBER 234

Creating jackknife alignment (seed: 785960)...
Reading input tree file gl_output_rmq.fasta.raxml.bestTree ...

NOTE: 8 MB RAM (0 GB) is required!
Estimate model parameters (epsilon = 0.010)
1. Initial log-likelihood: -41383.878
2. Current log-likelihood: -41307.257
3. Current log-likelihood: -41307.226
Optimal log-likelihood: -41307.226
Rate parameters:  A-C: 1.00000  A-G: 2.25211  A-T: 1.00000  C-G: 1.00000  C-T: 2.25211  G-T: 1.00000
Base frequencies:  A: 0.283  C: 0.211  G: 0.227  T: 0.279
Parameters optimization took 3 rounds (0.100 sec)
Wrote distance file to... 
BEST SCORE FOUND : -41307.226
Total tree length: 0.023

Total number of iterations: 0
CPU time used for tree search: 0.000 sec (0h:0m:0s)
Wall-clock time used for tree search: 0.000 sec (0h:0m:0s)
Total CPU time used: 158.302 sec (0h:2m:38s)
Total wall-clock time used: 61.802 sec (0h:1m:1s)

===> START JACKKNIFE REPLICATE NUMBER 235

Creating jackknife alignment (seed: 785961)...
Reading input tree file gl_output_rmq.fasta.raxml.bestTree ...

NOTE: 7 MB RAM (0 GB) is required!
Estimate model parameters (epsilon = 0.010)
1. Initial log-likelihood: -40854.866
2. Current log-likelihood: -40755.942
3. Current log-likelihood: -40755.604
Optimal log-likelihood: -40755.601
Rate parameters:  A-C: 1.00000  A-G: 2.62341  A-T: 1.00000  C-G: 1.00000  C-T: 2.62341  G-T: 1.00000
Base frequencies:  A: 0.283  C: 0.212  G: 0.227  T: 0.278
Parameters optimization took 3 rounds (0.110 sec)
Wrote distance file to... 
BEST SCORE FOUND : -40755.601
Total tree length: 0.021

Total number of iterations: 0
CPU time used for tree search: 0.000 sec (0h:0m:0s)
Wall-clock time used for tree search: 0.000 sec (0h:0m:0s)
Total CPU time used: 158.765 sec (0h:2m:38s)
Total wall-clock time used: 61.971 sec (0h:1m:1s)

===> START JACKKNIFE REPLICATE NUMBER 236

Creating jackknife alignment (seed: 785962)...
Reading input tree file gl_output_rmq.fasta.raxml.bestTree ...

NOTE: 8 MB RAM (0 GB) is required!
Estimate model parameters (epsilon = 0.010)
1. Initial log-likelihood: -41142.752
2. Current log-likelihood: -41052.399
3. Current log-likelihood: -41052.376
Optimal log-likelihood: -41052.375
Rate parameters:  A-C: 1.00000  A-G: 2.60149  A-T: 1.00000  C-G: 1.00000  C-T: 2.60149  G-T: 1.00000
Base frequencies:  A: 0.285  C: 0.211  G: 0.226  T: 0.278
Parameters optimization took 3 rounds (0.108 sec)
Wrote distance file to... 
BEST SCORE FOUND : -41052.375
Total tree length: 0.022

Total number of iterations: 0
CPU time used for tree search: 0.000 sec (0h:0m:0s)
Wall-clock time used for tree search: 0.000 sec (0h:0m:0s)
Total CPU time used: 159.221 sec (0h:2m:39s)
Total wall-clock time used: 62.136 sec (0h:1m:2s)

===> START JACKKNIFE REPLICATE NUMBER 237

Creating jackknife alignment (seed: 785963)...
Reading input tree file gl_output_rmq.fasta.raxml.bestTree ...

NOTE: 7 MB RAM (0 GB) is required!
Estimate model parameters (epsilon = 0.010)
1. Initial log-likelihood: -41217.985
2. Current log-likelihood: -41129.398
3. Current log-likelihood: -41129.374
Optimal log-likelihood: -41129.374
Rate parameters:  A-C: 1.00000  A-G: 2.38600  A-T: 1.00000  C-G: 1.00000  C-T: 2.38600  G-T: 1.00000
Base frequencies:  A: 0.283  C: 0.212  G: 0.226  T: 0.280
Parameters optimization took 3 rounds (0.084 sec)
Wrote distance file to... 
BEST SCORE FOUND : -41129.374
Total tree length: 0.022

Total number of iterations: 0
CPU time used for tree search: 0.000 sec (0h:0m:0s)
Wall-clock time used for tree search: 0.000 sec (0h:0m:0s)
Total CPU time used: 159.618 sec (0h:2m:39s)
Total wall-clock time used: 62.280 sec (0h:1m:2s)

===> START JACKKNIFE REPLICATE NUMBER 238

Creating jackknife alignment (seed: 785964)...
Reading input tree file gl_output_rmq.fasta.raxml.bestTree ...

NOTE: 8 MB RAM (0 GB) is required!
Estimate model parameters (epsilon = 0.010)
1. Initial log-likelihood: -41346.332
2. Current log-likelihood: -41236.712
3. Current log-likelihood: -41236.571
Optimal log-likelihood: -41236.570
Rate parameters:  A-C: 1.00000  A-G: 2.81786  A-T: 1.00000  C-G: 1.00000  C-T: 2.81786  G-T: 1.00000
Base frequencies:  A: 0.283  C: 0.210  G: 0.226  T: 0.281
Parameters optimization took 3 rounds (0.109 sec)
Wrote distance file to... 
BEST SCORE FOUND : -41236.570
Total tree length: 0.023

Total number of iterations: 0
CPU time used for tree search: 0.000 sec (0h:0m:0s)
Wall-clock time used for tree search: 0.000 sec (0h:0m:0s)
Total CPU time used: 160.093 sec (0h:2m:40s)
Total wall-clock time used: 62.452 sec (0h:1m:2s)

===> START JACKKNIFE REPLICATE NUMBER 239

Creating jackknife alignment (seed: 785965)...
Reading input tree file gl_output_rmq.fasta.raxml.bestTree ...

NOTE: 7 MB RAM (0 GB) is required!
Estimate model parameters (epsilon = 0.010)
1. Initial log-likelihood: -40958.434
2. Current log-likelihood: -40857.444
3. Current log-likelihood: -40856.808
Optimal log-likelihood: -40856.801
Rate parameters:  A-C: 1.00000  A-G: 2.67094  A-T: 1.00000  C-G: 1.00000  C-T: 2.67094  G-T: 1.00000
Base frequencies:  A: 0.285  C: 0.210  G: 0.228  T: 0.277
Parameters optimization took 3 rounds (0.098 sec)
Wrote distance file to... 
BEST SCORE FOUND : -40856.801
Total tree length: 0.021

Total number of iterations: 0
CPU time used for tree search: 0.000 sec (0h:0m:0s)
Wall-clock time used for tree search: 0.000 sec (0h:0m:0s)
Total CPU time used: 160.523 sec (0h:2m:40s)
Total wall-clock time used: 62.608 sec (0h:1m:2s)

===> START JACKKNIFE REPLICATE NUMBER 240

Creating jackknife alignment (seed: 785966)...
Reading input tree file gl_output_rmq.fasta.raxml.bestTree ...

NOTE: 7 MB RAM (0 GB) is required!
Estimate model parameters (epsilon = 0.010)
1. Initial log-likelihood: -41066.236
2. Current log-likelihood: -40986.315
3. Current log-likelihood: -40986.058
4. Current log-likelihood: -40986.017
Optimal log-likelihood: -40986.017
Rate parameters:  A-C: 1.00000  A-G: 2.35725  A-T: 1.00000  C-G: 1.00000  C-T: 2.35725  G-T: 1.00000
Base frequencies:  A: 0.282  C: 0.210  G: 0.228  T: 0.280
Parameters optimization took 4 rounds (0.125 sec)
Wrote distance file to... 
BEST SCORE FOUND : -40986.017
Total tree length: 0.022

Total number of iterations: 0
CPU time used for tree search: 0.000 sec (0h:0m:0s)
Wall-clock time used for tree search: 0.000 sec (0h:0m:0s)
Total CPU time used: 161.037 sec (0h:2m:41s)
Total wall-clock time used: 62.792 sec (0h:1m:2s)

===> START JACKKNIFE REPLICATE NUMBER 241

Creating jackknife alignment (seed: 785967)...
Reading input tree file gl_output_rmq.fasta.raxml.bestTree ...

NOTE: 7 MB RAM (0 GB) is required!
Estimate model parameters (epsilon = 0.010)
1. Initial log-likelihood: -40978.546
2. Current log-likelihood: -40889.648
3. Current log-likelihood: -40888.765
4. Current log-likelihood: -40888.747
Optimal log-likelihood: -40888.747
Rate parameters:  A-C: 1.00000  A-G: 2.48345  A-T: 1.00000  C-G: 1.00000  C-T: 2.48345  G-T: 1.00000
Base frequencies:  A: 0.282  C: 0.211  G: 0.227  T: 0.280
Parameters optimization took 4 rounds (0.121 sec)
Wrote distance file to... 
BEST SCORE FOUND : -40888.747
Total tree length: 0.021

Total number of iterations: 0
CPU time used for tree search: 0.000 sec (0h:0m:0s)
Wall-clock time used for tree search: 0.000 sec (0h:0m:0s)
Total CPU time used: 161.534 sec (0h:2m:41s)
Total wall-clock time used: 62.970 sec (0h:1m:2s)

===> START JACKKNIFE REPLICATE NUMBER 242

Creating jackknife alignment (seed: 785968)...
Reading input tree file gl_output_rmq.fasta.raxml.bestTree ...

NOTE: 8 MB RAM (0 GB) is required!
Estimate model parameters (epsilon = 0.010)
1. Initial log-likelihood: -40982.537
2. Current log-likelihood: -40894.554
3. Current log-likelihood: -40894.518
Optimal log-likelihood: -40894.518
Rate parameters:  A-C: 1.00000  A-G: 2.30937  A-T: 1.00000  C-G: 1.00000  C-T: 2.30937  G-T: 1.00000
Base frequencies:  A: 0.283  C: 0.209  G: 0.227  T: 0.281
Parameters optimization took 3 rounds (0.112 sec)
Wrote distance file to... 
BEST SCORE FOUND : -40894.518
Total tree length: 0.021

Total number of iterations: 0
CPU time used for tree search: 0.000 sec (0h:0m:0s)
Wall-clock time used for tree search: 0.000 sec (0h:0m:0s)
Total CPU time used: 162.011 sec (0h:2m:42s)
Total wall-clock time used: 63.141 sec (0h:1m:3s)

===> START JACKKNIFE REPLICATE NUMBER 243

Creating jackknife alignment (seed: 785969)...
Reading input tree file gl_output_rmq.fasta.raxml.bestTree ...

NOTE: 7 MB RAM (0 GB) is required!
Estimate model parameters (epsilon = 0.010)
1. Initial log-likelihood: -41289.506
2. Current log-likelihood: -41177.237
3. Current log-likelihood: -41176.862
Optimal log-likelihood: -41176.861
Rate parameters:  A-C: 1.00000  A-G: 2.85992  A-T: 1.00000  C-G: 1.00000  C-T: 2.85992  G-T: 1.00000
Base frequencies:  A: 0.286  C: 0.212  G: 0.225  T: 0.277
Parameters optimization took 3 rounds (0.108 sec)
Wrote distance file to... 
BEST SCORE FOUND : -41176.861
Total tree length: 0.023

Total number of iterations: 0
CPU time used for tree search: 0.000 sec (0h:0m:0s)
Wall-clock time used for tree search: 0.000 sec (0h:0m:0s)
Total CPU time used: 162.471 sec (0h:2m:42s)
Total wall-clock time used: 63.308 sec (0h:1m:3s)

===> START JACKKNIFE REPLICATE NUMBER 244

Creating jackknife alignment (seed: 785970)...
Reading input tree file gl_output_rmq.fasta.raxml.bestTree ...

NOTE: 7 MB RAM (0 GB) is required!
Estimate model parameters (epsilon = 0.010)
1. Initial log-likelihood: -40693.630
2. Current log-likelihood: -40603.246
3. Current log-likelihood: -40603.235
Optimal log-likelihood: -40603.235
Rate parameters:  A-C: 1.00000  A-G: 2.32788  A-T: 1.00000  C-G: 1.00000  C-T: 2.32788  G-T: 1.00000
Base frequencies:  A: 0.282  C: 0.209  G: 0.227  T: 0.282
Parameters optimization took 3 rounds (0.098 sec)
Wrote distance file to... 
BEST SCORE FOUND : -40603.235
Total tree length: 0.020

Total number of iterations: 0
CPU time used for tree search: 0.000 sec (0h:0m:0s)
Wall-clock time used for tree search: 0.000 sec (0h:0m:0s)
Total CPU time used: 162.906 sec (0h:2m:42s)
Total wall-clock time used: 63.466 sec (0h:1m:3s)

===> START JACKKNIFE REPLICATE NUMBER 245

Creating jackknife alignment (seed: 785971)...
Reading input tree file gl_output_rmq.fasta.raxml.bestTree ...

NOTE: 8 MB RAM (0 GB) is required!
Estimate model parameters (epsilon = 0.010)
1. Initial log-likelihood: -41581.849
2. Current log-likelihood: -41475.205
3. Current log-likelihood: -41475.183
Optimal log-likelihood: -41475.182
Rate parameters:  A-C: 1.00000  A-G: 2.80697  A-T: 1.00000  C-G: 1.00000  C-T: 2.80697  G-T: 1.00000
Base frequencies:  A: 0.282  C: 0.209  G: 0.230  T: 0.279
Parameters optimization took 3 rounds (0.104 sec)
Wrote distance file to... 
BEST SCORE FOUND : -41475.182
Total tree length: 0.024

Total number of iterations: 0
CPU time used for tree search: 0.000 sec (0h:0m:0s)
Wall-clock time used for tree search: 0.000 sec (0h:0m:0s)
Total CPU time used: 163.362 sec (0h:2m:43s)
Total wall-clock time used: 63.631 sec (0h:1m:3s)

===> START JACKKNIFE REPLICATE NUMBER 246

Creating jackknife alignment (seed: 785972)...
Reading input tree file gl_output_rmq.fasta.raxml.bestTree ...

NOTE: 7 MB RAM (0 GB) is required!
Estimate model parameters (epsilon = 0.010)
1. Initial log-likelihood: -41016.411
2. Current log-likelihood: -40952.485
3. Current log-likelihood: -40952.343
Optimal log-likelihood: -40952.343
Rate parameters:  A-C: 1.00000  A-G: 1.92378  A-T: 1.00000  C-G: 1.00000  C-T: 1.92378  G-T: 1.00000
Base frequencies:  A: 0.283  C: 0.209  G: 0.226  T: 0.282
Parameters optimization took 3 rounds (0.108 sec)
Wrote distance file to... 
BEST SCORE FOUND : -40952.343
Total tree length: 0.021

Total number of iterations: 0
CPU time used for tree search: 0.000 sec (0h:0m:0s)
Wall-clock time used for tree search: 0.000 sec (0h:0m:0s)
Total CPU time used: 163.830 sec (0h:2m:43s)
Total wall-clock time used: 63.800 sec (0h:1m:3s)

===> START JACKKNIFE REPLICATE NUMBER 247

Creating jackknife alignment (seed: 785973)...
Reading input tree file gl_output_rmq.fasta.raxml.bestTree ...

NOTE: 7 MB RAM (0 GB) is required!
Estimate model parameters (epsilon = 0.010)
1. Initial log-likelihood: -41062.144
2. Current log-likelihood: -40959.973
3. Current log-likelihood: -40959.962
Optimal log-likelihood: -40959.959
Rate parameters:  A-C: 1.00000  A-G: 2.71357  A-T: 1.00000  C-G: 1.00000  C-T: 2.71357  G-T: 1.00000
Base frequencies:  A: 0.283  C: 0.210  G: 0.225  T: 0.282
Parameters optimization took 3 rounds (0.099 sec)
Wrote distance file to... 
BEST SCORE FOUND : -40959.959
Total tree length: 0.022

Total number of iterations: 0
CPU time used for tree search: 0.000 sec (0h:0m:0s)
Wall-clock time used for tree search: 0.000 sec (0h:0m:0s)
Total CPU time used: 164.272 sec (0h:2m:44s)
Total wall-clock time used: 63.966 sec (0h:1m:3s)

===> START JACKKNIFE REPLICATE NUMBER 248

Creating jackknife alignment (seed: 785974)...
Reading input tree file gl_output_rmq.fasta.raxml.bestTree ...

NOTE: 7 MB RAM (0 GB) is required!
Estimate model parameters (epsilon = 0.010)
1. Initial log-likelihood: -40956.658
2. Current log-likelihood: -40863.005
3. Current log-likelihood: -40862.969
Optimal log-likelihood: -40862.966
Rate parameters:  A-C: 1.00000  A-G: 2.61725  A-T: 1.00000  C-G: 1.00000  C-T: 2.61725  G-T: 1.00000
Base frequencies:  A: 0.283  C: 0.211  G: 0.227  T: 0.279
Parameters optimization took 3 rounds (0.100 sec)
Wrote distance file to... 
BEST SCORE FOUND : -40862.966
Total tree length: 0.021

Total number of iterations: 0
CPU time used for tree search: 0.000 sec (0h:0m:0s)
Wall-clock time used for tree search: 0.000 sec (0h:0m:0s)
Total CPU time used: 164.708 sec (0h:2m:44s)
Total wall-clock time used: 64.123 sec (0h:1m:4s)

===> START JACKKNIFE REPLICATE NUMBER 249

Creating jackknife alignment (seed: 785975)...
Reading input tree file gl_output_rmq.fasta.raxml.bestTree ...

NOTE: 7 MB RAM (0 GB) is required!
Estimate model parameters (epsilon = 0.010)
1. Initial log-likelihood: -41091.483
2. Current log-likelihood: -40994.384
3. Current log-likelihood: -40994.374
Optimal log-likelihood: -40994.371
Rate parameters:  A-C: 1.00000  A-G: 2.74387  A-T: 1.00000  C-G: 1.00000  C-T: 2.74387  G-T: 1.00000
Base frequencies:  A: 0.280  C: 0.211  G: 0.227  T: 0.282
Parameters optimization took 3 rounds (0.099 sec)
Wrote distance file to... 
BEST SCORE FOUND : -40994.371
Total tree length: 0.022

Total number of iterations: 0
CPU time used for tree search: 0.000 sec (0h:0m:0s)
Wall-clock time used for tree search: 0.000 sec (0h:0m:0s)
Total CPU time used: 165.138 sec (0h:2m:45s)
Total wall-clock time used: 64.279 sec (0h:1m:4s)

===> START JACKKNIFE REPLICATE NUMBER 250

Creating jackknife alignment (seed: 785976)...
Reading input tree file gl_output_rmq.fasta.raxml.bestTree ...

NOTE: 7 MB RAM (0 GB) is required!
Estimate model parameters (epsilon = 0.010)
1. Initial log-likelihood: -41262.938
2. Current log-likelihood: -41172.670
3. Current log-likelihood: -41172.454
Optimal log-likelihood: -41172.446
Rate parameters:  A-C: 1.00000  A-G: 2.42793  A-T: 1.00000  C-G: 1.00000  C-T: 2.42793  G-T: 1.00000
Base frequencies:  A: 0.280  C: 0.211  G: 0.227  T: 0.281
Parameters optimization took 3 rounds (0.098 sec)
Wrote distance file to... 
BEST SCORE FOUND : -41172.446
Total tree length: 0.022

Total number of iterations: 0
CPU time used for tree search: 0.000 sec (0h:0m:0s)
Wall-clock time used for tree search: 0.000 sec (0h:0m:0s)
Total CPU time used: 165.560 sec (0h:2m:45s)
Total wall-clock time used: 64.431 sec (0h:1m:4s)

===> START JACKKNIFE REPLICATE NUMBER 251

Creating jackknife alignment (seed: 785977)...
Reading input tree file gl_output_rmq.fasta.raxml.bestTree ...

NOTE: 7 MB RAM (0 GB) is required!
Estimate model parameters (epsilon = 0.010)
1. Initial log-likelihood: -40959.650
2. Current log-likelihood: -40867.817
3. Current log-likelihood: -40867.606
Optimal log-likelihood: -40867.604
Rate parameters:  A-C: 1.00000  A-G: 2.59444  A-T: 1.00000  C-G: 1.00000  C-T: 2.59444  G-T: 1.00000
Base frequencies:  A: 0.282  C: 0.209  G: 0.226  T: 0.283
Parameters optimization took 3 rounds (0.097 sec)
Wrote distance file to... 
BEST SCORE FOUND : -40867.604
Total tree length: 0.021

Total number of iterations: 0
CPU time used for tree search: 0.000 sec (0h:0m:0s)
Wall-clock time used for tree search: 0.000 sec (0h:0m:0s)
Total CPU time used: 165.992 sec (0h:2m:45s)
Total wall-clock time used: 64.587 sec (0h:1m:4s)

===> START JACKKNIFE REPLICATE NUMBER 252

Creating jackknife alignment (seed: 785978)...
Reading input tree file gl_output_rmq.fasta.raxml.bestTree ...

NOTE: 7 MB RAM (0 GB) is required!
Estimate model parameters (epsilon = 0.010)
1. Initial log-likelihood: -41329.843
2. Current log-likelihood: -41238.899
Optimal log-likelihood: -41238.894
Rate parameters:  A-C: 1.00000  A-G: 2.52190  A-T: 1.00000  C-G: 1.00000  C-T: 2.52190  G-T: 1.00000
Base frequencies:  A: 0.283  C: 0.212  G: 0.224  T: 0.282
Parameters optimization took 2 rounds (0.071 sec)
Wrote distance file to... 
BEST SCORE FOUND : -41238.894
Total tree length: 0.023

Total number of iterations: 0
CPU time used for tree search: 0.000 sec (0h:0m:0s)
Wall-clock time used for tree search: 0.000 sec (0h:0m:0s)
Total CPU time used: 166.343 sec (0h:2m:46s)
Total wall-clock time used: 64.717 sec (0h:1m:4s)

===> START JACKKNIFE REPLICATE NUMBER 253

Creating jackknife alignment (seed: 785979)...
Reading input tree file gl_output_rmq.fasta.raxml.bestTree ...

NOTE: 7 MB RAM (0 GB) is required!
Estimate model parameters (epsilon = 0.010)
1. Initial log-likelihood: -41404.748
2. Current log-likelihood: -41322.275
3. Current log-likelihood: -41322.246
Optimal log-likelihood: -41322.246
Rate parameters:  A-C: 1.00000  A-G: 2.28410  A-T: 1.00000  C-G: 1.00000  C-T: 2.28410  G-T: 1.00000
Base frequencies:  A: 0.282  C: 0.210  G: 0.228  T: 0.281
Parameters optimization took 3 rounds (0.104 sec)
Wrote distance file to... 
BEST SCORE FOUND : -41322.246
Total tree length: 0.023

Total number of iterations: 0
CPU time used for tree search: 0.000 sec (0h:0m:0s)
Wall-clock time used for tree search: 0.000 sec (0h:0m:0s)
Total CPU time used: 166.789 sec (0h:2m:46s)
Total wall-clock time used: 64.878 sec (0h:1m:4s)

===> START JACKKNIFE REPLICATE NUMBER 254

Creating jackknife alignment (seed: 785980)...
Reading input tree file gl_output_rmq.fasta.raxml.bestTree ...

NOTE: 7 MB RAM (0 GB) is required!
Estimate model parameters (epsilon = 0.010)
1. Initial log-likelihood: -41002.878
2. Current log-likelihood: -40900.412
3. Current log-likelihood: -40900.393
Optimal log-likelihood: -40900.392
Rate parameters:  A-C: 1.00000  A-G: 2.81087  A-T: 1.00000  C-G: 1.00000  C-T: 2.81087  G-T: 1.00000
Base frequencies:  A: 0.282  C: 0.209  G: 0.226  T: 0.282
Parameters optimization took 3 rounds (0.092 sec)
Wrote distance file to... 
BEST SCORE FOUND : -40900.392
Total tree length: 0.021

Total number of iterations: 0
CPU time used for tree search: 0.000 sec (0h:0m:0s)
Wall-clock time used for tree search: 0.000 sec (0h:0m:0s)
Total CPU time used: 167.213 sec (0h:2m:47s)
Total wall-clock time used: 65.032 sec (0h:1m:5s)

===> START JACKKNIFE REPLICATE NUMBER 255

Creating jackknife alignment (seed: 785981)...
Reading input tree file gl_output_rmq.fasta.raxml.bestTree ...

NOTE: 7 MB RAM (0 GB) is required!
Estimate model parameters (epsilon = 0.010)
1. Initial log-likelihood: -41116.657
2. Current log-likelihood: -41039.237
3. Current log-likelihood: -41039.114
Optimal log-likelihood: -41039.114
Rate parameters:  A-C: 1.00000  A-G: 2.12383  A-T: 1.00000  C-G: 1.00000  C-T: 2.12383  G-T: 1.00000
Base frequencies:  A: 0.283  C: 0.208  G: 0.227  T: 0.283
Parameters optimization took 3 rounds (0.086 sec)
Wrote distance file to... 
BEST SCORE FOUND : -41039.114
Total tree length: 0.022

Total number of iterations: 0
CPU time used for tree search: 0.000 sec (0h:0m:0s)
Wall-clock time used for tree search: 0.000 sec (0h:0m:0s)
Total CPU time used: 167.608 sec (0h:2m:47s)
Total wall-clock time used: 65.176 sec (0h:1m:5s)

===> START JACKKNIFE REPLICATE NUMBER 256

Creating jackknife alignment (seed: 785982)...
Reading input tree file gl_output_rmq.fasta.raxml.bestTree ...

NOTE: 7 MB RAM (0 GB) is required!
Estimate model parameters (epsilon = 0.010)
1. Initial log-likelihood: -40961.809
2. Current log-likelihood: -40880.778
3. Current log-likelihood: -40880.761
Optimal log-likelihood: -40880.761
Rate parameters:  A-C: 1.00000  A-G: 2.35866  A-T: 1.00000  C-G: 1.00000  C-T: 2.35866  G-T: 1.00000
Base frequencies:  A: 0.288  C: 0.208  G: 0.224  T: 0.279
Parameters optimization took 3 rounds (0.110 sec)
Wrote distance file to... 
BEST SCORE FOUND : -40880.761
Total tree length: 0.021

Total number of iterations: 0
CPU time used for tree search: 0.000 sec (0h:0m:0s)
Wall-clock time used for tree search: 0.000 sec (0h:0m:0s)
Total CPU time used: 168.087 sec (0h:2m:48s)
Total wall-clock time used: 65.351 sec (0h:1m:5s)

===> START JACKKNIFE REPLICATE NUMBER 257

Creating jackknife alignment (seed: 785983)...
Reading input tree file gl_output_rmq.fasta.raxml.bestTree ...

NOTE: 8 MB RAM (0 GB) is required!
Estimate model parameters (epsilon = 0.010)
1. Initial log-likelihood: -41237.843
2. Current log-likelihood: -41145.739
3. Current log-likelihood: -41145.700
Optimal log-likelihood: -41145.692
Rate parameters:  A-C: 1.00000  A-G: 2.45749  A-T: 1.00000  C-G: 1.00000  C-T: 2.45749  G-T: 1.00000
Base frequencies:  A: 0.283  C: 0.211  G: 0.225  T: 0.281
Parameters optimization took 3 rounds (0.110 sec)
Wrote distance file to... 
BEST SCORE FOUND : -41145.692
Total tree length: 0.022

Total number of iterations: 0
CPU time used for tree search: 0.000 sec (0h:0m:0s)
Wall-clock time used for tree search: 0.000 sec (0h:0m:0s)
Total CPU time used: 168.561 sec (0h:2m:48s)
Total wall-clock time used: 65.521 sec (0h:1m:5s)

===> START JACKKNIFE REPLICATE NUMBER 258

Creating jackknife alignment (seed: 785984)...
Reading input tree file gl_output_rmq.fasta.raxml.bestTree ...

NOTE: 7 MB RAM (0 GB) is required!
Estimate model parameters (epsilon = 0.010)
1. Initial log-likelihood: -40737.839
2. Current log-likelihood: -40635.057
3. Current log-likelihood: -40634.862
4. Current log-likelihood: -40634.840
Optimal log-likelihood: -40634.835
Rate parameters:  A-C: 1.00000  A-G: 2.85851  A-T: 1.00000  C-G: 1.00000  C-T: 2.85851  G-T: 1.00000
Base frequencies:  A: 0.280  C: 0.208  G: 0.228  T: 0.283
Parameters optimization took 4 rounds (0.133 sec)
Wrote distance file to... 
BEST SCORE FOUND : -40634.835
Total tree length: 0.020

Total number of iterations: 0
CPU time used for tree search: 0.000 sec (0h:0m:0s)
Wall-clock time used for tree search: 0.000 sec (0h:0m:0s)
Total CPU time used: 169.104 sec (0h:2m:49s)
Total wall-clock time used: 65.722 sec (0h:1m:5s)

===> START JACKKNIFE REPLICATE NUMBER 259

Creating jackknife alignment (seed: 785985)...
Reading input tree file gl_output_rmq.fasta.raxml.bestTree ...

NOTE: 7 MB RAM (0 GB) is required!
Estimate model parameters (epsilon = 0.010)
1. Initial log-likelihood: -40464.785
2. Current log-likelihood: -40358.634
3. Current log-likelihood: -40358.464
Optimal log-likelihood: -40358.463
Rate parameters:  A-C: 1.00000  A-G: 2.73365  A-T: 1.00000  C-G: 1.00000  C-T: 2.73365  G-T: 1.00000
Base frequencies:  A: 0.280  C: 0.208  G: 0.229  T: 0.284
Parameters optimization took 3 rounds (0.115 sec)
Wrote distance file to... 
BEST SCORE FOUND : -40358.463
Total tree length: 0.019

Total number of iterations: 0
CPU time used for tree search: 0.000 sec (0h:0m:0s)
Wall-clock time used for tree search: 0.000 sec (0h:0m:0s)
Total CPU time used: 169.594 sec (0h:2m:49s)
Total wall-clock time used: 65.898 sec (0h:1m:5s)

===> START JACKKNIFE REPLICATE NUMBER 260

Creating jackknife alignment (seed: 785986)...
Reading input tree file gl_output_rmq.fasta.raxml.bestTree ...

NOTE: 8 MB RAM (0 GB) is required!
Estimate model parameters (epsilon = 0.010)
1. Initial log-likelihood: -41420.403
2. Current log-likelihood: -41323.306
3. Current log-likelihood: -41323.223
Optimal log-likelihood: -41323.221
Rate parameters:  A-C: 1.00000  A-G: 2.52232  A-T: 1.00000  C-G: 1.00000  C-T: 2.52232  G-T: 1.00000
Base frequencies:  A: 0.282  C: 0.206  G: 0.228  T: 0.284
Parameters optimization took 3 rounds (0.091 sec)
Wrote distance file to... 
BEST SCORE FOUND : -41323.221
Total tree length: 0.023

Total number of iterations: 0
CPU time used for tree search: 0.000 sec (0h:0m:0s)
Wall-clock time used for tree search: 0.000 sec (0h:0m:0s)
Total CPU time used: 170.015 sec (0h:2m:50s)
Total wall-clock time used: 66.052 sec (0h:1m:6s)

===> START JACKKNIFE REPLICATE NUMBER 261

Creating jackknife alignment (seed: 785987)...
Reading input tree file gl_output_rmq.fasta.raxml.bestTree ...

NOTE: 7 MB RAM (0 GB) is required!
Estimate model parameters (epsilon = 0.010)
1. Initial log-likelihood: -40825.678
2. Current log-likelihood: -40743.296
3. Current log-likelihood: -40743.084
Optimal log-likelihood: -40743.079
Rate parameters:  A-C: 1.00000  A-G: 2.16185  A-T: 1.00000  C-G: 1.00000  C-T: 2.16185  G-T: 1.00000
Base frequencies:  A: 0.286  C: 0.207  G: 0.227  T: 0.280
Parameters optimization took 3 rounds (0.102 sec)
Wrote distance file to... 
BEST SCORE FOUND : -40743.079
Total tree length: 0.021

Total number of iterations: 0
CPU time used for tree search: 0.000 sec (0h:0m:0s)
Wall-clock time used for tree search: 0.000 sec (0h:0m:0s)
Total CPU time used: 170.473 sec (0h:2m:50s)
Total wall-clock time used: 66.217 sec (0h:1m:6s)

===> START JACKKNIFE REPLICATE NUMBER 262

Creating jackknife alignment (seed: 785988)...
Reading input tree file gl_output_rmq.fasta.raxml.bestTree ...

NOTE: 7 MB RAM (0 GB) is required!
Estimate model parameters (epsilon = 0.010)
1. Initial log-likelihood: -40992.896
2. Current log-likelihood: -40899.344
3. Current log-likelihood: -40899.315
Optimal log-likelihood: -40899.312
Rate parameters:  A-C: 1.00000  A-G: 2.59901  A-T: 1.00000  C-G: 1.00000  C-T: 2.59901  G-T: 1.00000
Base frequencies:  A: 0.284  C: 0.209  G: 0.227  T: 0.280
Parameters optimization took 3 rounds (0.088 sec)
Wrote distance file to... 
BEST SCORE FOUND : -40899.312
Total tree length: 0.021

Total number of iterations: 0
CPU time used for tree search: 0.000 sec (0h:0m:0s)
Wall-clock time used for tree search: 0.000 sec (0h:0m:0s)
Total CPU time used: 170.883 sec (0h:2m:50s)
Total wall-clock time used: 66.368 sec (0h:1m:6s)

===> START JACKKNIFE REPLICATE NUMBER 263

Creating jackknife alignment (seed: 785989)...
Reading input tree file gl_output_rmq.fasta.raxml.bestTree ...

NOTE: 7 MB RAM (0 GB) is required!
Estimate model parameters (epsilon = 0.010)
1. Initial log-likelihood: -41040.064
2. Current log-likelihood: -40938.000
3. Current log-likelihood: -40937.924
Optimal log-likelihood: -40937.923
Rate parameters:  A-C: 1.00000  A-G: 2.78566  A-T: 1.00000  C-G: 1.00000  C-T: 2.78566  G-T: 1.00000
Base frequencies:  A: 0.283  C: 0.208  G: 0.226  T: 0.283
Parameters optimization took 3 rounds (0.088 sec)
Wrote distance file to... 
BEST SCORE FOUND : -40937.923
Total tree length: 0.022

Total number of iterations: 0
CPU time used for tree search: 0.000 sec (0h:0m:0s)
Wall-clock time used for tree search: 0.000 sec (0h:0m:0s)
Total CPU time used: 171.287 sec (0h:2m:51s)
Total wall-clock time used: 66.517 sec (0h:1m:6s)

===> START JACKKNIFE REPLICATE NUMBER 264

Creating jackknife alignment (seed: 785990)...
Reading input tree file gl_output_rmq.fasta.raxml.bestTree ...

NOTE: 8 MB RAM (0 GB) is required!
Estimate model parameters (epsilon = 0.010)
1. Initial log-likelihood: -40982.493
2. Current log-likelihood: -40903.068
3. Current log-likelihood: -40902.867
Optimal log-likelihood: -40902.863
Rate parameters:  A-C: 1.00000  A-G: 2.27854  A-T: 1.00000  C-G: 1.00000  C-T: 2.27854  G-T: 1.00000
Base frequencies:  A: 0.281  C: 0.208  G: 0.229  T: 0.281
Parameters optimization took 3 rounds (0.102 sec)
Wrote distance file to... 
BEST SCORE FOUND : -40902.863
Total tree length: 0.022

Total number of iterations: 0
CPU time used for tree search: 0.000 sec (0h:0m:0s)
Wall-clock time used for tree search: 0.000 sec (0h:0m:0s)
Total CPU time used: 171.733 sec (0h:2m:51s)
Total wall-clock time used: 66.679 sec (0h:1m:6s)

===> START JACKKNIFE REPLICATE NUMBER 265

Creating jackknife alignment (seed: 785991)...
Reading input tree file gl_output_rmq.fasta.raxml.bestTree ...

NOTE: 7 MB RAM (0 GB) is required!
Estimate model parameters (epsilon = 0.010)
1. Initial log-likelihood: -40991.045
2. Current log-likelihood: -40890.594
3. Current log-likelihood: -40890.211
Optimal log-likelihood: -40890.208
Rate parameters:  A-C: 1.00000  A-G: 2.67390  A-T: 1.00000  C-G: 1.00000  C-T: 2.67390  G-T: 1.00000
Base frequencies:  A: 0.283  C: 0.210  G: 0.225  T: 0.281
Parameters optimization took 3 rounds (0.115 sec)
Wrote distance file to... 
BEST SCORE FOUND : -40890.208
Total tree length: 0.021

Total number of iterations: 0
CPU time used for tree search: 0.000 sec (0h:0m:0s)
Wall-clock time used for tree search: 0.000 sec (0h:0m:0s)
Total CPU time used: 172.228 sec (0h:2m:52s)
Total wall-clock time used: 66.858 sec (0h:1m:6s)

===> START JACKKNIFE REPLICATE NUMBER 266

Creating jackknife alignment (seed: 785992)...
Reading input tree file gl_output_rmq.fasta.raxml.bestTree ...

NOTE: 7 MB RAM (0 GB) is required!
Estimate model parameters (epsilon = 0.010)
1. Initial log-likelihood: -41211.709
2. Current log-likelihood: -41120.081
3. Current log-likelihood: -41119.823
4. Current log-likelihood: -41119.803
Optimal log-likelihood: -41119.802
Rate parameters:  A-C: 1.00000  A-G: 2.53943  A-T: 1.00000  C-G: 1.00000  C-T: 2.53943  G-T: 1.00000
Base frequencies:  A: 0.281  C: 0.211  G: 0.227  T: 0.281
Parameters optimization took 4 rounds (0.126 sec)
Wrote distance file to... 
BEST SCORE FOUND : -41119.802
Total tree length: 0.022

Total number of iterations: 0
CPU time used for tree search: 0.000 sec (0h:0m:0s)
Wall-clock time used for tree search: 0.000 sec (0h:0m:0s)
Total CPU time used: 172.747 sec (0h:2m:52s)
Total wall-clock time used: 67.045 sec (0h:1m:7s)

===> START JACKKNIFE REPLICATE NUMBER 267

Creating jackknife alignment (seed: 785993)...
Reading input tree file gl_output_rmq.fasta.raxml.bestTree ...

NOTE: 7 MB RAM (0 GB) is required!
Estimate model parameters (epsilon = 0.010)
1. Initial log-likelihood: -40932.952
2. Current log-likelihood: -40844.115
3. Current log-likelihood: -40843.799
Optimal log-likelihood: -40843.799
Rate parameters:  A-C: 1.00000  A-G: 2.46543  A-T: 1.00000  C-G: 1.00000  C-T: 2.46543  G-T: 1.00000
Base frequencies:  A: 0.283  C: 0.209  G: 0.226  T: 0.282
Parameters optimization took 3 rounds (0.107 sec)
Wrote distance file to... 
BEST SCORE FOUND : -40843.799
Total tree length: 0.021

Total number of iterations: 0
CPU time used for tree search: 0.000 sec (0h:0m:0s)
Wall-clock time used for tree search: 0.000 sec (0h:0m:0s)
Total CPU time used: 173.205 sec (0h:2m:53s)
Total wall-clock time used: 67.211 sec (0h:1m:7s)

===> START JACKKNIFE REPLICATE NUMBER 268

Creating jackknife alignment (seed: 785994)...
Reading input tree file gl_output_rmq.fasta.raxml.bestTree ...

NOTE: 7 MB RAM (0 GB) is required!
Estimate model parameters (epsilon = 0.010)
1. Initial log-likelihood: -40757.129
2. Current log-likelihood: -40646.273
3. Current log-likelihood: -40646.236
Optimal log-likelihood: -40646.228
Rate parameters:  A-C: 1.00000  A-G: 2.82377  A-T: 1.00000  C-G: 1.00000  C-T: 2.82377  G-T: 1.00000
Base frequencies:  A: 0.284  C: 0.211  G: 0.227  T: 0.278
Parameters optimization took 3 rounds (0.118 sec)
Wrote distance file to... 
BEST SCORE FOUND : -40646.228
Total tree length: 0.020

Total number of iterations: 0
CPU time used for tree search: 0.000 sec (0h:0m:0s)
Wall-clock time used for tree search: 0.000 sec (0h:0m:0s)
Total CPU time used: 173.696 sec (0h:2m:53s)
Total wall-clock time used: 67.390 sec (0h:1m:7s)

===> START JACKKNIFE REPLICATE NUMBER 269

Creating jackknife alignment (seed: 785995)...
Reading input tree file gl_output_rmq.fasta.raxml.bestTree ...

NOTE: 7 MB RAM (0 GB) is required!
Estimate model parameters (epsilon = 0.010)
1. Initial log-likelihood: -40729.551
2. Current log-likelihood: -40654.222
3. Current log-likelihood: -40654.167
Optimal log-likelihood: -40654.165
Rate parameters:  A-C: 1.00000  A-G: 2.19988  A-T: 1.00000  C-G: 1.00000  C-T: 2.19988  G-T: 1.00000
Base frequencies:  A: 0.284  C: 0.210  G: 0.227  T: 0.279
Parameters optimization took 3 rounds (0.104 sec)
Wrote distance file to... 
BEST SCORE FOUND : -40654.165
Total tree length: 0.020

Total number of iterations: 0
CPU time used for tree search: 0.000 sec (0h:0m:0s)
Wall-clock time used for tree search: 0.000 sec (0h:0m:0s)
Total CPU time used: 174.163 sec (0h:2m:54s)
Total wall-clock time used: 67.559 sec (0h:1m:7s)

===> START JACKKNIFE REPLICATE NUMBER 270

Creating jackknife alignment (seed: 785996)...
Reading input tree file gl_output_rmq.fasta.raxml.bestTree ...

NOTE: 7 MB RAM (0 GB) is required!
Estimate model parameters (epsilon = 0.010)
1. Initial log-likelihood: -40985.538
2. Current log-likelihood: -40879.743
3. Current log-likelihood: -40879.657
4. Current log-likelihood: -40879.606
5. Current log-likelihood: -40879.590
Optimal log-likelihood: -40879.589
Rate parameters:  A-C: 1.00000  A-G: 2.70753  A-T: 1.00000  C-G: 1.00000  C-T: 2.70753  G-T: 1.00000
Base frequencies:  A: 0.283  C: 0.212  G: 0.227  T: 0.277
Parameters optimization took 5 rounds (0.161 sec)
Wrote distance file to... 
BEST SCORE FOUND : -40879.589
Total tree length: 0.021

Total number of iterations: 0
CPU time used for tree search: 0.000 sec (0h:0m:0s)
Wall-clock time used for tree search: 0.000 sec (0h:0m:0s)
Total CPU time used: 174.793 sec (0h:2m:54s)
Total wall-clock time used: 67.786 sec (0h:1m:7s)

===> START JACKKNIFE REPLICATE NUMBER 271

Creating jackknife alignment (seed: 785997)...
Reading input tree file gl_output_rmq.fasta.raxml.bestTree ...

NOTE: 7 MB RAM (0 GB) is required!
Estimate model parameters (epsilon = 0.010)
1. Initial log-likelihood: -40878.777
2. Current log-likelihood: -40782.897
3. Current log-likelihood: -40782.727
Optimal log-likelihood: -40782.724
Rate parameters:  A-C: 1.00000  A-G: 2.65618  A-T: 1.00000  C-G: 1.00000  C-T: 2.65618  G-T: 1.00000
Base frequencies:  A: 0.284  C: 0.210  G: 0.223  T: 0.284
Parameters optimization took 3 rounds (0.116 sec)
Wrote distance file to... 
BEST SCORE FOUND : -40782.724
Total tree length: 0.021

Total number of iterations: 0
CPU time used for tree search: 0.000 sec (0h:0m:0s)
Wall-clock time used for tree search: 0.000 sec (0h:0m:0s)
Total CPU time used: 175.296 sec (0h:2m:55s)
Total wall-clock time used: 67.970 sec (0h:1m:7s)

===> START JACKKNIFE REPLICATE NUMBER 272

Creating jackknife alignment (seed: 785998)...
Reading input tree file gl_output_rmq.fasta.raxml.bestTree ...

NOTE: 7 MB RAM (0 GB) is required!
Estimate model parameters (epsilon = 0.010)
1. Initial log-likelihood: -40735.567
2. Current log-likelihood: -40641.079
3. Current log-likelihood: -40641.068
Optimal log-likelihood: -40641.064
Rate parameters:  A-C: 1.00000  A-G: 2.66237  A-T: 1.00000  C-G: 1.00000  C-T: 2.66237  G-T: 1.00000
Base frequencies:  A: 0.283  C: 0.208  G: 0.228  T: 0.280
Parameters optimization took 3 rounds (0.091 sec)
Wrote distance file to... 
BEST SCORE FOUND : -40641.064
Total tree length: 0.020

Total number of iterations: 0
CPU time used for tree search: 0.000 sec (0h:0m:0s)
Wall-clock time used for tree search: 0.000 sec (0h:0m:0s)
Total CPU time used: 175.720 sec (0h:2m:55s)
Total wall-clock time used: 68.127 sec (0h:1m:8s)

===> START JACKKNIFE REPLICATE NUMBER 273

Creating jackknife alignment (seed: 785999)...
Reading input tree file gl_output_rmq.fasta.raxml.bestTree ...

NOTE: 7 MB RAM (0 GB) is required!
Estimate model parameters (epsilon = 0.010)
1. Initial log-likelihood: -40866.723
2. Current log-likelihood: -40771.566
3. Current log-likelihood: -40771.360
Optimal log-likelihood: -40771.359
Rate parameters:  A-C: 1.00000  A-G: 2.53150  A-T: 1.00000  C-G: 1.00000  C-T: 2.53150  G-T: 1.00000
Base frequencies:  A: 0.282  C: 0.208  G: 0.230  T: 0.280
Parameters optimization took 3 rounds (0.113 sec)
Wrote distance file to... 
BEST SCORE FOUND : -40771.359
Total tree length: 0.021

Total number of iterations: 0
CPU time used for tree search: 0.000 sec (0h:0m:0s)
Wall-clock time used for tree search: 0.000 sec (0h:0m:0s)
Total CPU time used: 176.206 sec (0h:2m:56s)
Total wall-clock time used: 68.304 sec (0h:1m:8s)

===> START JACKKNIFE REPLICATE NUMBER 274

Creating jackknife alignment (seed: 786000)...
Reading input tree file gl_output_rmq.fasta.raxml.bestTree ...

NOTE: 8 MB RAM (0 GB) is required!
Estimate model parameters (epsilon = 0.010)
1. Initial log-likelihood: -41193.188
2. Current log-likelihood: -41114.089
3. Current log-likelihood: -41114.071
Optimal log-likelihood: -41114.071
Rate parameters:  A-C: 1.00000  A-G: 2.17755  A-T: 1.00000  C-G: 1.00000  C-T: 2.17755  G-T: 1.00000
Base frequencies:  A: 0.283  C: 0.209  G: 0.226  T: 0.281
Parameters optimization took 3 rounds (0.104 sec)
Wrote distance file to... 
BEST SCORE FOUND : -41114.071
Total tree length: 0.022

Total number of iterations: 0
CPU time used for tree search: 0.000 sec (0h:0m:0s)
Wall-clock time used for tree search: 0.000 sec (0h:0m:0s)
Total CPU time used: 176.667 sec (0h:2m:56s)
Total wall-clock time used: 68.473 sec (0h:1m:8s)

===> START JACKKNIFE REPLICATE NUMBER 275

Creating jackknife alignment (seed: 786001)...
Reading input tree file gl_output_rmq.fasta.raxml.bestTree ...

NOTE: 7 MB RAM (0 GB) is required!
Estimate model parameters (epsilon = 0.010)
1. Initial log-likelihood: -40467.934
2. Current log-likelihood: -40386.721
3. Current log-likelihood: -40386.328
Optimal log-likelihood: -40386.324
Rate parameters:  A-C: 1.00000  A-G: 2.17795  A-T: 1.00000  C-G: 1.00000  C-T: 2.17795  G-T: 1.00000
Base frequencies:  A: 0.283  C: 0.208  G: 0.225  T: 0.284
Parameters optimization took 3 rounds (0.112 sec)
Wrote distance file to... 
BEST SCORE FOUND : -40386.324
Total tree length: 0.019

Total number of iterations: 0
CPU time used for tree search: 0.000 sec (0h:0m:0s)
Wall-clock time used for tree search: 0.000 sec (0h:0m:0s)
Total CPU time used: 177.149 sec (0h:2m:57s)
Total wall-clock time used: 68.648 sec (0h:1m:8s)

===> START JACKKNIFE REPLICATE NUMBER 276

Creating jackknife alignment (seed: 786002)...
Reading input tree file gl_output_rmq.fasta.raxml.bestTree ...

NOTE: 7 MB RAM (0 GB) is required!
Estimate model parameters (epsilon = 0.010)
1. Initial log-likelihood: -40879.176
2. Current log-likelihood: -40791.940
3. Current log-likelihood: -40791.919
Optimal log-likelihood: -40791.919
Rate parameters:  A-C: 1.00000  A-G: 2.37722  A-T: 1.00000  C-G: 1.00000  C-T: 2.37722  G-T: 1.00000
Base frequencies:  A: 0.282  C: 0.210  G: 0.224  T: 0.285
Parameters optimization took 3 rounds (0.098 sec)
Wrote distance file to... 
BEST SCORE FOUND : -40791.919
Total tree length: 0.021

Total number of iterations: 0
CPU time used for tree search: 0.000 sec (0h:0m:0s)
Wall-clock time used for tree search: 0.000 sec (0h:0m:0s)
Total CPU time used: 177.588 sec (0h:2m:57s)
Total wall-clock time used: 68.809 sec (0h:1m:8s)

===> START JACKKNIFE REPLICATE NUMBER 277

Creating jackknife alignment (seed: 786003)...
Reading input tree file gl_output_rmq.fasta.raxml.bestTree ...

NOTE: 7 MB RAM (0 GB) is required!
Estimate model parameters (epsilon = 0.010)
1. Initial log-likelihood: -40884.480
2. Current log-likelihood: -40805.375
3. Current log-likelihood: -40805.270
Optimal log-likelihood: -40805.268
Rate parameters:  A-C: 1.00000  A-G: 2.30632  A-T: 1.00000  C-G: 1.00000  C-T: 2.30632  G-T: 1.00000
Base frequencies:  A: 0.286  C: 0.209  G: 0.226  T: 0.279
Parameters optimization took 3 rounds (0.104 sec)
Wrote distance file to... 
BEST SCORE FOUND : -40805.268
Total tree length: 0.021

Total number of iterations: 0
CPU time used for tree search: 0.000 sec (0h:0m:0s)
Wall-clock time used for tree search: 0.000 sec (0h:0m:0s)
Total CPU time used: 178.038 sec (0h:2m:58s)
Total wall-clock time used: 68.974 sec (0h:1m:8s)

===> START JACKKNIFE REPLICATE NUMBER 278

Creating jackknife alignment (seed: 786004)...
Reading input tree file gl_output_rmq.fasta.raxml.bestTree ...

NOTE: 7 MB RAM (0 GB) is required!
Estimate model parameters (epsilon = 0.010)
1. Initial log-likelihood: -40900.681
2. Current log-likelihood: -40800.916
3. Current log-likelihood: -40800.707
Optimal log-likelihood: -40800.700
Rate parameters:  A-C: 1.00000  A-G: 2.61589  A-T: 1.00000  C-G: 1.00000  C-T: 2.61589  G-T: 1.00000
Base frequencies:  A: 0.281  C: 0.211  G: 0.226  T: 0.281
Parameters optimization took 3 rounds (0.096 sec)
Wrote distance file to... 
BEST SCORE FOUND : -40800.700
Total tree length: 0.021

Total number of iterations: 0
CPU time used for tree search: 0.000 sec (0h:0m:0s)
Wall-clock time used for tree search: 0.000 sec (0h:0m:0s)
Total CPU time used: 178.468 sec (0h:2m:58s)
Total wall-clock time used: 69.130 sec (0h:1m:9s)

===> START JACKKNIFE REPLICATE NUMBER 279

Creating jackknife alignment (seed: 786005)...
Reading input tree file gl_output_rmq.fasta.raxml.bestTree ...

NOTE: 7 MB RAM (0 GB) is required!
Estimate model parameters (epsilon = 0.010)
1. Initial log-likelihood: -41001.355
2. Current log-likelihood: -40923.936
3. Current log-likelihood: -40923.373
Optimal log-likelihood: -40923.373
Rate parameters:  A-C: 1.00000  A-G: 2.13942  A-T: 1.00000  C-G: 1.00000  C-T: 2.13942  G-T: 1.00000
Base frequencies:  A: 0.283  C: 0.209  G: 0.228  T: 0.280
Parameters optimization took 3 rounds (0.120 sec)
Wrote distance file to... 
BEST SCORE FOUND : -40923.373
Total tree length: 0.021

Total number of iterations: 0
CPU time used for tree search: 0.000 sec (0h:0m:0s)
Wall-clock time used for tree search: 0.000 sec (0h:0m:0s)
Total CPU time used: 178.966 sec (0h:2m:58s)
Total wall-clock time used: 69.308 sec (0h:1m:9s)

===> START JACKKNIFE REPLICATE NUMBER 280

Creating jackknife alignment (seed: 786006)...
Reading input tree file gl_output_rmq.fasta.raxml.bestTree ...

NOTE: 7 MB RAM (0 GB) is required!
Estimate model parameters (epsilon = 0.010)
1. Initial log-likelihood: -40713.697
2. Current log-likelihood: -40625.223
3. Current log-likelihood: -40625.037
4. Current log-likelihood: -40625.020
Optimal log-likelihood: -40625.020
Rate parameters:  A-C: 1.00000  A-G: 2.40691  A-T: 1.00000  C-G: 1.00000  C-T: 2.40691  G-T: 1.00000
Base frequencies:  A: 0.284  C: 0.211  G: 0.226  T: 0.280
Parameters optimization took 4 rounds (0.144 sec)
Wrote distance file to... 
BEST SCORE FOUND : -40625.020
Total tree length: 0.020

Total number of iterations: 0
CPU time used for tree search: 0.000 sec (0h:0m:0s)
Wall-clock time used for tree search: 0.000 sec (0h:0m:0s)
Total CPU time used: 179.535 sec (0h:2m:59s)
Total wall-clock time used: 69.518 sec (0h:1m:9s)

===> START JACKKNIFE REPLICATE NUMBER 281

Creating jackknife alignment (seed: 786007)...
Reading input tree file gl_output_rmq.fasta.raxml.bestTree ...

NOTE: 7 MB RAM (0 GB) is required!
Estimate model parameters (epsilon = 0.010)
1. Initial log-likelihood: -40849.350
2. Current log-likelihood: -40763.197
3. Current log-likelihood: -40763.022
4. Current log-likelihood: -40763.003
Optimal log-likelihood: -40763.003
Rate parameters:  A-C: 1.00000  A-G: 2.45407  A-T: 1.00000  C-G: 1.00000  C-T: 2.45407  G-T: 1.00000
Base frequencies:  A: 0.284  C: 0.210  G: 0.227  T: 0.279
Parameters optimization took 4 rounds (0.137 sec)
Wrote distance file to... 
BEST SCORE FOUND : -40763.003
Total tree length: 0.021

Total number of iterations: 0
CPU time used for tree search: 0.000 sec (0h:0m:0s)
Wall-clock time used for tree search: 0.000 sec (0h:0m:0s)
Total CPU time used: 180.088 sec (0h:3m:0s)
Total wall-clock time used: 69.714 sec (0h:1m:9s)

===> START JACKKNIFE REPLICATE NUMBER 282

Creating jackknife alignment (seed: 786008)...
Reading input tree file gl_output_rmq.fasta.raxml.bestTree ...

NOTE: 7 MB RAM (0 GB) is required!
Estimate model parameters (epsilon = 0.010)
1. Initial log-likelihood: -40854.478
2. Current log-likelihood: -40772.233
3. Current log-likelihood: -40772.113
Optimal log-likelihood: -40772.106
Rate parameters:  A-C: 1.00000  A-G: 2.27063  A-T: 1.00000  C-G: 1.00000  C-T: 2.27063  G-T: 1.00000
Base frequencies:  A: 0.283  C: 0.212  G: 0.225  T: 0.280
Parameters optimization took 3 rounds (0.112 sec)
Wrote distance file to... 
BEST SCORE FOUND : -40772.106
Total tree length: 0.021

Total number of iterations: 0
CPU time used for tree search: 0.000 sec (0h:0m:0s)
Wall-clock time used for tree search: 0.000 sec (0h:0m:0s)
Total CPU time used: 180.562 sec (0h:3m:0s)
Total wall-clock time used: 69.885 sec (0h:1m:9s)

===> START JACKKNIFE REPLICATE NUMBER 283

Creating jackknife alignment (seed: 786009)...
Reading input tree file gl_output_rmq.fasta.raxml.bestTree ...

NOTE: 7 MB RAM (0 GB) is required!
Estimate model parameters (epsilon = 0.010)
1. Initial log-likelihood: -41070.809
2. Current log-likelihood: -40978.789
3. Current log-likelihood: -40978.708
Optimal log-likelihood: -40978.708
Rate parameters:  A-C: 1.00000  A-G: 2.47943  A-T: 1.00000  C-G: 1.00000  C-T: 2.47943  G-T: 1.00000
Base frequencies:  A: 0.282  C: 0.207  G: 0.228  T: 0.282
Parameters optimization took 3 rounds (0.102 sec)
Wrote distance file to... 
BEST SCORE FOUND : -40978.708
Total tree length: 0.022

Total number of iterations: 0
CPU time used for tree search: 0.000 sec (0h:0m:0s)
Wall-clock time used for tree search: 0.000 sec (0h:0m:0s)
Total CPU time used: 181.011 sec (0h:3m:1s)
Total wall-clock time used: 70.047 sec (0h:1m:10s)

===> START JACKKNIFE REPLICATE NUMBER 284

Creating jackknife alignment (seed: 786010)...
Reading input tree file gl_output_rmq.fasta.raxml.bestTree ...

NOTE: 8 MB RAM (0 GB) is required!
Estimate model parameters (epsilon = 0.010)
1. Initial log-likelihood: -41131.194
2. Current log-likelihood: -41038.625
3. Current log-likelihood: -41038.597
Optimal log-likelihood: -41038.597
Rate parameters:  A-C: 1.00000  A-G: 2.34204  A-T: 1.00000  C-G: 1.00000  C-T: 2.34204  G-T: 1.00000
Base frequencies:  A: 0.284  C: 0.210  G: 0.226  T: 0.280
Parameters optimization took 3 rounds (0.107 sec)
Wrote distance file to... 
BEST SCORE FOUND : -41038.597
Total tree length: 0.022

Total number of iterations: 0
CPU time used for tree search: 0.000 sec (0h:0m:0s)
Wall-clock time used for tree search: 0.000 sec (0h:0m:0s)
Total CPU time used: 181.476 sec (0h:3m:1s)
Total wall-clock time used: 70.214 sec (0h:1m:10s)

===> START JACKKNIFE REPLICATE NUMBER 285

Creating jackknife alignment (seed: 786011)...
Reading input tree file gl_output_rmq.fasta.raxml.bestTree ...

NOTE: 7 MB RAM (0 GB) is required!
Estimate model parameters (epsilon = 0.010)
1. Initial log-likelihood: -41275.667
2. Current log-likelihood: -41187.661
3. Current log-likelihood: -41187.566
Optimal log-likelihood: -41187.564
Rate parameters:  A-C: 1.00000  A-G: 2.54559  A-T: 1.00000  C-G: 1.00000  C-T: 2.54559  G-T: 1.00000
Base frequencies:  A: 0.283  C: 0.211  G: 0.227  T: 0.279
Parameters optimization took 3 rounds (0.104 sec)
Wrote distance file to... 
BEST SCORE FOUND : -41187.564
Total tree length: 0.022

Total number of iterations: 0
CPU time used for tree search: 0.000 sec (0h:0m:0s)
Wall-clock time used for tree search: 0.000 sec (0h:0m:0s)
Total CPU time used: 181.933 sec (0h:3m:1s)
Total wall-clock time used: 70.380 sec (0h:1m:10s)

===> START JACKKNIFE REPLICATE NUMBER 286

Creating jackknife alignment (seed: 786012)...
Reading input tree file gl_output_rmq.fasta.raxml.bestTree ...

NOTE: 7 MB RAM (0 GB) is required!
Estimate model parameters (epsilon = 0.010)
1. Initial log-likelihood: -40384.099
2. Current log-likelihood: -40297.969
3. Current log-likelihood: -40297.912
4. Current log-likelihood: -40297.881
Optimal log-likelihood: -40297.881
Rate parameters:  A-C: 1.00000  A-G: 2.35283  A-T: 1.00000  C-G: 1.00000  C-T: 2.35283  G-T: 1.00000
Base frequencies:  A: 0.284  C: 0.207  G: 0.227  T: 0.281
Parameters optimization took 4 rounds (0.129 sec)
Wrote distance file to... 
BEST SCORE FOUND : -40297.881
Total tree length: 0.019

Total number of iterations: 0
CPU time used for tree search: 0.000 sec (0h:0m:0s)
Wall-clock time used for tree search: 0.000 sec (0h:0m:0s)
Total CPU time used: 182.463 sec (0h:3m:2s)
Total wall-clock time used: 70.568 sec (0h:1m:10s)

===> START JACKKNIFE REPLICATE NUMBER 287

Creating jackknife alignment (seed: 786013)...
Reading input tree file gl_output_rmq.fasta.raxml.bestTree ...

NOTE: 7 MB RAM (0 GB) is required!
Estimate model parameters (epsilon = 0.010)
1. Initial log-likelihood: -41065.099
2. Current log-likelihood: -40966.607
3. Current log-likelihood: -40966.107
Optimal log-likelihood: -40966.103
Rate parameters:  A-C: 1.00000  A-G: 2.64903  A-T: 1.00000  C-G: 1.00000  C-T: 2.64903  G-T: 1.00000
Base frequencies:  A: 0.282  C: 0.212  G: 0.227  T: 0.280
Parameters optimization took 3 rounds (0.119 sec)
Wrote distance file to... 
BEST SCORE FOUND : -40966.103
Total tree length: 0.021

Total number of iterations: 0
CPU time used for tree search: 0.000 sec (0h:0m:0s)
Wall-clock time used for tree search: 0.000 sec (0h:0m:0s)
Total CPU time used: 182.966 sec (0h:3m:2s)
Total wall-clock time used: 70.750 sec (0h:1m:10s)

===> START JACKKNIFE REPLICATE NUMBER 288

Creating jackknife alignment (seed: 786014)...
Reading input tree file gl_output_rmq.fasta.raxml.bestTree ...

NOTE: 8 MB RAM (0 GB) is required!
Estimate model parameters (epsilon = 0.010)
1. Initial log-likelihood: -41461.890
2. Current log-likelihood: -41375.077
3. Current log-likelihood: -41374.813
Optimal log-likelihood: -41374.810
Rate parameters:  A-C: 1.00000  A-G: 2.26829  A-T: 1.00000  C-G: 1.00000  C-T: 2.26829  G-T: 1.00000
Base frequencies:  A: 0.283  C: 0.209  G: 0.225  T: 0.283
Parameters optimization took 3 rounds (0.118 sec)
Wrote distance file to... 
BEST SCORE FOUND : -41374.810
Total tree length: 0.023

Total number of iterations: 0
CPU time used for tree search: 0.000 sec (0h:0m:0s)
Wall-clock time used for tree search: 0.000 sec (0h:0m:0s)
Total CPU time used: 183.460 sec (0h:3m:3s)
Total wall-clock time used: 70.928 sec (0h:1m:10s)

===> START JACKKNIFE REPLICATE NUMBER 289

Creating jackknife alignment (seed: 786015)...
Reading input tree file gl_output_rmq.fasta.raxml.bestTree ...

NOTE: 8 MB RAM (0 GB) is required!
Estimate model parameters (epsilon = 0.010)
1. Initial log-likelihood: -41045.193
2. Current log-likelihood: -40967.877
3. Current log-likelihood: -40967.778
Optimal log-likelihood: -40967.778
Rate parameters:  A-C: 1.00000  A-G: 2.23678  A-T: 1.00000  C-G: 1.00000  C-T: 2.23678  G-T: 1.00000
Base frequencies:  A: 0.284  C: 0.208  G: 0.225  T: 0.283
Parameters optimization took 3 rounds (0.105 sec)
Wrote distance file to... 
BEST SCORE FOUND : -40967.778
Total tree length: 0.022

Total number of iterations: 0
CPU time used for tree search: 0.000 sec (0h:0m:0s)
Wall-clock time used for tree search: 0.000 sec (0h:0m:0s)
Total CPU time used: 183.919 sec (0h:3m:3s)
Total wall-clock time used: 71.094 sec (0h:1m:11s)

===> START JACKKNIFE REPLICATE NUMBER 290

Creating jackknife alignment (seed: 786016)...
Reading input tree file gl_output_rmq.fasta.raxml.bestTree ...

NOTE: 7 MB RAM (0 GB) is required!
Estimate model parameters (epsilon = 0.010)
1. Initial log-likelihood: -41052.275
2. Current log-likelihood: -40958.749
3. Current log-likelihood: -40958.415
4. Current log-likelihood: -40958.394
Optimal log-likelihood: -40958.392
Rate parameters:  A-C: 1.00000  A-G: 2.52316  A-T: 1.00000  C-G: 1.00000  C-T: 2.52316  G-T: 1.00000
Base frequencies:  A: 0.285  C: 0.209  G: 0.229  T: 0.277
Parameters optimization took 4 rounds (0.158 sec)
Wrote distance file to... 
BEST SCORE FOUND : -40958.392
Total tree length: 0.021

Total number of iterations: 0
CPU time used for tree search: 0.000 sec (0h:0m:0s)
Wall-clock time used for tree search: 0.000 sec (0h:0m:0s)
Total CPU time used: 184.529 sec (0h:3m:4s)
Total wall-clock time used: 71.313 sec (0h:1m:11s)

===> START JACKKNIFE REPLICATE NUMBER 291

Creating jackknife alignment (seed: 786017)...
Reading input tree file gl_output_rmq.fasta.raxml.bestTree ...

NOTE: 7 MB RAM (0 GB) is required!
Estimate model parameters (epsilon = 0.010)
1. Initial log-likelihood: -40802.009
2. Current log-likelihood: -40727.198
3. Current log-likelihood: -40727.009
Optimal log-likelihood: -40727.009
Rate parameters:  A-C: 1.00000  A-G: 2.19018  A-T: 1.00000  C-G: 1.00000  C-T: 2.19018  G-T: 1.00000
Base frequencies:  A: 0.283  C: 0.210  G: 0.226  T: 0.280
Parameters optimization took 3 rounds (0.112 sec)
Wrote distance file to... 
BEST SCORE FOUND : -40727.009
Total tree length: 0.020

Total number of iterations: 0
CPU time used for tree search: 0.000 sec (0h:0m:0s)
Wall-clock time used for tree search: 0.000 sec (0h:0m:0s)
Total CPU time used: 185.006 sec (0h:3m:5s)
Total wall-clock time used: 71.488 sec (0h:1m:11s)

===> START JACKKNIFE REPLICATE NUMBER 292

Creating jackknife alignment (seed: 786018)...
Reading input tree file gl_output_rmq.fasta.raxml.bestTree ...

NOTE: 7 MB RAM (0 GB) is required!
Estimate model parameters (epsilon = 0.010)
1. Initial log-likelihood: -40958.190
2. Current log-likelihood: -40874.877
3. Current log-likelihood: -40874.833
Optimal log-likelihood: -40874.832
Rate parameters:  A-C: 1.00000  A-G: 2.33046  A-T: 1.00000  C-G: 1.00000  C-T: 2.33046  G-T: 1.00000
Base frequencies:  A: 0.281  C: 0.210  G: 0.228  T: 0.281
Parameters optimization took 3 rounds (0.096 sec)
Wrote distance file to... 
BEST SCORE FOUND : -40874.832
Total tree length: 0.021

Total number of iterations: 0
CPU time used for tree search: 0.000 sec (0h:0m:0s)
Wall-clock time used for tree search: 0.000 sec (0h:0m:0s)
Total CPU time used: 185.443 sec (0h:3m:5s)
Total wall-clock time used: 71.649 sec (0h:1m:11s)

===> START JACKKNIFE REPLICATE NUMBER 293

Creating jackknife alignment (seed: 786019)...
Reading input tree file gl_output_rmq.fasta.raxml.bestTree ...

NOTE: 7 MB RAM (0 GB) is required!
Estimate model parameters (epsilon = 0.010)
1. Initial log-likelihood: -40950.692
2. Current log-likelihood: -40865.177
3. Current log-likelihood: -40864.986
Optimal log-likelihood: -40864.984
Rate parameters:  A-C: 1.00000  A-G: 2.55551  A-T: 1.00000  C-G: 1.00000  C-T: 2.55551  G-T: 1.00000
Base frequencies:  A: 0.285  C: 0.210  G: 0.226  T: 0.278
Parameters optimization took 3 rounds (0.123 sec)
Wrote distance file to... 
BEST SCORE FOUND : -40864.984
Total tree length: 0.021

Total number of iterations: 0
CPU time used for tree search: 0.000 sec (0h:0m:0s)
Wall-clock time used for tree search: 0.000 sec (0h:0m:0s)
Total CPU time used: 185.954 sec (0h:3m:5s)
Total wall-clock time used: 71.833 sec (0h:1m:11s)

===> START JACKKNIFE REPLICATE NUMBER 294

Creating jackknife alignment (seed: 786020)...
Reading input tree file gl_output_rmq.fasta.raxml.bestTree ...

NOTE: 7 MB RAM (0 GB) is required!
Estimate model parameters (epsilon = 0.010)
1. Initial log-likelihood: -40883.133
2. Current log-likelihood: -40811.521
3. Current log-likelihood: -40811.263
4. Current log-likelihood: -40811.164
Optimal log-likelihood: -40811.158
Rate parameters:  A-C: 1.00000  A-G: 1.97515  A-T: 1.00000  C-G: 1.00000  C-T: 1.97515  G-T: 1.00000
Base frequencies:  A: 0.282  C: 0.209  G: 0.228  T: 0.281
Parameters optimization took 4 rounds (0.146 sec)
Wrote distance file to... 
BEST SCORE FOUND : -40811.158
Total tree length: 0.021

Total number of iterations: 0
CPU time used for tree search: 0.000 sec (0h:0m:0s)
Wall-clock time used for tree search: 0.000 sec (0h:0m:0s)
Total CPU time used: 186.540 sec (0h:3m:6s)
Total wall-clock time used: 72.046 sec (0h:1m:12s)

===> START JACKKNIFE REPLICATE NUMBER 295

Creating jackknife alignment (seed: 786021)...
Reading input tree file gl_output_rmq.fasta.raxml.bestTree ...

NOTE: 8 MB RAM (0 GB) is required!
Estimate model parameters (epsilon = 0.010)
1. Initial log-likelihood: -41104.540
2. Current log-likelihood: -41007.698
3. Current log-likelihood: -41007.644
Optimal log-likelihood: -41007.641
Rate parameters:  A-C: 1.00000  A-G: 2.61205  A-T: 1.00000  C-G: 1.00000  C-T: 2.61205  G-T: 1.00000
Base frequencies:  A: 0.285  C: 0.209  G: 0.227  T: 0.279
Parameters optimization took 3 rounds (0.096 sec)
Wrote distance file to... 
BEST SCORE FOUND : -41007.641
Total tree length: 0.022

Total number of iterations: 0
CPU time used for tree search: 0.000 sec (0h:0m:0s)
Wall-clock time used for tree search: 0.000 sec (0h:0m:0s)
Total CPU time used: 186.972 sec (0h:3m:6s)
Total wall-clock time used: 72.204 sec (0h:1m:12s)

===> START JACKKNIFE REPLICATE NUMBER 296

Creating jackknife alignment (seed: 786022)...
Reading input tree file gl_output_rmq.fasta.raxml.bestTree ...

NOTE: 7 MB RAM (0 GB) is required!
Estimate model parameters (epsilon = 0.010)
1. Initial log-likelihood: -41264.477
2. Current log-likelihood: -41175.932
3. Current log-likelihood: -41175.247
4. Current log-likelihood: -41175.188
Optimal log-likelihood: -41175.184
Rate parameters:  A-C: 1.00000  A-G: 2.41782  A-T: 1.00000  C-G: 1.00000  C-T: 2.41782  G-T: 1.00000
Base frequencies:  A: 0.285  C: 0.207  G: 0.227  T: 0.280
Parameters optimization took 4 rounds (0.142 sec)
Wrote distance file to... 
BEST SCORE FOUND : -41175.184
Total tree length: 0.023

Total number of iterations: 0
CPU time used for tree search: 0.000 sec (0h:0m:0s)
Wall-clock time used for tree search: 0.000 sec (0h:0m:0s)
Total CPU time used: 187.546 sec (0h:3m:7s)
Total wall-clock time used: 72.407 sec (0h:1m:12s)

===> START JACKKNIFE REPLICATE NUMBER 297

Creating jackknife alignment (seed: 786023)...
Reading input tree file gl_output_rmq.fasta.raxml.bestTree ...

NOTE: 7 MB RAM (0 GB) is required!
Estimate model parameters (epsilon = 0.010)
1. Initial log-likelihood: -40859.660
2. Current log-likelihood: -40768.621
3. Current log-likelihood: -40768.280
4. Current log-likelihood: -40768.263
Optimal log-likelihood: -40768.263
Rate parameters:  A-C: 1.00000  A-G: 2.46256  A-T: 1.00000  C-G: 1.00000  C-T: 2.46256  G-T: 1.00000
Base frequencies:  A: 0.283  C: 0.210  G: 0.228  T: 0.279
Parameters optimization took 4 rounds (0.136 sec)
Wrote distance file to... 
BEST SCORE FOUND : -40768.263
Total tree length: 0.021

Total number of iterations: 0
CPU time used for tree search: 0.000 sec (0h:0m:0s)
Wall-clock time used for tree search: 0.000 sec (0h:0m:0s)
Total CPU time used: 188.103 sec (0h:3m:8s)
Total wall-clock time used: 72.606 sec (0h:1m:12s)

===> START JACKKNIFE REPLICATE NUMBER 298

Creating jackknife alignment (seed: 786024)...
Reading input tree file gl_output_rmq.fasta.raxml.bestTree ...

NOTE: 7 MB RAM (0 GB) is required!
Estimate model parameters (epsilon = 0.010)
1. Initial log-likelihood: -40692.877
2. Current log-likelihood: -40579.038
3. Current log-likelihood: -40578.867
4. Current log-likelihood: -40578.857
Optimal log-likelihood: -40578.855
Rate parameters:  A-C: 1.00000  A-G: 2.89590  A-T: 1.00000  C-G: 1.00000  C-T: 2.89590  G-T: 1.00000
Base frequencies:  A: 0.281  C: 0.212  G: 0.225  T: 0.282
Parameters optimization took 4 rounds (0.127 sec)
Wrote distance file to... 
BEST SCORE FOUND : -40578.855
Total tree length: 0.020

Total number of iterations: 0
CPU time used for tree search: 0.000 sec (0h:0m:0s)
Wall-clock time used for tree search: 0.000 sec (0h:0m:0s)
Total CPU time used: 188.637 sec (0h:3m:8s)
Total wall-clock time used: 72.797 sec (0h:1m:12s)

===> START JACKKNIFE REPLICATE NUMBER 299

Creating jackknife alignment (seed: 786025)...
Reading input tree file gl_output_rmq.fasta.raxml.bestTree ...

NOTE: 8 MB RAM (0 GB) is required!
Estimate model parameters (epsilon = 0.010)
1. Initial log-likelihood: -41139.356
2. Current log-likelihood: -41055.131
3. Current log-likelihood: -41054.955
Optimal log-likelihood: -41054.955
Rate parameters:  A-C: 1.00000  A-G: 2.46991  A-T: 1.00000  C-G: 1.00000  C-T: 2.46991  G-T: 1.00000
Base frequencies:  A: 0.281  C: 0.211  G: 0.227  T: 0.281
Parameters optimization took 3 rounds (0.124 sec)
Wrote distance file to... 
BEST SCORE FOUND : -41054.955
Total tree length: 0.022

Total number of iterations: 0
CPU time used for tree search: 0.000 sec (0h:0m:0s)
Wall-clock time used for tree search: 0.000 sec (0h:0m:0s)
Total CPU time used: 189.151 sec (0h:3m:9s)
Total wall-clock time used: 72.981 sec (0h:1m:12s)

===> START JACKKNIFE REPLICATE NUMBER 300

Creating jackknife alignment (seed: 786026)...
Reading input tree file gl_output_rmq.fasta.raxml.bestTree ...

NOTE: 8 MB RAM (0 GB) is required!
Estimate model parameters (epsilon = 0.010)
1. Initial log-likelihood: -41179.458
2. Current log-likelihood: -41079.847
3. Current log-likelihood: -41079.706
Optimal log-likelihood: -41079.702
Rate parameters:  A-C: 1.00000  A-G: 2.71572  A-T: 1.00000  C-G: 1.00000  C-T: 2.71572  G-T: 1.00000
Base frequencies:  A: 0.285  C: 0.210  G: 0.224  T: 0.281
Parameters optimization took 3 rounds (0.106 sec)
Wrote distance file to... 
BEST SCORE FOUND : -41079.702
Total tree length: 0.022

Total number of iterations: 0
CPU time used for tree search: 0.000 sec (0h:0m:0s)
Wall-clock time used for tree search: 0.000 sec (0h:0m:0s)
Total CPU time used: 189.609 sec (0h:3m:9s)
Total wall-clock time used: 73.147 sec (0h:1m:13s)

===> START JACKKNIFE REPLICATE NUMBER 301

Creating jackknife alignment (seed: 786027)...
Reading input tree file gl_output_rmq.fasta.raxml.bestTree ...

NOTE: 7 MB RAM (0 GB) is required!
Estimate model parameters (epsilon = 0.010)
1. Initial log-likelihood: -40932.353
2. Current log-likelihood: -40839.185
3. Current log-likelihood: -40839.107
4. Current log-likelihood: -40839.096
Optimal log-likelihood: -40839.079
Rate parameters:  A-C: 1.00000  A-G: 2.56836  A-T: 1.00000  C-G: 1.00000  C-T: 2.56836  G-T: 1.00000
Base frequencies:  A: 0.283  C: 0.210  G: 0.225  T: 0.281
Parameters optimization took 4 rounds (0.146 sec)
Wrote distance file to... 
BEST SCORE FOUND : -40839.079
Total tree length: 0.021

Total number of iterations: 0
CPU time used for tree search: 0.000 sec (0h:0m:0s)
Wall-clock time used for tree search: 0.000 sec (0h:0m:0s)
Total CPU time used: 190.187 sec (0h:3m:10s)
Total wall-clock time used: 73.353 sec (0h:1m:13s)

===> START JACKKNIFE REPLICATE NUMBER 302

Creating jackknife alignment (seed: 786028)...
Reading input tree file gl_output_rmq.fasta.raxml.bestTree ...

NOTE: 8 MB RAM (0 GB) is required!
Estimate model parameters (epsilon = 0.010)
1. Initial log-likelihood: -41217.899
2. Current log-likelihood: -41132.362
3. Current log-likelihood: -41132.257
Optimal log-likelihood: -41132.257
Rate parameters:  A-C: 1.00000  A-G: 2.35853  A-T: 1.00000  C-G: 1.00000  C-T: 2.35853  G-T: 1.00000
Base frequencies:  A: 0.284  C: 0.211  G: 0.225  T: 0.280
Parameters optimization took 3 rounds (0.121 sec)
Wrote distance file to... 
BEST SCORE FOUND : -41132.257
Total tree length: 0.022

Total number of iterations: 0
CPU time used for tree search: 0.000 sec (0h:0m:0s)
Wall-clock time used for tree search: 0.000 sec (0h:0m:0s)
Total CPU time used: 190.723 sec (0h:3m:10s)
Total wall-clock time used: 73.553 sec (0h:1m:13s)

===> START JACKKNIFE REPLICATE NUMBER 303

Creating jackknife alignment (seed: 786029)...
Reading input tree file gl_output_rmq.fasta.raxml.bestTree ...

NOTE: 7 MB RAM (0 GB) is required!
Estimate model parameters (epsilon = 0.010)
1. Initial log-likelihood: -41275.815
2. Current log-likelihood: -41193.877
3. Current log-likelihood: -41193.676
Optimal log-likelihood: -41193.672
Rate parameters:  A-C: 1.00000  A-G: 2.30218  A-T: 1.00000  C-G: 1.00000  C-T: 2.30218  G-T: 1.00000
Base frequencies:  A: 0.281  C: 0.213  G: 0.225  T: 0.281
Parameters optimization took 3 rounds (0.104 sec)
Wrote distance file to... 
BEST SCORE FOUND : -41193.672
Total tree length: 0.022

Total number of iterations: 0
CPU time used for tree search: 0.000 sec (0h:0m:0s)
Wall-clock time used for tree search: 0.000 sec (0h:0m:0s)
Total CPU time used: 191.169 sec (0h:3m:11s)
Total wall-clock time used: 73.715 sec (0h:1m:13s)

===> START JACKKNIFE REPLICATE NUMBER 304

Creating jackknife alignment (seed: 786030)...
Reading input tree file gl_output_rmq.fasta.raxml.bestTree ...

NOTE: 7 MB RAM (0 GB) is required!
Estimate model parameters (epsilon = 0.010)
1. Initial log-likelihood: -41103.390
2. Current log-likelihood: -41010.891
Optimal log-likelihood: -41010.888
Rate parameters:  A-C: 1.00000  A-G: 2.47915  A-T: 1.00000  C-G: 1.00000  C-T: 2.47915  G-T: 1.00000
Base frequencies:  A: 0.281  C: 0.209  G: 0.225  T: 0.285
Parameters optimization took 2 rounds (0.090 sec)
Wrote distance file to... 
BEST SCORE FOUND : -41010.888
Total tree length: 0.022

Total number of iterations: 0
CPU time used for tree search: 0.000 sec (0h:0m:0s)
Wall-clock time used for tree search: 0.000 sec (0h:0m:0s)
Total CPU time used: 191.573 sec (0h:3m:11s)
Total wall-clock time used: 73.863 sec (0h:1m:13s)

===> START JACKKNIFE REPLICATE NUMBER 305

Creating jackknife alignment (seed: 786031)...
Reading input tree file gl_output_rmq.fasta.raxml.bestTree ...

NOTE: 8 MB RAM (0 GB) is required!
Estimate model parameters (epsilon = 0.010)
1. Initial log-likelihood: -41186.822
2. Current log-likelihood: -41080.420
3. Current log-likelihood: -41080.264
Optimal log-likelihood: -41080.263
Rate parameters:  A-C: 1.00000  A-G: 2.77545  A-T: 1.00000  C-G: 1.00000  C-T: 2.77545  G-T: 1.00000
Base frequencies:  A: 0.281  C: 0.212  G: 0.227  T: 0.280
Parameters optimization took 3 rounds (0.102 sec)
Wrote distance file to... 
BEST SCORE FOUND : -41080.263
Total tree length: 0.022

Total number of iterations: 0
CPU time used for tree search: 0.000 sec (0h:0m:0s)
Wall-clock time used for tree search: 0.000 sec (0h:0m:0s)
Total CPU time used: 192.027 sec (0h:3m:12s)
Total wall-clock time used: 74.028 sec (0h:1m:14s)

===> START JACKKNIFE REPLICATE NUMBER 306

Creating jackknife alignment (seed: 786032)...
Reading input tree file gl_output_rmq.fasta.raxml.bestTree ...

NOTE: 7 MB RAM (0 GB) is required!
Estimate model parameters (epsilon = 0.010)
1. Initial log-likelihood: -41103.450
2. Current log-likelihood: -40996.417
Optimal log-likelihood: -40996.409
Rate parameters:  A-C: 1.00000  A-G: 2.62823  A-T: 1.00000  C-G: 1.00000  C-T: 2.62823  G-T: 1.00000
Base frequencies:  A: 0.283  C: 0.209  G: 0.227  T: 0.281
Parameters optimization took 2 rounds (0.072 sec)
Wrote distance file to... 
BEST SCORE FOUND : -40996.409
Total tree length: 0.022

Total number of iterations: 0
CPU time used for tree search: 0.000 sec (0h:0m:0s)
Wall-clock time used for tree search: 0.000 sec (0h:0m:0s)
Total CPU time used: 192.379 sec (0h:3m:12s)
Total wall-clock time used: 74.158 sec (0h:1m:14s)

===> START JACKKNIFE REPLICATE NUMBER 307

Creating jackknife alignment (seed: 786033)...
Reading input tree file gl_output_rmq.fasta.raxml.bestTree ...

NOTE: 7 MB RAM (0 GB) is required!
Estimate model parameters (epsilon = 0.010)
1. Initial log-likelihood: -41084.450
2. Current log-likelihood: -40982.955
Optimal log-likelihood: -40982.944
Rate parameters:  A-C: 1.00000  A-G: 2.76902  A-T: 1.00000  C-G: 1.00000  C-T: 2.76902  G-T: 1.00000
Base frequencies:  A: 0.281  C: 0.211  G: 0.226  T: 0.282
Parameters optimization took 2 rounds (0.078 sec)
Wrote distance file to... 
BEST SCORE FOUND : -40982.944
Total tree length: 0.022

Total number of iterations: 0
CPU time used for tree search: 0.000 sec (0h:0m:0s)
Wall-clock time used for tree search: 0.000 sec (0h:0m:0s)
Total CPU time used: 192.746 sec (0h:3m:12s)
Total wall-clock time used: 74.293 sec (0h:1m:14s)

===> START JACKKNIFE REPLICATE NUMBER 308

Creating jackknife alignment (seed: 786034)...
Reading input tree file gl_output_rmq.fasta.raxml.bestTree ...

NOTE: 8 MB RAM (0 GB) is required!
Estimate model parameters (epsilon = 0.010)
1. Initial log-likelihood: -41021.309
2. Current log-likelihood: -40944.257
3. Current log-likelihood: -40944.238
Optimal log-likelihood: -40944.238
Rate parameters:  A-C: 1.00000  A-G: 2.18257  A-T: 1.00000  C-G: 1.00000  C-T: 2.18257  G-T: 1.00000
Base frequencies:  A: 0.281  C: 0.210  G: 0.227  T: 0.282
Parameters optimization took 3 rounds (0.105 sec)
Wrote distance file to... 
BEST SCORE FOUND : -40944.238
Total tree length: 0.021

Total number of iterations: 0
CPU time used for tree search: 0.000 sec (0h:0m:0s)
Wall-clock time used for tree search: 0.000 sec (0h:0m:0s)
Total CPU time used: 193.201 sec (0h:3m:13s)
Total wall-clock time used: 74.458 sec (0h:1m:14s)

===> START JACKKNIFE REPLICATE NUMBER 309

Creating jackknife alignment (seed: 786035)...
Reading input tree file gl_output_rmq.fasta.raxml.bestTree ...

NOTE: 7 MB RAM (0 GB) is required!
Estimate model parameters (epsilon = 0.010)
1. Initial log-likelihood: -40999.178
2. Current log-likelihood: -40893.341
3. Current log-likelihood: -40893.152
Optimal log-likelihood: -40893.150
Rate parameters:  A-C: 1.00000  A-G: 2.74434  A-T: 1.00000  C-G: 1.00000  C-T: 2.74434  G-T: 1.00000
Base frequencies:  A: 0.286  C: 0.209  G: 0.227  T: 0.277
Parameters optimization took 3 rounds (0.110 sec)
Wrote distance file to... 
BEST SCORE FOUND : -40893.150
Total tree length: 0.021

Total number of iterations: 0
CPU time used for tree search: 0.000 sec (0h:0m:0s)
Wall-clock time used for tree search: 0.000 sec (0h:0m:0s)
Total CPU time used: 193.675 sec (0h:3m:13s)
Total wall-clock time used: 74.630 sec (0h:1m:14s)

===> START JACKKNIFE REPLICATE NUMBER 310

Creating jackknife alignment (seed: 786036)...
Reading input tree file gl_output_rmq.fasta.raxml.bestTree ...

NOTE: 7 MB RAM (0 GB) is required!
Estimate model parameters (epsilon = 0.010)
1. Initial log-likelihood: -40969.108
2. Current log-likelihood: -40875.258
3. Current log-likelihood: -40874.949
Optimal log-likelihood: -40874.946
Rate parameters:  A-C: 1.00000  A-G: 2.59273  A-T: 1.00000  C-G: 1.00000  C-T: 2.59273  G-T: 1.00000
Base frequencies:  A: 0.285  C: 0.210  G: 0.227  T: 0.277
Parameters optimization took 3 rounds (0.115 sec)
Wrote distance file to... 
BEST SCORE FOUND : -40874.946
Total tree length: 0.021

Total number of iterations: 0
CPU time used for tree search: 0.000 sec (0h:0m:0s)
Wall-clock time used for tree search: 0.000 sec (0h:0m:0s)
Total CPU time used: 194.153 sec (0h:3m:14s)
Total wall-clock time used: 74.803 sec (0h:1m:14s)

===> START JACKKNIFE REPLICATE NUMBER 311

Creating jackknife alignment (seed: 786037)...
Reading input tree file gl_output_rmq.fasta.raxml.bestTree ...

NOTE: 7 MB RAM (0 GB) is required!
Estimate model parameters (epsilon = 0.010)
1. Initial log-likelihood: -41105.333
2. Current log-likelihood: -41006.069
Optimal log-likelihood: -41006.062
Rate parameters:  A-C: 1.00000  A-G: 2.59943  A-T: 1.00000  C-G: 1.00000  C-T: 2.59943  G-T: 1.00000
Base frequencies:  A: 0.286  C: 0.211  G: 0.226  T: 0.277
Parameters optimization took 2 rounds (0.063 sec)
Wrote distance file to... 
BEST SCORE FOUND : -41006.062
Total tree length: 0.022

Total number of iterations: 0
CPU time used for tree search: 0.000 sec (0h:0m:0s)
Wall-clock time used for tree search: 0.000 sec (0h:0m:0s)
Total CPU time used: 194.478 sec (0h:3m:14s)
Total wall-clock time used: 74.930 sec (0h:1m:14s)

===> START JACKKNIFE REPLICATE NUMBER 312

Creating jackknife alignment (seed: 786038)...
Reading input tree file gl_output_rmq.fasta.raxml.bestTree ...

NOTE: 8 MB RAM (0 GB) is required!
Estimate model parameters (epsilon = 0.010)
1. Initial log-likelihood: -41193.115
2. Current log-likelihood: -41109.099
3. Current log-likelihood: -41108.871
Optimal log-likelihood: -41108.871
Rate parameters:  A-C: 1.00000  A-G: 2.42807  A-T: 1.00000  C-G: 1.00000  C-T: 2.42807  G-T: 1.00000
Base frequencies:  A: 0.282  C: 0.209  G: 0.228  T: 0.281
Parameters optimization took 3 rounds (0.110 sec)
Wrote distance file to... 
BEST SCORE FOUND : -41108.871
Total tree length: 0.022

Total number of iterations: 0
CPU time used for tree search: 0.000 sec (0h:0m:0s)
Wall-clock time used for tree search: 0.000 sec (0h:0m:0s)
Total CPU time used: 194.945 sec (0h:3m:14s)
Total wall-clock time used: 75.096 sec (0h:1m:15s)

===> START JACKKNIFE REPLICATE NUMBER 313

Creating jackknife alignment (seed: 786039)...
Reading input tree file gl_output_rmq.fasta.raxml.bestTree ...

NOTE: 7 MB RAM (0 GB) is required!
Estimate model parameters (epsilon = 0.010)
1. Initial log-likelihood: -40891.624
2. Current log-likelihood: -40811.451
3. Current log-likelihood: -40811.191
4. Current log-likelihood: -40811.157
5. Current log-likelihood: -40811.139
Optimal log-likelihood: -40811.139
Rate parameters:  A-C: 1.00000  A-G: 2.26734  A-T: 1.00000  C-G: 1.00000  C-T: 2.26734  G-T: 1.00000
Base frequencies:  A: 0.284  C: 0.208  G: 0.228  T: 0.280
Parameters optimization took 5 rounds (0.154 sec)
Wrote distance file to... 
BEST SCORE FOUND : -40811.139
Total tree length: 0.021

Total number of iterations: 0
CPU time used for tree search: 0.000 sec (0h:0m:0s)
Wall-clock time used for tree search: 0.000 sec (0h:0m:0s)
Total CPU time used: 195.537 sec (0h:3m:15s)
Total wall-clock time used: 75.306 sec (0h:1m:15s)

===> START JACKKNIFE REPLICATE NUMBER 314

Creating jackknife alignment (seed: 786040)...
Reading input tree file gl_output_rmq.fasta.raxml.bestTree ...

NOTE: 7 MB RAM (0 GB) is required!
Estimate model parameters (epsilon = 0.010)
1. Initial log-likelihood: -40763.715
2. Current log-likelihood: -40690.853
3. Current log-likelihood: -40690.167
4. Current log-likelihood: -40690.097
Optimal log-likelihood: -40690.084
Rate parameters:  A-C: 1.00000  A-G: 2.19107  A-T: 1.00000  C-G: 1.00000  C-T: 2.19107  G-T: 1.00000
Base frequencies:  A: 0.282  C: 0.211  G: 0.226  T: 0.281
Parameters optimization took 4 rounds (0.121 sec)
Wrote distance file to... 
BEST SCORE FOUND : -40690.084
Total tree length: 0.020

Total number of iterations: 0
CPU time used for tree search: 0.000 sec (0h:0m:0s)
Wall-clock time used for tree search: 0.000 sec (0h:0m:0s)
Total CPU time used: 196.052 sec (0h:3m:16s)
Total wall-clock time used: 75.490 sec (0h:1m:15s)

===> START JACKKNIFE REPLICATE NUMBER 315

Creating jackknife alignment (seed: 786041)...
Reading input tree file gl_output_rmq.fasta.raxml.bestTree ...

NOTE: 7 MB RAM (0 GB) is required!
Estimate model parameters (epsilon = 0.010)
1. Initial log-likelihood: -41088.858
2. Current log-likelihood: -40995.620
3. Current log-likelihood: -40995.231
4. Current log-likelihood: -40995.210
Optimal log-likelihood: -40995.207
Rate parameters:  A-C: 1.00000  A-G: 2.50310  A-T: 1.00000  C-G: 1.00000  C-T: 2.50310  G-T: 1.00000
Base frequencies:  A: 0.283  C: 0.212  G: 0.228  T: 0.278
Parameters optimization took 4 rounds (0.112 sec)
Wrote distance file to... 
BEST SCORE FOUND : -40995.207
Total tree length: 0.021

Total number of iterations: 0
CPU time used for tree search: 0.000 sec (0h:0m:0s)
Wall-clock time used for tree search: 0.000 sec (0h:0m:0s)
Total CPU time used: 196.528 sec (0h:3m:16s)
Total wall-clock time used: 75.663 sec (0h:1m:15s)

===> START JACKKNIFE REPLICATE NUMBER 316

Creating jackknife alignment (seed: 786042)...
Reading input tree file gl_output_rmq.fasta.raxml.bestTree ...

NOTE: 8 MB RAM (0 GB) is required!
Estimate model parameters (epsilon = 0.010)
1. Initial log-likelihood: -41176.652
2. Current log-likelihood: -41104.187
3. Current log-likelihood: -41104.067
Optimal log-likelihood: -41104.067
Rate parameters:  A-C: 1.00000  A-G: 2.11979  A-T: 1.00000  C-G: 1.00000  C-T: 2.11979  G-T: 1.00000
Base frequencies:  A: 0.284  C: 0.209  G: 0.227  T: 0.281
Parameters optimization took 3 rounds (0.085 sec)
Wrote distance file to... 
BEST SCORE FOUND : -41104.067
Total tree length: 0.022

Total number of iterations: 0
CPU time used for tree search: 0.000 sec (0h:0m:0s)
Wall-clock time used for tree search: 0.000 sec (0h:0m:0s)
Total CPU time used: 196.928 sec (0h:3m:16s)
Total wall-clock time used: 75.809 sec (0h:1m:15s)

===> START JACKKNIFE REPLICATE NUMBER 317

Creating jackknife alignment (seed: 786043)...
Reading input tree file gl_output_rmq.fasta.raxml.bestTree ...

NOTE: 7 MB RAM (0 GB) is required!
Estimate model parameters (epsilon = 0.010)
1. Initial log-likelihood: -41057.055
2. Current log-likelihood: -40969.335
3. Current log-likelihood: -40969.317
Optimal log-likelihood: -40969.317
Rate parameters:  A-C: 1.00000  A-G: 2.33410  A-T: 1.00000  C-G: 1.00000  C-T: 2.33410  G-T: 1.00000
Base frequencies:  A: 0.283  C: 0.211  G: 0.226  T: 0.280
Parameters optimization took 3 rounds (0.110 sec)
Wrote distance file to... 
BEST SCORE FOUND : -40969.317
Total tree length: 0.021

Total number of iterations: 0
CPU time used for tree search: 0.000 sec (0h:0m:0s)
Wall-clock time used for tree search: 0.000 sec (0h:0m:0s)
Total CPU time used: 197.386 sec (0h:3m:17s)
Total wall-clock time used: 75.977 sec (0h:1m:15s)

===> START JACKKNIFE REPLICATE NUMBER 318

Creating jackknife alignment (seed: 786044)...
Reading input tree file gl_output_rmq.fasta.raxml.bestTree ...

NOTE: 8 MB RAM (0 GB) is required!
Estimate model parameters (epsilon = 0.010)
1. Initial log-likelihood: -41161.709
2. Current log-likelihood: -41086.320
3. Current log-likelihood: -41073.206
4. Current log-likelihood: -41032.657
5. Current log-likelihood: -41032.643
Optimal log-likelihood: -41032.643
Rate parameters:  A-C: 1.00000  A-G: 3.30979  A-T: 1.00000  C-G: 1.00000  C-T: 3.30979  G-T: 1.00000
Base frequencies:  A: 0.283  C: 0.212  G: 0.224  T: 0.281
Parameters optimization took 5 rounds (0.139 sec)
Wrote distance file to... 
BEST SCORE FOUND : -41032.643
Total tree length: 0.022

Total number of iterations: 0
CPU time used for tree search: 0.000 sec (0h:0m:0s)
Wall-clock time used for tree search: 0.000 sec (0h:0m:0s)
Total CPU time used: 197.942 sec (0h:3m:17s)
Total wall-clock time used: 76.175 sec (0h:1m:16s)

===> START JACKKNIFE REPLICATE NUMBER 319

Creating jackknife alignment (seed: 786045)...
Reading input tree file gl_output_rmq.fasta.raxml.bestTree ...

NOTE: 7 MB RAM (0 GB) is required!
Estimate model parameters (epsilon = 0.010)
1. Initial log-likelihood: -41055.275
2. Current log-likelihood: -40966.560
Optimal log-likelihood: -40966.548
Rate parameters:  A-C: 1.00000  A-G: 2.56158  A-T: 1.00000  C-G: 1.00000  C-T: 2.56158  G-T: 1.00000
Base frequencies:  A: 0.285  C: 0.211  G: 0.226  T: 0.279
Parameters optimization took 2 rounds (0.078 sec)
Wrote distance file to... 
BEST SCORE FOUND : -40966.548
Total tree length: 0.021

Total number of iterations: 0
CPU time used for tree search: 0.000 sec (0h:0m:0s)
Wall-clock time used for tree search: 0.000 sec (0h:0m:0s)
Total CPU time used: 198.311 sec (0h:3m:18s)
Total wall-clock time used: 76.311 sec (0h:1m:16s)

===> START JACKKNIFE REPLICATE NUMBER 320

Creating jackknife alignment (seed: 786046)...
Reading input tree file gl_output_rmq.fasta.raxml.bestTree ...

NOTE: 8 MB RAM (0 GB) is required!
Estimate model parameters (epsilon = 0.010)
1. Initial log-likelihood: -41466.364
2. Current log-likelihood: -41364.094
3. Current log-likelihood: -41364.071
4. Current log-likelihood: -41364.054
Optimal log-likelihood: -41364.054
Rate parameters:  A-C: 1.00000  A-G: 2.61896  A-T: 1.00000  C-G: 1.00000  C-T: 2.61896  G-T: 1.00000
Base frequencies:  A: 0.284  C: 0.211  G: 0.227  T: 0.279
Parameters optimization took 4 rounds (0.128 sec)
Wrote distance file to... 
BEST SCORE FOUND : -41364.054
Total tree length: 0.023

Total number of iterations: 0
CPU time used for tree search: 0.000 sec (0h:0m:0s)
Wall-clock time used for tree search: 0.000 sec (0h:0m:0s)
Total CPU time used: 198.824 sec (0h:3m:18s)
Total wall-clock time used: 76.495 sec (0h:1m:16s)

===> START JACKKNIFE REPLICATE NUMBER 321

Creating jackknife alignment (seed: 786047)...
Reading input tree file gl_output_rmq.fasta.raxml.bestTree ...

NOTE: 7 MB RAM (0 GB) is required!
Estimate model parameters (epsilon = 0.010)
1. Initial log-likelihood: -41037.931
2. Current log-likelihood: -40937.445
3. Current log-likelihood: -40937.374
4. Current log-likelihood: -40937.316
Optimal log-likelihood: -40937.311
Rate parameters:  A-C: 1.00000  A-G: 2.54225  A-T: 1.00000  C-G: 1.00000  C-T: 2.54225  G-T: 1.00000
Base frequencies:  A: 0.284  C: 0.210  G: 0.228  T: 0.279
Parameters optimization took 4 rounds (0.137 sec)
Wrote distance file to... 
BEST SCORE FOUND : -40937.311
Total tree length: 0.021

Total number of iterations: 0
CPU time used for tree search: 0.000 sec (0h:0m:0s)
Wall-clock time used for tree search: 0.000 sec (0h:0m:0s)
Total CPU time used: 199.366 sec (0h:3m:19s)
Total wall-clock time used: 76.688 sec (0h:1m:16s)

===> START JACKKNIFE REPLICATE NUMBER 322

Creating jackknife alignment (seed: 786048)...
Reading input tree file gl_output_rmq.fasta.raxml.bestTree ...

NOTE: 7 MB RAM (0 GB) is required!
Estimate model parameters (epsilon = 0.010)
1. Initial log-likelihood: -41080.068
2. Current log-likelihood: -40990.150
3. Current log-likelihood: -40990.027
Optimal log-likelihood: -40990.026
Rate parameters:  A-C: 1.00000  A-G: 2.58414  A-T: 1.00000  C-G: 1.00000  C-T: 2.58414  G-T: 1.00000
Base frequencies:  A: 0.284  C: 0.208  G: 0.225  T: 0.283
Parameters optimization took 3 rounds (0.118 sec)
Wrote distance file to... 
BEST SCORE FOUND : -40990.026
Total tree length: 0.022

Total number of iterations: 0
CPU time used for tree search: 0.000 sec (0h:0m:0s)
Wall-clock time used for tree search: 0.000 sec (0h:0m:0s)
Total CPU time used: 199.852 sec (0h:3m:19s)
Total wall-clock time used: 76.861 sec (0h:1m:16s)

===> START JACKKNIFE REPLICATE NUMBER 323

Creating jackknife alignment (seed: 786049)...
Reading input tree file gl_output_rmq.fasta.raxml.bestTree ...

NOTE: 7 MB RAM (0 GB) is required!
Estimate model parameters (epsilon = 0.010)
1. Initial log-likelihood: -40721.868
2. Current log-likelihood: -40622.264
3. Current log-likelihood: -40622.237
Optimal log-likelihood: -40622.234
Rate parameters:  A-C: 1.00000  A-G: 2.59292  A-T: 1.00000  C-G: 1.00000  C-T: 2.59292  G-T: 1.00000
Base frequencies:  A: 0.287  C: 0.212  G: 0.224  T: 0.277
Parameters optimization took 3 rounds (0.094 sec)
Wrote distance file to... 
BEST SCORE FOUND : -40622.234
Total tree length: 0.020

Total number of iterations: 0
CPU time used for tree search: 0.000 sec (0h:0m:0s)
Wall-clock time used for tree search: 0.000 sec (0h:0m:0s)
Total CPU time used: 200.271 sec (0h:3m:20s)
Total wall-clock time used: 77.012 sec (0h:1m:17s)

===> START JACKKNIFE REPLICATE NUMBER 324

Creating jackknife alignment (seed: 786050)...
Reading input tree file gl_output_rmq.fasta.raxml.bestTree ...

NOTE: 7 MB RAM (0 GB) is required!
Estimate model parameters (epsilon = 0.010)
1. Initial log-likelihood: -40578.191
2. Current log-likelihood: -40496.205
3. Current log-likelihood: -40495.872
Optimal log-likelihood: -40495.871
Rate parameters:  A-C: 1.00000  A-G: 2.44655  A-T: 1.00000  C-G: 1.00000  C-T: 2.44655  G-T: 1.00000
Base frequencies:  A: 0.282  C: 0.212  G: 0.226  T: 0.279
Parameters optimization took 3 rounds (0.098 sec)
Wrote distance file to... 
BEST SCORE FOUND : -40495.871
Total tree length: 0.019

Total number of iterations: 0
CPU time used for tree search: 0.000 sec (0h:0m:0s)
Wall-clock time used for tree search: 0.000 sec (0h:0m:0s)
Total CPU time used: 200.706 sec (0h:3m:20s)
Total wall-clock time used: 77.170 sec (0h:1m:17s)

===> START JACKKNIFE REPLICATE NUMBER 325

Creating jackknife alignment (seed: 786051)...
Reading input tree file gl_output_rmq.fasta.raxml.bestTree ...

NOTE: 7 MB RAM (0 GB) is required!
Estimate model parameters (epsilon = 0.010)
1. Initial log-likelihood: -41111.361
2. Current log-likelihood: -41016.804
3. Current log-likelihood: -41016.780
4. Current log-likelihood: -41016.761
Optimal log-likelihood: -41016.761
Rate parameters:  A-C: 1.00000  A-G: 2.49198  A-T: 1.00000  C-G: 1.00000  C-T: 2.49198  G-T: 1.00000
Base frequencies:  A: 0.286  C: 0.213  G: 0.224  T: 0.277
Parameters optimization took 4 rounds (0.130 sec)
Wrote distance file to... 
BEST SCORE FOUND : -41016.761
Total tree length: 0.021

Total number of iterations: 0
CPU time used for tree search: 0.000 sec (0h:0m:0s)
Wall-clock time used for tree search: 0.000 sec (0h:0m:0s)
Total CPU time used: 201.236 sec (0h:3m:21s)
Total wall-clock time used: 77.367 sec (0h:1m:17s)

===> START JACKKNIFE REPLICATE NUMBER 326

Creating jackknife alignment (seed: 786052)...
Reading input tree file gl_output_rmq.fasta.raxml.bestTree ...

NOTE: 7 MB RAM (0 GB) is required!
Estimate model parameters (epsilon = 0.010)
1. Initial log-likelihood: -41434.212
2. Current log-likelihood: -41366.100
3. Current log-likelihood: -41366.071
Optimal log-likelihood: -41366.071
Rate parameters:  A-C: 1.00000  A-G: 2.16769  A-T: 1.00000  C-G: 1.00000  C-T: 2.16769  G-T: 1.00000
Base frequencies:  A: 0.284  C: 0.215  G: 0.224  T: 0.277
Parameters optimization took 3 rounds (0.100 sec)
Wrote distance file to... 
BEST SCORE FOUND : -41366.071
Total tree length: 0.023

Total number of iterations: 0
CPU time used for tree search: 0.000 sec (0h:0m:0s)
Wall-clock time used for tree search: 0.000 sec (0h:0m:0s)
Total CPU time used: 201.673 sec (0h:3m:21s)
Total wall-clock time used: 77.528 sec (0h:1m:17s)

===> START JACKKNIFE REPLICATE NUMBER 327

Creating jackknife alignment (seed: 786053)...
Reading input tree file gl_output_rmq.fasta.raxml.bestTree ...

NOTE: 7 MB RAM (0 GB) is required!
Estimate model parameters (epsilon = 0.010)
1. Initial log-likelihood: -41030.090
2. Current log-likelihood: -40939.355
3. Current log-likelihood: -40939.257
Optimal log-likelihood: -40939.253
Rate parameters:  A-C: 1.00000  A-G: 2.44325  A-T: 1.00000  C-G: 1.00000  C-T: 2.44325  G-T: 1.00000
Base frequencies:  A: 0.284  C: 0.207  G: 0.225  T: 0.284
Parameters optimization took 3 rounds (0.100 sec)
Wrote distance file to... 
BEST SCORE FOUND : -40939.253
Total tree length: 0.022

Total number of iterations: 0
CPU time used for tree search: 0.000 sec (0h:0m:0s)
Wall-clock time used for tree search: 0.000 sec (0h:0m:0s)
Total CPU time used: 202.127 sec (0h:3m:22s)
Total wall-clock time used: 77.692 sec (0h:1m:17s)

===> START JACKKNIFE REPLICATE NUMBER 328

Creating jackknife alignment (seed: 786054)...
Reading input tree file gl_output_rmq.fasta.raxml.bestTree ...

NOTE: 7 MB RAM (0 GB) is required!
Estimate model parameters (epsilon = 0.010)
1. Initial log-likelihood: -40632.656
2. Current log-likelihood: -40549.401
3. Current log-likelihood: -40549.385
Optimal log-likelihood: -40549.382
Rate parameters:  A-C: 1.00000  A-G: 2.20891  A-T: 1.00000  C-G: 1.00000  C-T: 2.20891  G-T: 1.00000
Base frequencies:  A: 0.281  C: 0.211  G: 0.225  T: 0.283
Parameters optimization took 3 rounds (0.095 sec)
Wrote distance file to... 
BEST SCORE FOUND : -40549.382
Total tree length: 0.019

Total number of iterations: 0
CPU time used for tree search: 0.000 sec (0h:0m:0s)
Wall-clock time used for tree search: 0.000 sec (0h:0m:0s)
Total CPU time used: 202.553 sec (0h:3m:22s)
Total wall-clock time used: 77.846 sec (0h:1m:17s)

===> START JACKKNIFE REPLICATE NUMBER 329

Creating jackknife alignment (seed: 786055)...
Reading input tree file gl_output_rmq.fasta.raxml.bestTree ...

NOTE: 7 MB RAM (0 GB) is required!
Estimate model parameters (epsilon = 0.010)
1. Initial log-likelihood: -40804.637
2. Current log-likelihood: -40728.343
3. Current log-likelihood: -40728.105
Optimal log-likelihood: -40728.105
Rate parameters:  A-C: 1.00000  A-G: 2.05854  A-T: 1.00000  C-G: 1.00000  C-T: 2.05854  G-T: 1.00000
Base frequencies:  A: 0.285  C: 0.208  G: 0.227  T: 0.280
Parameters optimization took 3 rounds (0.104 sec)
Wrote distance file to... 
BEST SCORE FOUND : -40728.105
Total tree length: 0.021

Total number of iterations: 0
CPU time used for tree search: 0.000 sec (0h:0m:0s)
Wall-clock time used for tree search: 0.000 sec (0h:0m:0s)
Total CPU time used: 203.008 sec (0h:3m:23s)
Total wall-clock time used: 78.010 sec (0h:1m:18s)

===> START JACKKNIFE REPLICATE NUMBER 330

Creating jackknife alignment (seed: 786056)...
Reading input tree file gl_output_rmq.fasta.raxml.bestTree ...

NOTE: 7 MB RAM (0 GB) is required!
Estimate model parameters (epsilon = 0.010)
1. Initial log-likelihood: -41204.790
2. Current log-likelihood: -41114.299
3. Current log-likelihood: -41114.092
Optimal log-likelihood: -41114.088
Rate parameters:  A-C: 1.00000  A-G: 2.43830  A-T: 1.00000  C-G: 1.00000  C-T: 2.43830  G-T: 1.00000
Base frequencies:  A: 0.284  C: 0.210  G: 0.226  T: 0.280
Parameters optimization took 3 rounds (0.118 sec)
Wrote distance file to... 
BEST SCORE FOUND : -41114.088
Total tree length: 0.022

Total number of iterations: 0
CPU time used for tree search: 0.000 sec (0h:0m:0s)
Wall-clock time used for tree search: 0.000 sec (0h:0m:0s)
Total CPU time used: 203.505 sec (0h:3m:23s)
Total wall-clock time used: 78.187 sec (0h:1m:18s)

===> START JACKKNIFE REPLICATE NUMBER 331

Creating jackknife alignment (seed: 786057)...
Reading input tree file gl_output_rmq.fasta.raxml.bestTree ...

NOTE: 7 MB RAM (0 GB) is required!
Estimate model parameters (epsilon = 0.010)
1. Initial log-likelihood: -40913.674
2. Current log-likelihood: -40842.691
3. Current log-likelihood: -40841.755
Optimal log-likelihood: -40841.755
Rate parameters:  A-C: 1.00000  A-G: 1.97386  A-T: 1.00000  C-G: 1.00000  C-T: 1.97386  G-T: 1.00000
Base frequencies:  A: 0.282  C: 0.209  G: 0.228  T: 0.280
Parameters optimization took 3 rounds (0.101 sec)
Wrote distance file to... 
BEST SCORE FOUND : -40841.755
Total tree length: 0.021

Total number of iterations: 0
CPU time used for tree search: 0.000 sec (0h:0m:0s)
Wall-clock time used for tree search: 0.000 sec (0h:0m:0s)
Total CPU time used: 203.942 sec (0h:3m:23s)
Total wall-clock time used: 78.344 sec (0h:1m:18s)

===> START JACKKNIFE REPLICATE NUMBER 332

Creating jackknife alignment (seed: 786058)...
Reading input tree file gl_output_rmq.fasta.raxml.bestTree ...

NOTE: 7 MB RAM (0 GB) is required!
Estimate model parameters (epsilon = 0.010)
1. Initial log-likelihood: -40904.764
2. Current log-likelihood: -40802.608
3. Current log-likelihood: -40802.538
Optimal log-likelihood: -40802.538
Rate parameters:  A-C: 1.00000  A-G: 2.81635  A-T: 1.00000  C-G: 1.00000  C-T: 2.81635  G-T: 1.00000
Base frequencies:  A: 0.283  C: 0.209  G: 0.224  T: 0.284
Parameters optimization took 3 rounds (0.085 sec)
Wrote distance file to... 
BEST SCORE FOUND : -40802.538
Total tree length: 0.021

Total number of iterations: 0
CPU time used for tree search: 0.000 sec (0h:0m:0s)
Wall-clock time used for tree search: 0.000 sec (0h:0m:0s)
Total CPU time used: 204.338 sec (0h:3m:24s)
Total wall-clock time used: 78.487 sec (0h:1m:18s)

===> START JACKKNIFE REPLICATE NUMBER 333

Creating jackknife alignment (seed: 786059)...
Reading input tree file gl_output_rmq.fasta.raxml.bestTree ...

NOTE: 7 MB RAM (0 GB) is required!
Estimate model parameters (epsilon = 0.010)
1. Initial log-likelihood: -40706.027
2. Current log-likelihood: -40610.711
3. Current log-likelihood: -40610.579
Optimal log-likelihood: -40610.570
Rate parameters:  A-C: 1.00000  A-G: 2.54640  A-T: 1.00000  C-G: 1.00000  C-T: 2.54640  G-T: 1.00000
Base frequencies:  A: 0.285  C: 0.210  G: 0.226  T: 0.279
Parameters optimization took 3 rounds (0.099 sec)
Wrote distance file to... 
BEST SCORE FOUND : -40610.570
Total tree length: 0.020

Total number of iterations: 0
CPU time used for tree search: 0.000 sec (0h:0m:0s)
Wall-clock time used for tree search: 0.000 sec (0h:0m:0s)
Total CPU time used: 204.768 sec (0h:3m:24s)
Total wall-clock time used: 78.642 sec (0h:1m:18s)

===> START JACKKNIFE REPLICATE NUMBER 334

Creating jackknife alignment (seed: 786060)...
Reading input tree file gl_output_rmq.fasta.raxml.bestTree ...

NOTE: 7 MB RAM (0 GB) is required!
Estimate model parameters (epsilon = 0.010)
1. Initial log-likelihood: -40869.259
2. Current log-likelihood: -40775.238
3. Current log-likelihood: -40775.200
Optimal log-likelihood: -40775.194
Rate parameters:  A-C: 1.00000  A-G: 2.64493  A-T: 1.00000  C-G: 1.00000  C-T: 2.64493  G-T: 1.00000
Base frequencies:  A: 0.284  C: 0.209  G: 0.227  T: 0.279
Parameters optimization took 3 rounds (0.097 sec)
Wrote distance file to... 
BEST SCORE FOUND : -40775.194
Total tree length: 0.021

Total number of iterations: 0
CPU time used for tree search: 0.000 sec (0h:0m:0s)
Wall-clock time used for tree search: 0.000 sec (0h:0m:0s)
Total CPU time used: 205.194 sec (0h:3m:25s)
Total wall-clock time used: 78.795 sec (0h:1m:18s)

===> START JACKKNIFE REPLICATE NUMBER 335

Creating jackknife alignment (seed: 786061)...
Reading input tree file gl_output_rmq.fasta.raxml.bestTree ...

NOTE: 7 MB RAM (0 GB) is required!
Estimate model parameters (epsilon = 0.010)
1. Initial log-likelihood: -41104.278
2. Current log-likelihood: -41003.586
3. Current log-likelihood: -41003.424
Optimal log-likelihood: -41003.421
Rate parameters:  A-C: 1.00000  A-G: 2.64868  A-T: 1.00000  C-G: 1.00000  C-T: 2.64868  G-T: 1.00000
Base frequencies:  A: 0.281  C: 0.209  G: 0.228  T: 0.282
Parameters optimization took 3 rounds (0.096 sec)
Wrote distance file to... 
BEST SCORE FOUND : -41003.421
Total tree length: 0.022

Total number of iterations: 0
CPU time used for tree search: 0.000 sec (0h:0m:0s)
Wall-clock time used for tree search: 0.000 sec (0h:0m:0s)
Total CPU time used: 205.612 sec (0h:3m:25s)
Total wall-clock time used: 78.948 sec (0h:1m:18s)

===> START JACKKNIFE REPLICATE NUMBER 336

Creating jackknife alignment (seed: 786062)...
Reading input tree file gl_output_rmq.fasta.raxml.bestTree ...

NOTE: 7 MB RAM (0 GB) is required!
Estimate model parameters (epsilon = 0.010)
1. Initial log-likelihood: -40808.185
2. Current log-likelihood: -40725.934
3. Current log-likelihood: -40725.840
Optimal log-likelihood: -40725.836
Rate parameters:  A-C: 1.00000  A-G: 2.10036  A-T: 1.00000  C-G: 1.00000  C-T: 2.10036  G-T: 1.00000
Base frequencies:  A: 0.284  C: 0.209  G: 0.228  T: 0.280
Parameters optimization took 3 rounds (0.106 sec)
Wrote distance file to... 
BEST SCORE FOUND : -40725.836
Total tree length: 0.020

Total number of iterations: 0
CPU time used for tree search: 0.000 sec (0h:0m:0s)
Wall-clock time used for tree search: 0.000 sec (0h:0m:0s)
Total CPU time used: 206.071 sec (0h:3m:26s)
Total wall-clock time used: 79.113 sec (0h:1m:19s)

===> START JACKKNIFE REPLICATE NUMBER 337

Creating jackknife alignment (seed: 786063)...
Reading input tree file gl_output_rmq.fasta.raxml.bestTree ...

NOTE: 7 MB RAM (0 GB) is required!
Estimate model parameters (epsilon = 0.010)
1. Initial log-likelihood: -40757.505
2. Current log-likelihood: -40654.590
3. Current log-likelihood: -40654.397
Optimal log-likelihood: -40654.396
Rate parameters:  A-C: 1.00000  A-G: 2.74382  A-T: 1.00000  C-G: 1.00000  C-T: 2.74382  G-T: 1.00000
Base frequencies:  A: 0.284  C: 0.209  G: 0.223  T: 0.284
Parameters optimization took 3 rounds (0.106 sec)
Wrote distance file to... 
BEST SCORE FOUND : -40654.396
Total tree length: 0.020

Total number of iterations: 0
CPU time used for tree search: 0.000 sec (0h:0m:0s)
Wall-clock time used for tree search: 0.000 sec (0h:0m:0s)
Total CPU time used: 206.528 sec (0h:3m:26s)
Total wall-clock time used: 79.277 sec (0h:1m:19s)

===> START JACKKNIFE REPLICATE NUMBER 338

Creating jackknife alignment (seed: 786064)...
Reading input tree file gl_output_rmq.fasta.raxml.bestTree ...

NOTE: 7 MB RAM (0 GB) is required!
Estimate model parameters (epsilon = 0.010)
1. Initial log-likelihood: -41102.159
2. Current log-likelihood: -41036.062
3. Current log-likelihood: -41035.896
Optimal log-likelihood: -41035.881
Rate parameters:  A-C: 1.00000  A-G: 2.09731  A-T: 1.00000  C-G: 1.00000  C-T: 2.09731  G-T: 1.00000
Base frequencies:  A: 0.284  C: 0.208  G: 0.228  T: 0.280
Parameters optimization took 3 rounds (0.095 sec)
Wrote distance file to... 
BEST SCORE FOUND : -41035.881
Total tree length: 0.021

Total number of iterations: 0
CPU time used for tree search: 0.000 sec (0h:0m:0s)
Wall-clock time used for tree search: 0.000 sec (0h:0m:0s)
Total CPU time used: 206.962 sec (0h:3m:26s)
Total wall-clock time used: 79.434 sec (0h:1m:19s)

===> START JACKKNIFE REPLICATE NUMBER 339

Creating jackknife alignment (seed: 786065)...
Reading input tree file gl_output_rmq.fasta.raxml.bestTree ...

NOTE: 7 MB RAM (0 GB) is required!
Estimate model parameters (epsilon = 0.010)
1. Initial log-likelihood: -41114.504
2. Current log-likelihood: -41042.064
3. Current log-likelihood: -41041.992
Optimal log-likelihood: -41041.990
Rate parameters:  A-C: 1.00000  A-G: 2.03019  A-T: 1.00000  C-G: 1.00000  C-T: 2.03019  G-T: 1.00000
Base frequencies:  A: 0.283  C: 0.210  G: 0.228  T: 0.279
Parameters optimization took 3 rounds (0.092 sec)
Wrote distance file to... 
BEST SCORE FOUND : -41041.990
Total tree length: 0.022

Total number of iterations: 0
CPU time used for tree search: 0.000 sec (0h:0m:0s)
Wall-clock time used for tree search: 0.000 sec (0h:0m:0s)
Total CPU time used: 207.376 sec (0h:3m:27s)
Total wall-clock time used: 79.585 sec (0h:1m:19s)

===> START JACKKNIFE REPLICATE NUMBER 340

Creating jackknife alignment (seed: 786066)...
Reading input tree file gl_output_rmq.fasta.raxml.bestTree ...

NOTE: 7 MB RAM (0 GB) is required!
Estimate model parameters (epsilon = 0.010)
1. Initial log-likelihood: -40880.925
2. Current log-likelihood: -40777.086
3. Current log-likelihood: -40777.050
Optimal log-likelihood: -40777.035
Rate parameters:  A-C: 1.00000  A-G: 2.86902  A-T: 1.00000  C-G: 1.00000  C-T: 2.86902  G-T: 1.00000
Base frequencies:  A: 0.280  C: 0.212  G: 0.224  T: 0.284
Parameters optimization took 3 rounds (0.102 sec)
Wrote distance file to... 
BEST SCORE FOUND : -40777.035
Total tree length: 0.021

Total number of iterations: 0
CPU time used for tree search: 0.000 sec (0h:0m:0s)
Wall-clock time used for tree search: 0.000 sec (0h:0m:0s)
Total CPU time used: 207.824 sec (0h:3m:27s)
Total wall-clock time used: 79.749 sec (0h:1m:19s)

===> START JACKKNIFE REPLICATE NUMBER 341

Creating jackknife alignment (seed: 786067)...
Reading input tree file gl_output_rmq.fasta.raxml.bestTree ...

NOTE: 7 MB RAM (0 GB) is required!
Estimate model parameters (epsilon = 0.010)
1. Initial log-likelihood: -40461.221
2. Current log-likelihood: -40367.522
3. Current log-likelihood: -40367.060
Optimal log-likelihood: -40367.052
Rate parameters:  A-C: 1.00000  A-G: 2.60162  A-T: 1.00000  C-G: 1.00000  C-T: 2.60162  G-T: 1.00000
Base frequencies:  A: 0.285  C: 0.211  G: 0.225  T: 0.279
Parameters optimization took 3 rounds (0.092 sec)
Wrote distance file to... 
BEST SCORE FOUND : -40367.052
Total tree length: 0.019

Total number of iterations: 0
CPU time used for tree search: 0.000 sec (0h:0m:0s)
Wall-clock time used for tree search: 0.000 sec (0h:0m:0s)
Total CPU time used: 208.239 sec (0h:3m:28s)
Total wall-clock time used: 79.900 sec (0h:1m:19s)

===> START JACKKNIFE REPLICATE NUMBER 342

Creating jackknife alignment (seed: 786068)...
Reading input tree file gl_output_rmq.fasta.raxml.bestTree ...

NOTE: 7 MB RAM (0 GB) is required!
Estimate model parameters (epsilon = 0.010)
1. Initial log-likelihood: -40883.418
2. Current log-likelihood: -40778.490
3. Current log-likelihood: -40778.268
Optimal log-likelihood: -40778.266
Rate parameters:  A-C: 1.00000  A-G: 2.74572  A-T: 1.00000  C-G: 1.00000  C-T: 2.74572  G-T: 1.00000
Base frequencies:  A: 0.286  C: 0.207  G: 0.226  T: 0.281
Parameters optimization took 3 rounds (0.104 sec)
Wrote distance file to... 
BEST SCORE FOUND : -40778.266
Total tree length: 0.021

Total number of iterations: 0
CPU time used for tree search: 0.000 sec (0h:0m:0s)
Wall-clock time used for tree search: 0.000 sec (0h:0m:0s)
Total CPU time used: 208.688 sec (0h:3m:28s)
Total wall-clock time used: 80.063 sec (0h:1m:20s)

===> START JACKKNIFE REPLICATE NUMBER 343

Creating jackknife alignment (seed: 786069)...
Reading input tree file gl_output_rmq.fasta.raxml.bestTree ...

NOTE: 7 MB RAM (0 GB) is required!
Estimate model parameters (epsilon = 0.010)
1. Initial log-likelihood: -41213.296
2. Current log-likelihood: -41141.617
3. Current log-likelihood: -41141.589
Optimal log-likelihood: -41141.578
Rate parameters:  A-C: 1.00000  A-G: 1.99878  A-T: 1.00000  C-G: 1.00000  C-T: 1.99878  G-T: 1.00000
Base frequencies:  A: 0.285  C: 0.209  G: 0.223  T: 0.283
Parameters optimization took 3 rounds (0.098 sec)
Wrote distance file to... 
BEST SCORE FOUND : -41141.578
Total tree length: 0.022

Total number of iterations: 0
CPU time used for tree search: 0.000 sec (0h:0m:0s)
Wall-clock time used for tree search: 0.000 sec (0h:0m:0s)
Total CPU time used: 209.110 sec (0h:3m:29s)
Total wall-clock time used: 80.215 sec (0h:1m:20s)

===> START JACKKNIFE REPLICATE NUMBER 344

Creating jackknife alignment (seed: 786070)...
Reading input tree file gl_output_rmq.fasta.raxml.bestTree ...

NOTE: 7 MB RAM (0 GB) is required!
Estimate model parameters (epsilon = 0.010)
1. Initial log-likelihood: -41031.142
2. Current log-likelihood: -40922.377
3. Current log-likelihood: -40922.334
Optimal log-likelihood: -40922.331
Rate parameters:  A-C: 1.00000  A-G: 2.68996  A-T: 1.00000  C-G: 1.00000  C-T: 2.68996  G-T: 1.00000
Base frequencies:  A: 0.281  C: 0.209  G: 0.228  T: 0.282
Parameters optimization took 3 rounds (0.097 sec)
Wrote distance file to... 
BEST SCORE FOUND : -40922.331
Total tree length: 0.021

Total number of iterations: 0
CPU time used for tree search: 0.000 sec (0h:0m:0s)
Wall-clock time used for tree search: 0.000 sec (0h:0m:0s)
Total CPU time used: 209.532 sec (0h:3m:29s)
Total wall-clock time used: 80.369 sec (0h:1m:20s)

===> START JACKKNIFE REPLICATE NUMBER 345

Creating jackknife alignment (seed: 786071)...
Reading input tree file gl_output_rmq.fasta.raxml.bestTree ...

NOTE: 7 MB RAM (0 GB) is required!
Estimate model parameters (epsilon = 0.010)
1. Initial log-likelihood: -41244.618
2. Current log-likelihood: -41163.164
3. Current log-likelihood: -41163.145
Optimal log-likelihood: -41163.145
Rate parameters:  A-C: 1.00000  A-G: 2.30801  A-T: 1.00000  C-G: 1.00000  C-T: 2.30801  G-T: 1.00000
Base frequencies:  A: 0.286  C: 0.207  G: 0.230  T: 0.277
Parameters optimization took 3 rounds (0.079 sec)
Wrote distance file to... 
BEST SCORE FOUND : -41163.145
Total tree length: 0.022

Total number of iterations: 0
CPU time used for tree search: 0.000 sec (0h:0m:0s)
Wall-clock time used for tree search: 0.000 sec (0h:0m:0s)
Total CPU time used: 209.920 sec (0h:3m:29s)
Total wall-clock time used: 80.510 sec (0h:1m:20s)

===> START JACKKNIFE REPLICATE NUMBER 346

Creating jackknife alignment (seed: 786072)...
Reading input tree file gl_output_rmq.fasta.raxml.bestTree ...

NOTE: 7 MB RAM (0 GB) is required!
Estimate model parameters (epsilon = 0.010)
1. Initial log-likelihood: -40806.808
2. Current log-likelihood: -40726.061
3. Current log-likelihood: -40725.683
4. Current log-likelihood: -40725.670
Optimal log-likelihood: -40725.670
Rate parameters:  A-C: 1.00000  A-G: 2.23188  A-T: 1.00000  C-G: 1.00000  C-T: 2.23188  G-T: 1.00000
Base frequencies:  A: 0.280  C: 0.212  G: 0.229  T: 0.279
Parameters optimization took 4 rounds (0.148 sec)
Wrote distance file to... 
BEST SCORE FOUND : -40725.670
Total tree length: 0.020

Total number of iterations: 0
CPU time used for tree search: 0.000 sec (0h:0m:0s)
Wall-clock time used for tree search: 0.000 sec (0h:0m:0s)
Total CPU time used: 210.493 sec (0h:3m:30s)
Total wall-clock time used: 80.714 sec (0h:1m:20s)

===> START JACKKNIFE REPLICATE NUMBER 347

Creating jackknife alignment (seed: 786073)...
Reading input tree file gl_output_rmq.fasta.raxml.bestTree ...

NOTE: 8 MB RAM (0 GB) is required!
Estimate model parameters (epsilon = 0.010)
1. Initial log-likelihood: -41399.203
2. Current log-likelihood: -41308.147
3. Current log-likelihood: -41308.092
Optimal log-likelihood: -41308.090
Rate parameters:  A-C: 1.00000  A-G: 2.42046  A-T: 1.00000  C-G: 1.00000  C-T: 2.42046  G-T: 1.00000
Base frequencies:  A: 0.282  C: 0.210  G: 0.229  T: 0.278
Parameters optimization took 3 rounds (0.087 sec)
Wrote distance file to... 
BEST SCORE FOUND : -41308.090
Total tree length: 0.023

Total number of iterations: 0
CPU time used for tree search: 0.000 sec (0h:0m:0s)
Wall-clock time used for tree search: 0.000 sec (0h:0m:0s)
Total CPU time used: 210.884 sec (0h:3m:30s)
Total wall-clock time used: 80.857 sec (0h:1m:20s)

===> START JACKKNIFE REPLICATE NUMBER 348

Creating jackknife alignment (seed: 786074)...
Reading input tree file gl_output_rmq.fasta.raxml.bestTree ...

NOTE: 7 MB RAM (0 GB) is required!
Estimate model parameters (epsilon = 0.010)
1. Initial log-likelihood: -40920.166
2. Current log-likelihood: -40810.361
3. Current log-likelihood: -40810.170
4. Current log-likelihood: -40810.131
Optimal log-likelihood: -40810.127
Rate parameters:  A-C: 1.00000  A-G: 2.81650  A-T: 1.00000  C-G: 1.00000  C-T: 2.81650  G-T: 1.00000
Base frequencies:  A: 0.281  C: 0.212  G: 0.228  T: 0.280
Parameters optimization took 4 rounds (0.110 sec)
Wrote distance file to... 
BEST SCORE FOUND : -40810.127
Total tree length: 0.021

Total number of iterations: 0
CPU time used for tree search: 0.000 sec (0h:0m:0s)
Wall-clock time used for tree search: 0.000 sec (0h:0m:0s)
Total CPU time used: 211.355 sec (0h:3m:31s)
Total wall-clock time used: 81.028 sec (0h:1m:21s)

===> START JACKKNIFE REPLICATE NUMBER 349

Creating jackknife alignment (seed: 786075)...
Reading input tree file gl_output_rmq.fasta.raxml.bestTree ...

NOTE: 7 MB RAM (0 GB) is required!
Estimate model parameters (epsilon = 0.010)
1. Initial log-likelihood: -40917.899
2. Current log-likelihood: -40826.404
3. Current log-likelihood: -40826.371
4. Current log-likelihood: -40826.352
Optimal log-likelihood: -40826.349
Rate parameters:  A-C: 1.00000  A-G: 2.48871  A-T: 1.00000  C-G: 1.00000  C-T: 2.48871  G-T: 1.00000
Base frequencies:  A: 0.285  C: 0.210  G: 0.225  T: 0.280
Parameters optimization took 4 rounds (0.102 sec)
Wrote distance file to... 
BEST SCORE FOUND : -40826.349
Total tree length: 0.021

Total number of iterations: 0
CPU time used for tree search: 0.000 sec (0h:0m:0s)
Wall-clock time used for tree search: 0.000 sec (0h:0m:0s)
Total CPU time used: 211.801 sec (0h:3m:31s)
Total wall-clock time used: 81.188 sec (0h:1m:21s)

===> START JACKKNIFE REPLICATE NUMBER 350

Creating jackknife alignment (seed: 786076)...
Reading input tree file gl_output_rmq.fasta.raxml.bestTree ...

NOTE: 7 MB RAM (0 GB) is required!
Estimate model parameters (epsilon = 0.010)
1. Initial log-likelihood: -41086.864
2. Current log-likelihood: -41004.412
3. Current log-likelihood: -41004.303
Optimal log-likelihood: -41004.302
Rate parameters:  A-C: 1.00000  A-G: 2.40602  A-T: 1.00000  C-G: 1.00000  C-T: 2.40602  G-T: 1.00000
Base frequencies:  A: 0.286  C: 0.209  G: 0.227  T: 0.278
Parameters optimization took 3 rounds (0.106 sec)
Wrote distance file to... 
BEST SCORE FOUND : -41004.302
Total tree length: 0.021

Total number of iterations: 0
CPU time used for tree search: 0.000 sec (0h:0m:0s)
Wall-clock time used for tree search: 0.000 sec (0h:0m:0s)
Total CPU time used: 212.260 sec (0h:3m:32s)
Total wall-clock time used: 81.353 sec (0h:1m:21s)

===> START JACKKNIFE REPLICATE NUMBER 351

Creating jackknife alignment (seed: 786077)...
Reading input tree file gl_output_rmq.fasta.raxml.bestTree ...

NOTE: 7 MB RAM (0 GB) is required!
Estimate model parameters (epsilon = 0.010)
1. Initial log-likelihood: -40965.411
2. Current log-likelihood: -40878.320
3. Current log-likelihood: -40877.920
4. Current log-likelihood: -40877.889
Optimal log-likelihood: -40877.889
Rate parameters:  A-C: 1.00000  A-G: 2.45485  A-T: 1.00000  C-G: 1.00000  C-T: 2.45485  G-T: 1.00000
Base frequencies:  A: 0.281  C: 0.211  G: 0.224  T: 0.284
Parameters optimization took 4 rounds (0.147 sec)
Wrote distance file to... 
BEST SCORE FOUND : -40877.889
Total tree length: 0.021

Total number of iterations: 0
CPU time used for tree search: 0.000 sec (0h:0m:0s)
Wall-clock time used for tree search: 0.000 sec (0h:0m:0s)
Total CPU time used: 212.837 sec (0h:3m:32s)
Total wall-clock time used: 81.560 sec (0h:1m:21s)

===> START JACKKNIFE REPLICATE NUMBER 352

Creating jackknife alignment (seed: 786078)...
Reading input tree file gl_output_rmq.fasta.raxml.bestTree ...

NOTE: 7 MB RAM (0 GB) is required!
Estimate model parameters (epsilon = 0.010)
1. Initial log-likelihood: -40693.642
2. Current log-likelihood: -40612.150
3. Current log-likelihood: -40611.964
4. Current log-likelihood: -40611.948
Optimal log-likelihood: -40611.948
Rate parameters:  A-C: 1.00000  A-G: 2.41146  A-T: 1.00000  C-G: 1.00000  C-T: 2.41146  G-T: 1.00000
Base frequencies:  A: 0.283  C: 0.208  G: 0.227  T: 0.282
Parameters optimization took 4 rounds (0.130 sec)
Wrote distance file to... 
BEST SCORE FOUND : -40611.948
Total tree length: 0.020

Total number of iterations: 0
CPU time used for tree search: 0.000 sec (0h:0m:0s)
Wall-clock time used for tree search: 0.000 sec (0h:0m:0s)
Total CPU time used: 213.366 sec (0h:3m:33s)
Total wall-clock time used: 81.750 sec (0h:1m:21s)

===> START JACKKNIFE REPLICATE NUMBER 353

Creating jackknife alignment (seed: 786079)...
Reading input tree file gl_output_rmq.fasta.raxml.bestTree ...

NOTE: 7 MB RAM (0 GB) is required!
Estimate model parameters (epsilon = 0.010)
1. Initial log-likelihood: -41182.407
2. Current log-likelihood: -41104.330
3. Current log-likelihood: -41103.048
Optimal log-likelihood: -41103.048
Rate parameters:  A-C: 1.00000  A-G: 2.32371  A-T: 1.00000  C-G: 1.00000  C-T: 2.32371  G-T: 1.00000
Base frequencies:  A: 0.282  C: 0.212  G: 0.228  T: 0.278
Parameters optimization took 3 rounds (0.113 sec)
Wrote distance file to... 
BEST SCORE FOUND : -41103.048
Total tree length: 0.022

Total number of iterations: 0
CPU time used for tree search: 0.000 sec (0h:0m:0s)
Wall-clock time used for tree search: 0.000 sec (0h:0m:0s)
Total CPU time used: 213.836 sec (0h:3m:33s)
Total wall-clock time used: 81.920 sec (0h:1m:21s)

===> START JACKKNIFE REPLICATE NUMBER 354

Creating jackknife alignment (seed: 786080)...
Reading input tree file gl_output_rmq.fasta.raxml.bestTree ...

NOTE: 8 MB RAM (0 GB) is required!
Estimate model parameters (epsilon = 0.010)
1. Initial log-likelihood: -41260.100
2. Current log-likelihood: -41167.530
3. Current log-likelihood: -41167.487
Optimal log-likelihood: -41167.485
Rate parameters:  A-C: 1.00000  A-G: 2.38269  A-T: 1.00000  C-G: 1.00000  C-T: 2.38269  G-T: 1.00000
Base frequencies:  A: 0.283  C: 0.211  G: 0.227  T: 0.279
Parameters optimization took 3 rounds (0.104 sec)
Wrote distance file to... 
BEST SCORE FOUND : -41167.485
Total tree length: 0.022

Total number of iterations: 0
CPU time used for tree search: 0.000 sec (0h:0m:0s)
Wall-clock time used for tree search: 0.000 sec (0h:0m:0s)
Total CPU time used: 214.283 sec (0h:3m:34s)
Total wall-clock time used: 82.080 sec (0h:1m:22s)

===> START JACKKNIFE REPLICATE NUMBER 355

Creating jackknife alignment (seed: 786081)...
Reading input tree file gl_output_rmq.fasta.raxml.bestTree ...

NOTE: 7 MB RAM (0 GB) is required!
Estimate model parameters (epsilon = 0.010)
1. Initial log-likelihood: -40741.607
2. Current log-likelihood: -40646.849
3. Current log-likelihood: -40646.824
Optimal log-likelihood: -40646.821
Rate parameters:  A-C: 1.00000  A-G: 2.62053  A-T: 1.00000  C-G: 1.00000  C-T: 2.62053  G-T: 1.00000
Base frequencies:  A: 0.283  C: 0.210  G: 0.225  T: 0.282
Parameters optimization took 3 rounds (0.083 sec)
Wrote distance file to... 
BEST SCORE FOUND : -40646.821
Total tree length: 0.020

Total number of iterations: 0
CPU time used for tree search: 0.000 sec (0h:0m:0s)
Wall-clock time used for tree search: 0.000 sec (0h:0m:0s)
Total CPU time used: 214.668 sec (0h:3m:34s)
Total wall-clock time used: 82.225 sec (0h:1m:22s)

===> START JACKKNIFE REPLICATE NUMBER 356

Creating jackknife alignment (seed: 786082)...
Reading input tree file gl_output_rmq.fasta.raxml.bestTree ...

NOTE: 7 MB RAM (0 GB) is required!
Estimate model parameters (epsilon = 0.010)
1. Initial log-likelihood: -41263.624
2. Current log-likelihood: -41157.062
3. Current log-likelihood: -41156.918
4. Current log-likelihood: -41156.860
Optimal log-likelihood: -41156.857
Rate parameters:  A-C: 1.00000  A-G: 2.56702  A-T: 1.00000  C-G: 1.00000  C-T: 2.56702  G-T: 1.00000
Base frequencies:  A: 0.281  C: 0.210  G: 0.229  T: 0.281
Parameters optimization took 4 rounds (0.131 sec)
Wrote distance file to... 
BEST SCORE FOUND : -41156.857
Total tree length: 0.022

Total number of iterations: 0
CPU time used for tree search: 0.000 sec (0h:0m:0s)
Wall-clock time used for tree search: 0.000 sec (0h:0m:0s)
Total CPU time used: 215.197 sec (0h:3m:35s)
Total wall-clock time used: 82.414 sec (0h:1m:22s)

===> START JACKKNIFE REPLICATE NUMBER 357

Creating jackknife alignment (seed: 786083)...
Reading input tree file gl_output_rmq.fasta.raxml.bestTree ...

NOTE: 7 MB RAM (0 GB) is required!
Estimate model parameters (epsilon = 0.010)
1. Initial log-likelihood: -40931.143
2. Current log-likelihood: -40829.786
3. Current log-likelihood: -40829.745
Optimal log-likelihood: -40829.743
Rate parameters:  A-C: 1.00000  A-G: 2.73432  A-T: 1.00000  C-G: 1.00000  C-T: 2.73432  G-T: 1.00000
Base frequencies:  A: 0.284  C: 0.212  G: 0.224  T: 0.279
Parameters optimization took 3 rounds (0.103 sec)
Wrote distance file to... 
BEST SCORE FOUND : -40829.743
Total tree length: 0.021

Total number of iterations: 0
CPU time used for tree search: 0.000 sec (0h:0m:0s)
Wall-clock time used for tree search: 0.000 sec (0h:0m:0s)
Total CPU time used: 215.639 sec (0h:3m:35s)
Total wall-clock time used: 82.573 sec (0h:1m:22s)

===> START JACKKNIFE REPLICATE NUMBER 358

Creating jackknife alignment (seed: 786084)...
Reading input tree file gl_output_rmq.fasta.raxml.bestTree ...

NOTE: 7 MB RAM (0 GB) is required!
Estimate model parameters (epsilon = 0.010)
1. Initial log-likelihood: -41093.637
2. Current log-likelihood: -41009.879
3. Current log-likelihood: -41009.555
Optimal log-likelihood: -41009.554
Rate parameters:  A-C: 1.00000  A-G: 2.27062  A-T: 1.00000  C-G: 1.00000  C-T: 2.27062  G-T: 1.00000
Base frequencies:  A: 0.283  C: 0.210  G: 0.223  T: 0.283
Parameters optimization took 3 rounds (0.104 sec)
Wrote distance file to... 
BEST SCORE FOUND : -41009.554
Total tree length: 0.022

Total number of iterations: 0
CPU time used for tree search: 0.000 sec (0h:0m:0s)
Wall-clock time used for tree search: 0.000 sec (0h:0m:0s)
Total CPU time used: 216.086 sec (0h:3m:36s)
Total wall-clock time used: 82.736 sec (0h:1m:22s)

===> START JACKKNIFE REPLICATE NUMBER 359

Creating jackknife alignment (seed: 786085)...
Reading input tree file gl_output_rmq.fasta.raxml.bestTree ...

NOTE: 7 MB RAM (0 GB) is required!
Estimate model parameters (epsilon = 0.010)
1. Initial log-likelihood: -41174.425
2. Current log-likelihood: -41095.575
3. Current log-likelihood: -41095.495
Optimal log-likelihood: -41095.495
Rate parameters:  A-C: 1.00000  A-G: 2.27219  A-T: 1.00000  C-G: 1.00000  C-T: 2.27219  G-T: 1.00000
Base frequencies:  A: 0.282  C: 0.209  G: 0.228  T: 0.281
Parameters optimization took 3 rounds (0.095 sec)
Wrote distance file to... 
BEST SCORE FOUND : -41095.495
Total tree length: 0.022

Total number of iterations: 0
CPU time used for tree search: 0.000 sec (0h:0m:0s)
Wall-clock time used for tree search: 0.000 sec (0h:0m:0s)
Total CPU time used: 216.512 sec (0h:3m:36s)
Total wall-clock time used: 82.894 sec (0h:1m:22s)

===> START JACKKNIFE REPLICATE NUMBER 360

Creating jackknife alignment (seed: 786086)...
Reading input tree file gl_output_rmq.fasta.raxml.bestTree ...

NOTE: 8 MB RAM (0 GB) is required!
Estimate model parameters (epsilon = 0.010)
1. Initial log-likelihood: -41067.906
2. Current log-likelihood: -40971.990
3. Current log-likelihood: -40971.946
4. Current log-likelihood: -40971.935
5. Current log-likelihood: -40971.924
Optimal log-likelihood: -40971.914
Rate parameters:  A-C: 1.00000  A-G: 2.59130  A-T: 1.00000  C-G: 1.00000  C-T: 2.59130  G-T: 1.00000
Base frequencies:  A: 0.280  C: 0.212  G: 0.228  T: 0.280
Parameters optimization took 5 rounds (0.120 sec)
Wrote distance file to... 
BEST SCORE FOUND : -40971.914
Total tree length: 0.022

Total number of iterations: 0
CPU time used for tree search: 0.000 sec (0h:0m:0s)
Wall-clock time used for tree search: 0.000 sec (0h:0m:0s)
Total CPU time used: 216.999 sec (0h:3m:36s)
Total wall-clock time used: 83.069 sec (0h:1m:23s)

===> START JACKKNIFE REPLICATE NUMBER 361

Creating jackknife alignment (seed: 786087)...
Reading input tree file gl_output_rmq.fasta.raxml.bestTree ...

NOTE: 7 MB RAM (0 GB) is required!
Estimate model parameters (epsilon = 0.010)
1. Initial log-likelihood: -41030.959
2. Current log-likelihood: -40960.155
3. Current log-likelihood: -40959.808
Optimal log-likelihood: -40959.800
Rate parameters:  A-C: 1.00000  A-G: 2.15482  A-T: 1.00000  C-G: 1.00000  C-T: 2.15482  G-T: 1.00000
Base frequencies:  A: 0.282  C: 0.209  G: 0.229  T: 0.280
Parameters optimization took 3 rounds (0.108 sec)
Wrote distance file to... 
BEST SCORE FOUND : -40959.800
Total tree length: 0.021

Total number of iterations: 0
CPU time used for tree search: 0.000 sec (0h:0m:0s)
Wall-clock time used for tree search: 0.000 sec (0h:0m:0s)
Total CPU time used: 217.459 sec (0h:3m:37s)
Total wall-clock time used: 83.234 sec (0h:1m:23s)

===> START JACKKNIFE REPLICATE NUMBER 362

Creating jackknife alignment (seed: 786088)...
Reading input tree file gl_output_rmq.fasta.raxml.bestTree ...

NOTE: 7 MB RAM (0 GB) is required!
Estimate model parameters (epsilon = 0.010)
1. Initial log-likelihood: -41041.278
2. Current log-likelihood: -40947.883
3. Current log-likelihood: -40947.845
Optimal log-likelihood: -40947.845
Rate parameters:  A-C: 1.00000  A-G: 2.35606  A-T: 1.00000  C-G: 1.00000  C-T: 2.35606  G-T: 1.00000
Base frequencies:  A: 0.283  C: 0.211  G: 0.225  T: 0.280
Parameters optimization took 3 rounds (0.094 sec)
Wrote distance file to... 
BEST SCORE FOUND : -40947.845
Total tree length: 0.021

Total number of iterations: 0
CPU time used for tree search: 0.000 sec (0h:0m:0s)
Wall-clock time used for tree search: 0.000 sec (0h:0m:0s)
Total CPU time used: 217.874 sec (0h:3m:37s)
Total wall-clock time used: 83.385 sec (0h:1m:23s)

===> START JACKKNIFE REPLICATE NUMBER 363

Creating jackknife alignment (seed: 786089)...
Reading input tree file gl_output_rmq.fasta.raxml.bestTree ...

NOTE: 8 MB RAM (0 GB) is required!
Estimate model parameters (epsilon = 0.010)
1. Initial log-likelihood: -41166.963
2. Current log-likelihood: -41078.939
3. Current log-likelihood: -41078.670
Optimal log-likelihood: -41078.669
Rate parameters:  A-C: 1.00000  A-G: 2.60989  A-T: 1.00000  C-G: 1.00000  C-T: 2.60989  G-T: 1.00000
Base frequencies:  A: 0.284  C: 0.210  G: 0.227  T: 0.279
Parameters optimization took 3 rounds (0.093 sec)
Wrote distance file to... 
BEST SCORE FOUND : -41078.669
Total tree length: 0.022

Total number of iterations: 0
CPU time used for tree search: 0.000 sec (0h:0m:0s)
Wall-clock time used for tree search: 0.000 sec (0h:0m:0s)
Total CPU time used: 218.290 sec (0h:3m:38s)
Total wall-clock time used: 83.535 sec (0h:1m:23s)

===> START JACKKNIFE REPLICATE NUMBER 364

Creating jackknife alignment (seed: 786090)...
Reading input tree file gl_output_rmq.fasta.raxml.bestTree ...

NOTE: 7 MB RAM (0 GB) is required!
Estimate model parameters (epsilon = 0.010)
1. Initial log-likelihood: -40842.577
2. Current log-likelihood: -40753.067
3. Current log-likelihood: -40753.047
Optimal log-likelihood: -40753.047
Rate parameters:  A-C: 1.00000  A-G: 2.42005  A-T: 1.00000  C-G: 1.00000  C-T: 2.42005  G-T: 1.00000
Base frequencies:  A: 0.287  C: 0.207  G: 0.227  T: 0.279
Parameters optimization took 3 rounds (0.094 sec)
Wrote distance file to... 
BEST SCORE FOUND : -40753.047
Total tree length: 0.021

Total number of iterations: 0
CPU time used for tree search: 0.000 sec (0h:0m:0s)
Wall-clock time used for tree search: 0.000 sec (0h:0m:0s)
Total CPU time used: 218.711 sec (0h:3m:38s)
Total wall-clock time used: 83.687 sec (0h:1m:23s)

===> START JACKKNIFE REPLICATE NUMBER 365

Creating jackknife alignment (seed: 786091)...
Reading input tree file gl_output_rmq.fasta.raxml.bestTree ...

NOTE: 7 MB RAM (0 GB) is required!
Estimate model parameters (epsilon = 0.010)
1. Initial log-likelihood: -41099.580
2. Current log-likelihood: -41016.058
3. Current log-likelihood: -41015.945
Optimal log-likelihood: -41015.945
Rate parameters:  A-C: 1.00000  A-G: 2.38682  A-T: 1.00000  C-G: 1.00000  C-T: 2.38682  G-T: 1.00000
Base frequencies:  A: 0.281  C: 0.209  G: 0.228  T: 0.281
Parameters optimization took 3 rounds (0.109 sec)
Wrote distance file to... 
BEST SCORE FOUND : -41015.945
Total tree length: 0.022

Total number of iterations: 0
CPU time used for tree search: 0.000 sec (0h:0m:0s)
Wall-clock time used for tree search: 0.000 sec (0h:0m:0s)
Total CPU time used: 219.182 sec (0h:3m:39s)
Total wall-clock time used: 83.855 sec (0h:1m:23s)

===> START JACKKNIFE REPLICATE NUMBER 366

Creating jackknife alignment (seed: 786092)...
Reading input tree file gl_output_rmq.fasta.raxml.bestTree ...

NOTE: 7 MB RAM (0 GB) is required!
Estimate model parameters (epsilon = 0.010)
1. Initial log-likelihood: -41195.526
2. Current log-likelihood: -41110.816
3. Current log-likelihood: -41110.419
Optimal log-likelihood: -41110.413
Rate parameters:  A-C: 1.00000  A-G: 2.30632  A-T: 1.00000  C-G: 1.00000  C-T: 2.30632  G-T: 1.00000
Base frequencies:  A: 0.280  C: 0.211  G: 0.228  T: 0.282
Parameters optimization took 3 rounds (0.095 sec)
Wrote distance file to... 
BEST SCORE FOUND : -41110.413
Total tree length: 0.022

Total number of iterations: 0
CPU time used for tree search: 0.000 sec (0h:0m:0s)
Wall-clock time used for tree search: 0.000 sec (0h:0m:0s)
Total CPU time used: 219.597 sec (0h:3m:39s)
Total wall-clock time used: 84.005 sec (0h:1m:24s)

===> START JACKKNIFE REPLICATE NUMBER 367

Creating jackknife alignment (seed: 786093)...
Reading input tree file gl_output_rmq.fasta.raxml.bestTree ...

NOTE: 7 MB RAM (0 GB) is required!
Estimate model parameters (epsilon = 0.010)
1. Initial log-likelihood: -40950.675
2. Current log-likelihood: -40855.592
3. Current log-likelihood: -40854.751
Optimal log-likelihood: -40854.748
Rate parameters:  A-C: 1.00000  A-G: 2.62233  A-T: 1.00000  C-G: 1.00000  C-T: 2.62233  G-T: 1.00000
Base frequencies:  A: 0.283  C: 0.212  G: 0.226  T: 0.279
Parameters optimization took 3 rounds (0.116 sec)
Wrote distance file to... 
BEST SCORE FOUND : -40854.748
Total tree length: 0.021

Total number of iterations: 0
CPU time used for tree search: 0.000 sec (0h:0m:0s)
Wall-clock time used for tree search: 0.000 sec (0h:0m:0s)
Total CPU time used: 220.088 sec (0h:3m:40s)
Total wall-clock time used: 84.183 sec (0h:1m:24s)

===> START JACKKNIFE REPLICATE NUMBER 368

Creating jackknife alignment (seed: 786094)...
Reading input tree file gl_output_rmq.fasta.raxml.bestTree ...

NOTE: 7 MB RAM (0 GB) is required!
Estimate model parameters (epsilon = 0.010)
1. Initial log-likelihood: -41154.616
2. Current log-likelihood: -41068.749
3. Current log-likelihood: -41068.653
Optimal log-likelihood: -41068.652
Rate parameters:  A-C: 1.00000  A-G: 2.26516  A-T: 1.00000  C-G: 1.00000  C-T: 2.26516  G-T: 1.00000
Base frequencies:  A: 0.283  C: 0.211  G: 0.227  T: 0.279
Parameters optimization took 3 rounds (0.101 sec)
Wrote distance file to... 
BEST SCORE FOUND : -41068.652
Total tree length: 0.022

Total number of iterations: 0
CPU time used for tree search: 0.000 sec (0h:0m:0s)
Wall-clock time used for tree search: 0.000 sec (0h:0m:0s)
Total CPU time used: 220.527 sec (0h:3m:40s)
Total wall-clock time used: 84.341 sec (0h:1m:24s)

===> START JACKKNIFE REPLICATE NUMBER 369

Creating jackknife alignment (seed: 786095)...
Reading input tree file gl_output_rmq.fasta.raxml.bestTree ...

NOTE: 7 MB RAM (0 GB) is required!
Estimate model parameters (epsilon = 0.010)
1. Initial log-likelihood: -40608.303
2. Current log-likelihood: -40534.004
3. Current log-likelihood: -40522.227
4. Current log-likelihood: -40483.087
Optimal log-likelihood: -40483.085
Rate parameters:  A-C: 1.00000  A-G: 3.19195  A-T: 1.00000  C-G: 1.00000  C-T: 3.19195  G-T: 1.00000
Base frequencies:  A: 0.285  C: 0.207  G: 0.226  T: 0.282
Parameters optimization took 4 rounds (0.134 sec)
Wrote distance file to... 
BEST SCORE FOUND : -40483.085
Total tree length: 0.020

Total number of iterations: 0
CPU time used for tree search: 0.000 sec (0h:0m:0s)
Wall-clock time used for tree search: 0.000 sec (0h:0m:0s)
Total CPU time used: 221.066 sec (0h:3m:41s)
Total wall-clock time used: 84.534 sec (0h:1m:24s)

===> START JACKKNIFE REPLICATE NUMBER 370

Creating jackknife alignment (seed: 786096)...
Reading input tree file gl_output_rmq.fasta.raxml.bestTree ...

NOTE: 7 MB RAM (0 GB) is required!
Estimate model parameters (epsilon = 0.010)
1. Initial log-likelihood: -41238.772
2. Current log-likelihood: -41130.916
Optimal log-likelihood: -41130.904
Rate parameters:  A-C: 1.00000  A-G: 2.81464  A-T: 1.00000  C-G: 1.00000  C-T: 2.81464  G-T: 1.00000
Base frequencies:  A: 0.285  C: 0.210  G: 0.225  T: 0.281
Parameters optimization took 2 rounds (0.069 sec)
Wrote distance file to... 
BEST SCORE FOUND : -41130.904
Total tree length: 0.022

Total number of iterations: 0
CPU time used for tree search: 0.000 sec (0h:0m:0s)
Wall-clock time used for tree search: 0.000 sec (0h:0m:0s)
Total CPU time used: 221.416 sec (0h:3m:41s)
Total wall-clock time used: 84.664 sec (0h:1m:24s)

===> START JACKKNIFE REPLICATE NUMBER 371

Creating jackknife alignment (seed: 786097)...
Reading input tree file gl_output_rmq.fasta.raxml.bestTree ...

NOTE: 7 MB RAM (0 GB) is required!
Estimate model parameters (epsilon = 0.010)
1. Initial log-likelihood: -40844.019
2. Current log-likelihood: -40749.684
3. Current log-likelihood: -40749.614
Optimal log-likelihood: -40749.611
Rate parameters:  A-C: 1.00000  A-G: 2.58774  A-T: 1.00000  C-G: 1.00000  C-T: 2.58774  G-T: 1.00000
Base frequencies:  A: 0.280  C: 0.211  G: 0.230  T: 0.278
Parameters optimization took 3 rounds (0.110 sec)
Wrote distance file to... 
BEST SCORE FOUND : -40749.611
Total tree length: 0.021

Total number of iterations: 0
CPU time used for tree search: 0.000 sec (0h:0m:0s)
Wall-clock time used for tree search: 0.000 sec (0h:0m:0s)
Total CPU time used: 221.877 sec (0h:3m:41s)
Total wall-clock time used: 84.831 sec (0h:1m:24s)

===> START JACKKNIFE REPLICATE NUMBER 372

Creating jackknife alignment (seed: 786098)...
Reading input tree file gl_output_rmq.fasta.raxml.bestTree ...

NOTE: 7 MB RAM (0 GB) is required!
Estimate model parameters (epsilon = 0.010)
1. Initial log-likelihood: -40733.410
2. Current log-likelihood: -40633.649
3. Current log-likelihood: -40633.490
Optimal log-likelihood: -40633.482
Rate parameters:  A-C: 1.00000  A-G: 2.60915  A-T: 1.00000  C-G: 1.00000  C-T: 2.60915  G-T: 1.00000
Base frequencies:  A: 0.284  C: 0.209  G: 0.225  T: 0.282
Parameters optimization took 3 rounds (0.102 sec)
Wrote distance file to... 
BEST SCORE FOUND : -40633.482
Total tree length: 0.020

Total number of iterations: 0
CPU time used for tree search: 0.000 sec (0h:0m:0s)
Wall-clock time used for tree search: 0.000 sec (0h:0m:0s)
Total CPU time used: 222.313 sec (0h:3m:42s)
Total wall-clock time used: 84.991 sec (0h:1m:24s)

===> START JACKKNIFE REPLICATE NUMBER 373

Creating jackknife alignment (seed: 786099)...
Reading input tree file gl_output_rmq.fasta.raxml.bestTree ...

NOTE: 7 MB RAM (0 GB) is required!
Estimate model parameters (epsilon = 0.010)
1. Initial log-likelihood: -41299.473
2. Current log-likelihood: -41205.411
3. Current log-likelihood: -41205.240
Optimal log-likelihood: -41205.230
Rate parameters:  A-C: 1.00000  A-G: 2.62894  A-T: 1.00000  C-G: 1.00000  C-T: 2.62894  G-T: 1.00000
Base frequencies:  A: 0.282  C: 0.209  G: 0.227  T: 0.282
Parameters optimization took 3 rounds (0.089 sec)
Wrote distance file to... 
BEST SCORE FOUND : -41205.230
Total tree length: 0.022

Total number of iterations: 0
CPU time used for tree search: 0.000 sec (0h:0m:0s)
Wall-clock time used for tree search: 0.000 sec (0h:0m:0s)
Total CPU time used: 222.711 sec (0h:3m:42s)
Total wall-clock time used: 85.135 sec (0h:1m:25s)

===> START JACKKNIFE REPLICATE NUMBER 374

Creating jackknife alignment (seed: 786100)...
Reading input tree file gl_output_rmq.fasta.raxml.bestTree ...

NOTE: 7 MB RAM (0 GB) is required!
Estimate model parameters (epsilon = 0.010)
1. Initial log-likelihood: -40537.601
2. Current log-likelihood: -40432.369
3. Current log-likelihood: -40431.958
Optimal log-likelihood: -40431.954
Rate parameters:  A-C: 1.00000  A-G: 2.70377  A-T: 1.00000  C-G: 1.00000  C-T: 2.70377  G-T: 1.00000
Base frequencies:  A: 0.283  C: 0.211  G: 0.223  T: 0.282
Parameters optimization took 3 rounds (0.104 sec)
Wrote distance file to... 
BEST SCORE FOUND : -40431.954
Total tree length: 0.019

Total number of iterations: 0
CPU time used for tree search: 0.000 sec (0h:0m:0s)
Wall-clock time used for tree search: 0.000 sec (0h:0m:0s)
Total CPU time used: 223.164 sec (0h:3m:43s)
Total wall-clock time used: 85.301 sec (0h:1m:25s)

===> START JACKKNIFE REPLICATE NUMBER 375

Creating jackknife alignment (seed: 786101)...
Reading input tree file gl_output_rmq.fasta.raxml.bestTree ...

NOTE: 7 MB RAM (0 GB) is required!
Estimate model parameters (epsilon = 0.010)
1. Initial log-likelihood: -40884.996
2. Current log-likelihood: -40792.118
3. Current log-likelihood: -40792.028
Optimal log-likelihood: -40792.027
Rate parameters:  A-C: 1.00000  A-G: 2.54241  A-T: 1.00000  C-G: 1.00000  C-T: 2.54241  G-T: 1.00000
Base frequencies:  A: 0.284  C: 0.209  G: 0.226  T: 0.280
Parameters optimization took 3 rounds (0.084 sec)
Wrote distance file to... 
BEST SCORE FOUND : -40792.027
Total tree length: 0.021

Total number of iterations: 0
CPU time used for tree search: 0.000 sec (0h:0m:0s)
Wall-clock time used for tree search: 0.000 sec (0h:0m:0s)
Total CPU time used: 223.541 sec (0h:3m:43s)
Total wall-clock time used: 85.440 sec (0h:1m:25s)

===> START JACKKNIFE REPLICATE NUMBER 376

Creating jackknife alignment (seed: 786102)...
Reading input tree file gl_output_rmq.fasta.raxml.bestTree ...

NOTE: 7 MB RAM (0 GB) is required!
Estimate model parameters (epsilon = 0.010)
1. Initial log-likelihood: -40775.775
2. Current log-likelihood: -40672.003
3. Current log-likelihood: -40671.961
Optimal log-likelihood: -40671.960
Rate parameters:  A-C: 1.00000  A-G: 2.77864  A-T: 1.00000  C-G: 1.00000  C-T: 2.77864  G-T: 1.00000
Base frequencies:  A: 0.287  C: 0.211  G: 0.222  T: 0.281
Parameters optimization took 3 rounds (0.105 sec)
Wrote distance file to... 
BEST SCORE FOUND : -40671.960
Total tree length: 0.020

Total number of iterations: 0
CPU time used for tree search: 0.000 sec (0h:0m:0s)
Wall-clock time used for tree search: 0.000 sec (0h:0m:0s)
Total CPU time used: 223.987 sec (0h:3m:43s)
Total wall-clock time used: 85.602 sec (0h:1m:25s)

===> START JACKKNIFE REPLICATE NUMBER 377

Creating jackknife alignment (seed: 786103)...
Reading input tree file gl_output_rmq.fasta.raxml.bestTree ...

NOTE: 7 MB RAM (0 GB) is required!
Estimate model parameters (epsilon = 0.010)
1. Initial log-likelihood: -41132.383
2. Current log-likelihood: -41041.992
3. Current log-likelihood: -41041.871
Optimal log-likelihood: -41041.866
Rate parameters:  A-C: 1.00000  A-G: 2.44486  A-T: 1.00000  C-G: 1.00000  C-T: 2.44486  G-T: 1.00000
Base frequencies:  A: 0.280  C: 0.210  G: 0.227  T: 0.283
Parameters optimization took 3 rounds (0.107 sec)
Wrote distance file to... 
BEST SCORE FOUND : -41041.866
Total tree length: 0.022

Total number of iterations: 0
CPU time used for tree search: 0.000 sec (0h:0m:0s)
Wall-clock time used for tree search: 0.000 sec (0h:0m:0s)
Total CPU time used: 224.458 sec (0h:3m:44s)
Total wall-clock time used: 85.771 sec (0h:1m:25s)

===> START JACKKNIFE REPLICATE NUMBER 378

Creating jackknife alignment (seed: 786104)...
Reading input tree file gl_output_rmq.fasta.raxml.bestTree ...

NOTE: 8 MB RAM (0 GB) is required!
Estimate model parameters (epsilon = 0.010)
1. Initial log-likelihood: -41195.871
2. Current log-likelihood: -41091.491
Optimal log-likelihood: -41091.488
Rate parameters:  A-C: 1.00000  A-G: 2.84474  A-T: 1.00000  C-G: 1.00000  C-T: 2.84474  G-T: 1.00000
Base frequencies:  A: 0.284  C: 0.208  G: 0.227  T: 0.282
Parameters optimization took 2 rounds (0.073 sec)
Wrote distance file to... 
BEST SCORE FOUND : -41091.488
Total tree length: 0.022

Total number of iterations: 0
CPU time used for tree search: 0.000 sec (0h:0m:0s)
Wall-clock time used for tree search: 0.000 sec (0h:0m:0s)
Total CPU time used: 224.814 sec (0h:3m:44s)
Total wall-clock time used: 85.903 sec (0h:1m:25s)

===> START JACKKNIFE REPLICATE NUMBER 379

Creating jackknife alignment (seed: 786105)...
Reading input tree file gl_output_rmq.fasta.raxml.bestTree ...

NOTE: 7 MB RAM (0 GB) is required!
Estimate model parameters (epsilon = 0.010)
1. Initial log-likelihood: -41107.539
2. Current log-likelihood: -41051.740
3. Current log-likelihood: -41035.099
4. Current log-likelihood: -40991.067
5. Current log-likelihood: -40991.045
Optimal log-likelihood: -40991.042
Rate parameters:  A-C: 1.00000  A-G: 3.00205  A-T: 1.00000  C-G: 1.00000  C-T: 3.00205  G-T: 1.00000
Base frequencies:  A: 0.285  C: 0.210  G: 0.225  T: 0.280
Parameters optimization took 5 rounds (0.170 sec)
Wrote distance file to... 
BEST SCORE FOUND : -40991.042
Total tree length: 0.022

Total number of iterations: 0
CPU time used for tree search: 0.000 sec (0h:0m:0s)
Wall-clock time used for tree search: 0.000 sec (0h:0m:0s)
Total CPU time used: 225.469 sec (0h:3m:45s)
Total wall-clock time used: 86.133 sec (0h:1m:26s)

===> START JACKKNIFE REPLICATE NUMBER 380

Creating jackknife alignment (seed: 786106)...
Reading input tree file gl_output_rmq.fasta.raxml.bestTree ...

NOTE: 7 MB RAM (0 GB) is required!
Estimate model parameters (epsilon = 0.010)
1. Initial log-likelihood: -40928.685
2. Current log-likelihood: -40838.943
3. Current log-likelihood: -40838.875
Optimal log-likelihood: -40838.875
Rate parameters:  A-C: 1.00000  A-G: 2.44767  A-T: 1.00000  C-G: 1.00000  C-T: 2.44767  G-T: 1.00000
Base frequencies:  A: 0.283  C: 0.213  G: 0.225  T: 0.280
Parameters optimization took 3 rounds (0.090 sec)
Wrote distance file to... 
BEST SCORE FOUND : -40838.875
Total tree length: 0.021

Total number of iterations: 0
CPU time used for tree search: 0.000 sec (0h:0m:0s)
Wall-clock time used for tree search: 0.000 sec (0h:0m:0s)
Total CPU time used: 225.876 sec (0h:3m:45s)
Total wall-clock time used: 86.286 sec (0h:1m:26s)

===> START JACKKNIFE REPLICATE NUMBER 381

Creating jackknife alignment (seed: 786107)...
Reading input tree file gl_output_rmq.fasta.raxml.bestTree ...

NOTE: 8 MB RAM (0 GB) is required!
Estimate model parameters (epsilon = 0.010)
1. Initial log-likelihood: -41166.560
2. Current log-likelihood: -41089.441
3. Current log-likelihood: -41089.370
Optimal log-likelihood: -41089.369
Rate parameters:  A-C: 1.00000  A-G: 2.23055  A-T: 1.00000  C-G: 1.00000  C-T: 2.23055  G-T: 1.00000
Base frequencies:  A: 0.281  C: 0.213  G: 0.223  T: 0.283
Parameters optimization took 3 rounds (0.109 sec)
Wrote distance file to... 
BEST SCORE FOUND : -41089.369
Total tree length: 0.022

Total number of iterations: 0
CPU time used for tree search: 0.000 sec (0h:0m:0s)
Wall-clock time used for tree search: 0.000 sec (0h:0m:0s)
Total CPU time used: 226.350 sec (0h:3m:46s)
Total wall-clock time used: 86.456 sec (0h:1m:26s)

===> START JACKKNIFE REPLICATE NUMBER 382

Creating jackknife alignment (seed: 786108)...
Reading input tree file gl_output_rmq.fasta.raxml.bestTree ...

NOTE: 7 MB RAM (0 GB) is required!
Estimate model parameters (epsilon = 0.010)
1. Initial log-likelihood: -40959.075
2. Current log-likelihood: -40862.394
3. Current log-likelihood: -40862.349
Optimal log-likelihood: -40862.346
Rate parameters:  A-C: 1.00000  A-G: 2.60719  A-T: 1.00000  C-G: 1.00000  C-T: 2.60719  G-T: 1.00000
Base frequencies:  A: 0.282  C: 0.210  G: 0.226  T: 0.282
Parameters optimization took 3 rounds (0.089 sec)
Wrote distance file to... 
BEST SCORE FOUND : -40862.346
Total tree length: 0.021

Total number of iterations: 0
CPU time used for tree search: 0.000 sec (0h:0m:0s)
Wall-clock time used for tree search: 0.000 sec (0h:0m:0s)
Total CPU time used: 226.748 sec (0h:3m:46s)
Total wall-clock time used: 86.600 sec (0h:1m:26s)

===> START JACKKNIFE REPLICATE NUMBER 383

Creating jackknife alignment (seed: 786109)...
Reading input tree file gl_output_rmq.fasta.raxml.bestTree ...

NOTE: 7 MB RAM (0 GB) is required!
Estimate model parameters (epsilon = 0.010)
1. Initial log-likelihood: -41054.800
2. Current log-likelihood: -40958.197
3. Current log-likelihood: -40958.075
Optimal log-likelihood: -40958.072
Rate parameters:  A-C: 1.00000  A-G: 2.66969  A-T: 1.00000  C-G: 1.00000  C-T: 2.66969  G-T: 1.00000
Base frequencies:  A: 0.282  C: 0.209  G: 0.231  T: 0.278
Parameters optimization took 3 rounds (0.102 sec)
Wrote distance file to... 
BEST SCORE FOUND : -40958.072
Total tree length: 0.022

Total number of iterations: 0
CPU time used for tree search: 0.000 sec (0h:0m:0s)
Wall-clock time used for tree search: 0.000 sec (0h:0m:0s)
Total CPU time used: 227.182 sec (0h:3m:47s)
Total wall-clock time used: 86.758 sec (0h:1m:26s)

===> START JACKKNIFE REPLICATE NUMBER 384

Creating jackknife alignment (seed: 786110)...
Reading input tree file gl_output_rmq.fasta.raxml.bestTree ...

NOTE: 8 MB RAM (0 GB) is required!
Estimate model parameters (epsilon = 0.010)
1. Initial log-likelihood: -41402.330
2. Current log-likelihood: -41352.136
3. Current log-likelihood: -41332.307
4. Current log-likelihood: -41285.971
Optimal log-likelihood: -41285.961
Rate parameters:  A-C: 1.00000  A-G: 2.97835  A-T: 1.00000  C-G: 1.00000  C-T: 2.97835  G-T: 1.00000
Base frequencies:  A: 0.281  C: 0.209  G: 0.228  T: 0.282
Parameters optimization took 4 rounds (0.126 sec)
Wrote distance file to... 
BEST SCORE FOUND : -41285.961
Total tree length: 0.023

Total number of iterations: 0
CPU time used for tree search: 0.000 sec (0h:0m:0s)
Wall-clock time used for tree search: 0.000 sec (0h:0m:0s)
Total CPU time used: 227.693 sec (0h:3m:47s)
Total wall-clock time used: 86.940 sec (0h:1m:26s)

===> START JACKKNIFE REPLICATE NUMBER 385

Creating jackknife alignment (seed: 786111)...
Reading input tree file gl_output_rmq.fasta.raxml.bestTree ...

NOTE: 7 MB RAM (0 GB) is required!
Estimate model parameters (epsilon = 0.010)
1. Initial log-likelihood: -41229.320
2. Current log-likelihood: -41146.842
3. Current log-likelihood: -41146.821
Optimal log-likelihood: -41146.821
Rate parameters:  A-C: 1.00000  A-G: 2.39352  A-T: 1.00000  C-G: 1.00000  C-T: 2.39352  G-T: 1.00000
Base frequencies:  A: 0.283  C: 0.210  G: 0.228  T: 0.279
Parameters optimization took 3 rounds (0.080 sec)
Wrote distance file to... 
BEST SCORE FOUND : -41146.821
Total tree length: 0.022

Total number of iterations: 0
CPU time used for tree search: 0.000 sec (0h:0m:0s)
Wall-clock time used for tree search: 0.000 sec (0h:0m:0s)
Total CPU time used: 228.064 sec (0h:3m:48s)
Total wall-clock time used: 87.076 sec (0h:1m:27s)

===> START JACKKNIFE REPLICATE NUMBER 386

Creating jackknife alignment (seed: 786112)...
Reading input tree file gl_output_rmq.fasta.raxml.bestTree ...

NOTE: 7 MB RAM (0 GB) is required!
Estimate model parameters (epsilon = 0.010)
1. Initial log-likelihood: -41222.696
2. Current log-likelihood: -41134.039
3. Current log-likelihood: -41133.962
Optimal log-likelihood: -41133.961
Rate parameters:  A-C: 1.00000  A-G: 2.40240  A-T: 1.00000  C-G: 1.00000  C-T: 2.40240  G-T: 1.00000
Base frequencies:  A: 0.283  C: 0.208  G: 0.230  T: 0.279
Parameters optimization took 3 rounds (0.112 sec)
Wrote distance file to... 
BEST SCORE FOUND : -41133.961
Total tree length: 0.022

Total number of iterations: 0
CPU time used for tree search: 0.000 sec (0h:0m:0s)
Wall-clock time used for tree search: 0.000 sec (0h:0m:0s)
Total CPU time used: 228.538 sec (0h:3m:48s)
Total wall-clock time used: 87.247 sec (0h:1m:27s)

===> START JACKKNIFE REPLICATE NUMBER 387

Creating jackknife alignment (seed: 786113)...
Reading input tree file gl_output_rmq.fasta.raxml.bestTree ...

NOTE: 7 MB RAM (0 GB) is required!
Estimate model parameters (epsilon = 0.010)
1. Initial log-likelihood: -40932.171
2. Current log-likelihood: -40847.806
3. Current log-likelihood: -40847.783
Optimal log-likelihood: -40847.783
Rate parameters:  A-C: 1.00000  A-G: 2.37298  A-T: 1.00000  C-G: 1.00000  C-T: 2.37298  G-T: 1.00000
Base frequencies:  A: 0.280  C: 0.211  G: 0.227  T: 0.281
Parameters optimization took 3 rounds (0.098 sec)
Wrote distance file to... 
BEST SCORE FOUND : -40847.783
Total tree length: 0.021

Total number of iterations: 0
CPU time used for tree search: 0.000 sec (0h:0m:0s)
Wall-clock time used for tree search: 0.000 sec (0h:0m:0s)
Total CPU time used: 228.975 sec (0h:3m:48s)
Total wall-clock time used: 87.414 sec (0h:1m:27s)

===> START JACKKNIFE REPLICATE NUMBER 388

Creating jackknife alignment (seed: 786114)...
Reading input tree file gl_output_rmq.fasta.raxml.bestTree ...

NOTE: 7 MB RAM (0 GB) is required!
Estimate model parameters (epsilon = 0.010)
1. Initial log-likelihood: -40869.357
2. Current log-likelihood: -40768.334
3. Current log-likelihood: -40768.184
Optimal log-likelihood: -40768.177
Rate parameters:  A-C: 1.00000  A-G: 2.71729  A-T: 1.00000  C-G: 1.00000  C-T: 2.71729  G-T: 1.00000
Base frequencies:  A: 0.284  C: 0.209  G: 0.229  T: 0.278
Parameters optimization took 3 rounds (0.103 sec)
Wrote distance file to... 
BEST SCORE FOUND : -40768.177
Total tree length: 0.021

Total number of iterations: 0
CPU time used for tree search: 0.000 sec (0h:0m:0s)
Wall-clock time used for tree search: 0.000 sec (0h:0m:0s)
Total CPU time used: 229.424 sec (0h:3m:49s)
Total wall-clock time used: 87.577 sec (0h:1m:27s)

===> START JACKKNIFE REPLICATE NUMBER 389

Creating jackknife alignment (seed: 786115)...
Reading input tree file gl_output_rmq.fasta.raxml.bestTree ...

NOTE: 7 MB RAM (0 GB) is required!
Estimate model parameters (epsilon = 0.010)
1. Initial log-likelihood: -40675.032
2. Current log-likelihood: -40579.634
3. Current log-likelihood: -40579.617
Optimal log-likelihood: -40579.611
Rate parameters:  A-C: 1.00000  A-G: 2.63902  A-T: 1.00000  C-G: 1.00000  C-T: 2.63902  G-T: 1.00000
Base frequencies:  A: 0.283  C: 0.211  G: 0.226  T: 0.279
Parameters optimization took 3 rounds (0.087 sec)
Wrote distance file to... 
BEST SCORE FOUND : -40579.611
Total tree length: 0.020

Total number of iterations: 0
CPU time used for tree search: 0.000 sec (0h:0m:0s)
Wall-clock time used for tree search: 0.000 sec (0h:0m:0s)
Total CPU time used: 229.818 sec (0h:3m:49s)
Total wall-clock time used: 87.721 sec (0h:1m:27s)

===> START JACKKNIFE REPLICATE NUMBER 390

Creating jackknife alignment (seed: 786116)...
Reading input tree file gl_output_rmq.fasta.raxml.bestTree ...

NOTE: 8 MB RAM (0 GB) is required!
Estimate model parameters (epsilon = 0.010)
1. Initial log-likelihood: -41476.750
2. Current log-likelihood: -41393.629
3. Current log-likelihood: -41392.847
Optimal log-likelihood: -41392.847
Rate parameters:  A-C: 1.00000  A-G: 2.34146  A-T: 1.00000  C-G: 1.00000  C-T: 2.34146  G-T: 1.00000
Base frequencies:  A: 0.284  C: 0.210  G: 0.224  T: 0.282
Parameters optimization took 3 rounds (0.112 sec)
Wrote distance file to... 
BEST SCORE FOUND : -41392.847
Total tree length: 0.024

Total number of iterations: 0
CPU time used for tree search: 0.000 sec (0h:0m:0s)
Wall-clock time used for tree search: 0.000 sec (0h:0m:0s)
Total CPU time used: 230.292 sec (0h:3m:50s)
Total wall-clock time used: 87.893 sec (0h:1m:27s)

===> START JACKKNIFE REPLICATE NUMBER 391

Creating jackknife alignment (seed: 786117)...
Reading input tree file gl_output_rmq.fasta.raxml.bestTree ...

NOTE: 7 MB RAM (0 GB) is required!
Estimate model parameters (epsilon = 0.010)
1. Initial log-likelihood: -40669.447
2. Current log-likelihood: -40575.041
3. Current log-likelihood: -40574.982
Optimal log-likelihood: -40574.979
Rate parameters:  A-C: 1.00000  A-G: 2.63259  A-T: 1.00000  C-G: 1.00000  C-T: 2.63259  G-T: 1.00000
Base frequencies:  A: 0.281  C: 0.212  G: 0.224  T: 0.283
Parameters optimization took 3 rounds (0.098 sec)
Wrote distance file to... 
BEST SCORE FOUND : -40574.979
Total tree length: 0.020

Total number of iterations: 0
CPU time used for tree search: 0.002 sec (0h:0m:0s)
Wall-clock time used for tree search: 0.000 sec (0h:0m:0s)
Total CPU time used: 230.722 sec (0h:3m:50s)
Total wall-clock time used: 88.048 sec (0h:1m:28s)

===> START JACKKNIFE REPLICATE NUMBER 392

Creating jackknife alignment (seed: 786118)...
Reading input tree file gl_output_rmq.fasta.raxml.bestTree ...

NOTE: 7 MB RAM (0 GB) is required!
Estimate model parameters (epsilon = 0.010)
1. Initial log-likelihood: -41094.103
2. Current log-likelihood: -40999.965
3. Current log-likelihood: -40999.929
Optimal log-likelihood: -40999.929
Rate parameters:  A-C: 1.00000  A-G: 2.48762  A-T: 1.00000  C-G: 1.00000  C-T: 2.48762  G-T: 1.00000
Base frequencies:  A: 0.285  C: 0.209  G: 0.230  T: 0.277
Parameters optimization took 3 rounds (0.095 sec)
Wrote distance file to... 
BEST SCORE FOUND : -40999.929
Total tree length: 0.022

Total number of iterations: 0
CPU time used for tree search: 0.000 sec (0h:0m:0s)
Wall-clock time used for tree search: 0.000 sec (0h:0m:0s)
Total CPU time used: 231.137 sec (0h:3m:51s)
Total wall-clock time used: 88.199 sec (0h:1m:28s)

===> START JACKKNIFE REPLICATE NUMBER 393

Creating jackknife alignment (seed: 786119)...
Reading input tree file gl_output_rmq.fasta.raxml.bestTree ...

NOTE: 7 MB RAM (0 GB) is required!
Estimate model parameters (epsilon = 0.010)
1. Initial log-likelihood: -40779.184
2. Current log-likelihood: -40695.365
3. Current log-likelihood: -40695.136
4. Current log-likelihood: -40695.089
Optimal log-likelihood: -40695.088
Rate parameters:  A-C: 1.00000  A-G: 2.38199  A-T: 1.00000  C-G: 1.00000  C-T: 2.38199  G-T: 1.00000
Base frequencies:  A: 0.281  C: 0.212  G: 0.227  T: 0.279
Parameters optimization took 4 rounds (0.139 sec)
Wrote distance file to... 
BEST SCORE FOUND : -40695.088
Total tree length: 0.020

Total number of iterations: 0
CPU time used for tree search: 0.000 sec (0h:0m:0s)
Wall-clock time used for tree search: 0.000 sec (0h:0m:0s)
Total CPU time used: 231.684 sec (0h:3m:51s)
Total wall-clock time used: 88.394 sec (0h:1m:28s)

===> START JACKKNIFE REPLICATE NUMBER 394

Creating jackknife alignment (seed: 786120)...
Reading input tree file gl_output_rmq.fasta.raxml.bestTree ...

NOTE: 8 MB RAM (0 GB) is required!
Estimate model parameters (epsilon = 0.010)
1. Initial log-likelihood: -41241.733
2. Current log-likelihood: -41159.534
3. Current log-likelihood: -41159.279
Optimal log-likelihood: -41159.279
Rate parameters:  A-C: 1.00000  A-G: 2.28294  A-T: 1.00000  C-G: 1.00000  C-T: 2.28294  G-T: 1.00000
Base frequencies:  A: 0.286  C: 0.212  G: 0.225  T: 0.278
Parameters optimization took 3 rounds (0.113 sec)
Wrote distance file to... 
BEST SCORE FOUND : -41159.279
Total tree length: 0.023

Total number of iterations: 0
CPU time used for tree search: 0.000 sec (0h:0m:0s)
Wall-clock time used for tree search: 0.000 sec (0h:0m:0s)
Total CPU time used: 232.157 sec (0h:3m:52s)
Total wall-clock time used: 88.564 sec (0h:1m:28s)

===> START JACKKNIFE REPLICATE NUMBER 395

Creating jackknife alignment (seed: 786121)...
Reading input tree file gl_output_rmq.fasta.raxml.bestTree ...

NOTE: 8 MB RAM (0 GB) is required!
Estimate model parameters (epsilon = 0.010)
1. Initial log-likelihood: -41276.765
2. Current log-likelihood: -41193.262
3. Current log-likelihood: -41193.105
Optimal log-likelihood: -41193.105
Rate parameters:  A-C: 1.00000  A-G: 2.23945  A-T: 1.00000  C-G: 1.00000  C-T: 2.23945  G-T: 1.00000
Base frequencies:  A: 0.283  C: 0.212  G: 0.226  T: 0.279
Parameters optimization took 3 rounds (0.097 sec)
Wrote distance file to... 
BEST SCORE FOUND : -41193.105
Total tree length: 0.023

Total number of iterations: 0
CPU time used for tree search: 0.000 sec (0h:0m:0s)
Wall-clock time used for tree search: 0.000 sec (0h:0m:0s)
Total CPU time used: 232.582 sec (0h:3m:52s)
Total wall-clock time used: 88.717 sec (0h:1m:28s)

===> START JACKKNIFE REPLICATE NUMBER 396

Creating jackknife alignment (seed: 786122)...
Reading input tree file gl_output_rmq.fasta.raxml.bestTree ...

NOTE: 7 MB RAM (0 GB) is required!
Estimate model parameters (epsilon = 0.010)
1. Initial log-likelihood: -41036.839
2. Current log-likelihood: -40956.612
3. Current log-likelihood: -40956.578
Optimal log-likelihood: -40956.578
Rate parameters:  A-C: 1.00000  A-G: 2.38564  A-T: 1.00000  C-G: 1.00000  C-T: 2.38564  G-T: 1.00000
Base frequencies:  A: 0.288  C: 0.212  G: 0.226  T: 0.275
Parameters optimization took 3 rounds (0.093 sec)
Wrote distance file to... 
BEST SCORE FOUND : -40956.578
Total tree length: 0.022

Total number of iterations: 0
CPU time used for tree search: 0.000 sec (0h:0m:0s)
Wall-clock time used for tree search: 0.000 sec (0h:0m:0s)
Total CPU time used: 232.998 sec (0h:3m:52s)
Total wall-clock time used: 88.870 sec (0h:1m:28s)

===> START JACKKNIFE REPLICATE NUMBER 397

Creating jackknife alignment (seed: 786123)...
Reading input tree file gl_output_rmq.fasta.raxml.bestTree ...

NOTE: 7 MB RAM (0 GB) is required!
Estimate model parameters (epsilon = 0.010)
1. Initial log-likelihood: -40643.925
2. Current log-likelihood: -40552.835
3. Current log-likelihood: -40552.815
Optimal log-likelihood: -40552.815
Rate parameters:  A-C: 1.00000  A-G: 2.39151  A-T: 1.00000  C-G: 1.00000  C-T: 2.39151  G-T: 1.00000
Base frequencies:  A: 0.286  C: 0.209  G: 0.226  T: 0.279
Parameters optimization took 3 rounds (0.091 sec)
Wrote distance file to... 
BEST SCORE FOUND : -40552.815
Total tree length: 0.020

Total number of iterations: 0
CPU time used for tree search: 0.000 sec (0h:0m:0s)
Wall-clock time used for tree search: 0.000 sec (0h:0m:0s)
Total CPU time used: 233.415 sec (0h:3m:53s)
Total wall-clock time used: 89.021 sec (0h:1m:29s)

===> START JACKKNIFE REPLICATE NUMBER 398

Creating jackknife alignment (seed: 786124)...
Reading input tree file gl_output_rmq.fasta.raxml.bestTree ...

NOTE: 8 MB RAM (0 GB) is required!
Estimate model parameters (epsilon = 0.010)
1. Initial log-likelihood: -41469.470
2. Current log-likelihood: -41375.526
3. Current log-likelihood: -41375.488
Optimal log-likelihood: -41375.482
Rate parameters:  A-C: 1.00000  A-G: 2.50408  A-T: 1.00000  C-G: 1.00000  C-T: 2.50408  G-T: 1.00000
Base frequencies:  A: 0.284  C: 0.209  G: 0.226  T: 0.281
Parameters optimization took 3 rounds (0.104 sec)
Wrote distance file to... 
BEST SCORE FOUND : -41375.482
Total tree length: 0.023

Total number of iterations: 0
CPU time used for tree search: 0.000 sec (0h:0m:0s)
Wall-clock time used for tree search: 0.000 sec (0h:0m:0s)
Total CPU time used: 233.865 sec (0h:3m:53s)
Total wall-clock time used: 89.186 sec (0h:1m:29s)

===> START JACKKNIFE REPLICATE NUMBER 399

Creating jackknife alignment (seed: 786125)...
Reading input tree file gl_output_rmq.fasta.raxml.bestTree ...

NOTE: 7 MB RAM (0 GB) is required!
Estimate model parameters (epsilon = 0.010)
1. Initial log-likelihood: -40890.772
2. Current log-likelihood: -40795.374
3. Current log-likelihood: -40795.214
Optimal log-likelihood: -40795.212
Rate parameters:  A-C: 1.00000  A-G: 2.56627  A-T: 1.00000  C-G: 1.00000  C-T: 2.56627  G-T: 1.00000
Base frequencies:  A: 0.281  C: 0.215  G: 0.226  T: 0.278
Parameters optimization took 3 rounds (0.115 sec)
Wrote distance file to... 
BEST SCORE FOUND : -40795.212
Total tree length: 0.021

Total number of iterations: 0
CPU time used for tree search: 0.000 sec (0h:0m:0s)
Wall-clock time used for tree search: 0.000 sec (0h:0m:0s)
Total CPU time used: 234.359 sec (0h:3m:54s)
Total wall-clock time used: 89.365 sec (0h:1m:29s)

===> START JACKKNIFE REPLICATE NUMBER 400

Creating jackknife alignment (seed: 786126)...
Reading input tree file gl_output_rmq.fasta.raxml.bestTree ...

NOTE: 8 MB RAM (0 GB) is required!
Estimate model parameters (epsilon = 0.010)
1. Initial log-likelihood: -41191.785
2. Current log-likelihood: -41102.642
3. Current log-likelihood: -41102.499
Optimal log-likelihood: -41102.498
Rate parameters:  A-C: 1.00000  A-G: 2.52509  A-T: 1.00000  C-G: 1.00000  C-T: 2.52509  G-T: 1.00000
Base frequencies:  A: 0.281  C: 0.211  G: 0.226  T: 0.281
Parameters optimization took 3 rounds (0.095 sec)
Wrote distance file to... 
BEST SCORE FOUND : -41102.498
Total tree length: 0.022

Total number of iterations: 0
CPU time used for tree search: 0.000 sec (0h:0m:0s)
Wall-clock time used for tree search: 0.000 sec (0h:0m:0s)
Total CPU time used: 234.774 sec (0h:3m:54s)
Total wall-clock time used: 89.521 sec (0h:1m:29s)

===> START JACKKNIFE REPLICATE NUMBER 401

Creating jackknife alignment (seed: 786127)...
Reading input tree file gl_output_rmq.fasta.raxml.bestTree ...

NOTE: 7 MB RAM (0 GB) is required!
Estimate model parameters (epsilon = 0.010)
1. Initial log-likelihood: -41183.292
2. Current log-likelihood: -41088.359
3. Current log-likelihood: -41088.183
Optimal log-likelihood: -41088.183
Rate parameters:  A-C: 1.00000  A-G: 2.52088  A-T: 1.00000  C-G: 1.00000  C-T: 2.52088  G-T: 1.00000
Base frequencies:  A: 0.283  C: 0.213  G: 0.223  T: 0.281
Parameters optimization took 3 rounds (0.107 sec)
Wrote distance file to... 
BEST SCORE FOUND : -41088.183
Total tree length: 0.022

Total number of iterations: 0
CPU time used for tree search: 0.000 sec (0h:0m:0s)
Wall-clock time used for tree search: 0.000 sec (0h:0m:0s)
Total CPU time used: 235.226 sec (0h:3m:55s)
Total wall-clock time used: 89.686 sec (0h:1m:29s)

===> START JACKKNIFE REPLICATE NUMBER 402

Creating jackknife alignment (seed: 786128)...
Reading input tree file gl_output_rmq.fasta.raxml.bestTree ...

NOTE: 7 MB RAM (0 GB) is required!
Estimate model parameters (epsilon = 0.010)
1. Initial log-likelihood: -40912.412
2. Current log-likelihood: -40819.151
3. Current log-likelihood: -40819.104
Optimal log-likelihood: -40819.101
Rate parameters:  A-C: 1.00000  A-G: 2.61089  A-T: 1.00000  C-G: 1.00000  C-T: 2.61089  G-T: 1.00000
Base frequencies:  A: 0.281  C: 0.213  G: 0.227  T: 0.279
Parameters optimization took 3 rounds (0.095 sec)
Wrote distance file to... 
BEST SCORE FOUND : -40819.101
Total tree length: 0.021

Total number of iterations: 0
CPU time used for tree search: 0.000 sec (0h:0m:0s)
Wall-clock time used for tree search: 0.000 sec (0h:0m:0s)
Total CPU time used: 235.652 sec (0h:3m:55s)
Total wall-clock time used: 89.842 sec (0h:1m:29s)

===> START JACKKNIFE REPLICATE NUMBER 403

Creating jackknife alignment (seed: 786129)...
Reading input tree file gl_output_rmq.fasta.raxml.bestTree ...

NOTE: 7 MB RAM (0 GB) is required!
Estimate model parameters (epsilon = 0.010)
1. Initial log-likelihood: -40967.625
2. Current log-likelihood: -40866.035
3. Current log-likelihood: -40866.004
Optimal log-likelihood: -40866.002
Rate parameters:  A-C: 1.00000  A-G: 2.73136  A-T: 1.00000  C-G: 1.00000  C-T: 2.73136  G-T: 1.00000
Base frequencies:  A: 0.289  C: 0.209  G: 0.225  T: 0.278
Parameters optimization took 3 rounds (0.094 sec)
Wrote distance file to... 
BEST SCORE FOUND : -40866.002
Total tree length: 0.021

Total number of iterations: 0
CPU time used for tree search: 0.000 sec (0h:0m:0s)
Wall-clock time used for tree search: 0.000 sec (0h:0m:0s)
Total CPU time used: 236.061 sec (0h:3m:56s)
Total wall-clock time used: 89.991 sec (0h:1m:29s)

===> START JACKKNIFE REPLICATE NUMBER 404

Creating jackknife alignment (seed: 786130)...
Reading input tree file gl_output_rmq.fasta.raxml.bestTree ...

NOTE: 7 MB RAM (0 GB) is required!
Estimate model parameters (epsilon = 0.010)
1. Initial log-likelihood: -40764.327
2. Current log-likelihood: -40696.519
3. Current log-likelihood: -40696.475
Optimal log-likelihood: -40696.475
Rate parameters:  A-C: 1.00000  A-G: 2.11383  A-T: 1.00000  C-G: 1.00000  C-T: 2.11383  G-T: 1.00000
Base frequencies:  A: 0.284  C: 0.210  G: 0.224  T: 0.282
Parameters optimization took 3 rounds (0.097 sec)
Wrote distance file to... 
BEST SCORE FOUND : -40696.475
Total tree length: 0.020

Total number of iterations: 0
CPU time used for tree search: 0.000 sec (0h:0m:0s)
Wall-clock time used for tree search: 0.000 sec (0h:0m:0s)
Total CPU time used: 236.485 sec (0h:3m:56s)
Total wall-clock time used: 90.145 sec (0h:1m:30s)

===> START JACKKNIFE REPLICATE NUMBER 405

Creating jackknife alignment (seed: 786131)...
Reading input tree file gl_output_rmq.fasta.raxml.bestTree ...

NOTE: 7 MB RAM (0 GB) is required!
Estimate model parameters (epsilon = 0.010)
1. Initial log-likelihood: -41243.208
2. Current log-likelihood: -41146.902
3. Current log-likelihood: -41146.711
4. Current log-likelihood: -41146.625
Optimal log-likelihood: -41146.620
Rate parameters:  A-C: 1.00000  A-G: 2.63819  A-T: 1.00000  C-G: 1.00000  C-T: 2.63819  G-T: 1.00000
Base frequencies:  A: 0.283  C: 0.212  G: 0.228  T: 0.277
Parameters optimization took 4 rounds (0.140 sec)
Wrote distance file to... 
BEST SCORE FOUND : -41146.620
Total tree length: 0.022

Total number of iterations: 0
CPU time used for tree search: 0.000 sec (0h:0m:0s)
Wall-clock time used for tree search: 0.000 sec (0h:0m:0s)
Total CPU time used: 237.037 sec (0h:3m:57s)
Total wall-clock time used: 90.343 sec (0h:1m:30s)

===> START JACKKNIFE REPLICATE NUMBER 406

Creating jackknife alignment (seed: 786132)...
Reading input tree file gl_output_rmq.fasta.raxml.bestTree ...

NOTE: 7 MB RAM (0 GB) is required!
Estimate model parameters (epsilon = 0.010)
1. Initial log-likelihood: -41000.524
2. Current log-likelihood: -40896.280
3. Current log-likelihood: -40896.262
Optimal log-likelihood: -40896.260
Rate parameters:  A-C: 1.00000  A-G: 2.75202  A-T: 1.00000  C-G: 1.00000  C-T: 2.75202  G-T: 1.00000
Base frequencies:  A: 0.285  C: 0.213  G: 0.226  T: 0.277
Parameters optimization took 3 rounds (0.104 sec)
Wrote distance file to... 
BEST SCORE FOUND : -40896.260
Total tree length: 0.021

Total number of iterations: 0
CPU time used for tree search: 0.000 sec (0h:0m:0s)
Wall-clock time used for tree search: 0.000 sec (0h:0m:0s)
Total CPU time used: 237.505 sec (0h:3m:57s)
Total wall-clock time used: 90.512 sec (0h:1m:30s)

===> START JACKKNIFE REPLICATE NUMBER 407

Creating jackknife alignment (seed: 786133)...
Reading input tree file gl_output_rmq.fasta.raxml.bestTree ...

NOTE: 7 MB RAM (0 GB) is required!
Estimate model parameters (epsilon = 0.010)
1. Initial log-likelihood: -40987.045
2. Current log-likelihood: -40901.098
3. Current log-likelihood: -40900.824
Optimal log-likelihood: -40900.813
Rate parameters:  A-C: 1.00000  A-G: 2.46330  A-T: 1.00000  C-G: 1.00000  C-T: 2.46330  G-T: 1.00000
Base frequencies:  A: 0.279  C: 0.209  G: 0.229  T: 0.282
Parameters optimization took 3 rounds (0.108 sec)
Wrote distance file to... 
BEST SCORE FOUND : -40900.813
Total tree length: 0.021

Total number of iterations: 0
CPU time used for tree search: 0.000 sec (0h:0m:0s)
Wall-clock time used for tree search: 0.000 sec (0h:0m:0s)
Total CPU time used: 237.962 sec (0h:3m:57s)
Total wall-clock time used: 90.678 sec (0h:1m:30s)

===> START JACKKNIFE REPLICATE NUMBER 408

Creating jackknife alignment (seed: 786134)...
Reading input tree file gl_output_rmq.fasta.raxml.bestTree ...

NOTE: 7 MB RAM (0 GB) is required!
Estimate model parameters (epsilon = 0.010)
1. Initial log-likelihood: -40963.653
2. Current log-likelihood: -40875.326
Optimal log-likelihood: -40875.315
Rate parameters:  A-C: 1.00000  A-G: 2.26292  A-T: 1.00000  C-G: 1.00000  C-T: 2.26292  G-T: 1.00000
Base frequencies:  A: 0.281  C: 0.211  G: 0.229  T: 0.278
Parameters optimization took 2 rounds (0.076 sec)
Wrote distance file to... 
BEST SCORE FOUND : -40875.315
Total tree length: 0.021

Total number of iterations: 0
CPU time used for tree search: 0.000 sec (0h:0m:0s)
Wall-clock time used for tree search: 0.000 sec (0h:0m:0s)
Total CPU time used: 238.331 sec (0h:3m:58s)
Total wall-clock time used: 90.813 sec (0h:1m:30s)

===> START JACKKNIFE REPLICATE NUMBER 409

Creating jackknife alignment (seed: 786135)...
Reading input tree file gl_output_rmq.fasta.raxml.bestTree ...

NOTE: 7 MB RAM (0 GB) is required!
Estimate model parameters (epsilon = 0.010)
1. Initial log-likelihood: -41231.507
2. Current log-likelihood: -41147.206
3. Current log-likelihood: -41147.169
Optimal log-likelihood: -41147.169
Rate parameters:  A-C: 1.00000  A-G: 2.31952  A-T: 1.00000  C-G: 1.00000  C-T: 2.31952  G-T: 1.00000
Base frequencies:  A: 0.283  C: 0.210  G: 0.227  T: 0.279
Parameters optimization took 3 rounds (0.090 sec)
Wrote distance file to... 
BEST SCORE FOUND : -41147.169
Total tree length: 0.022

Total number of iterations: 0
CPU time used for tree search: 0.000 sec (0h:0m:0s)
Wall-clock time used for tree search: 0.000 sec (0h:0m:0s)
Total CPU time used: 238.730 sec (0h:3m:58s)
Total wall-clock time used: 90.958 sec (0h:1m:30s)

===> START JACKKNIFE REPLICATE NUMBER 410

Creating jackknife alignment (seed: 786136)...
Reading input tree file gl_output_rmq.fasta.raxml.bestTree ...

NOTE: 7 MB RAM (0 GB) is required!
Estimate model parameters (epsilon = 0.010)
1. Initial log-likelihood: -41038.269
2. Current log-likelihood: -40942.059
3. Current log-likelihood: -40941.814
Optimal log-likelihood: -40941.796
Rate parameters:  A-C: 1.00000  A-G: 2.74293  A-T: 1.00000  C-G: 1.00000  C-T: 2.74293  G-T: 1.00000
Base frequencies:  A: 0.282  C: 0.209  G: 0.225  T: 0.284
Parameters optimization took 3 rounds (0.094 sec)
Wrote distance file to... 
BEST SCORE FOUND : -40941.796
Total tree length: 0.022

Total number of iterations: 0
CPU time used for tree search: 0.000 sec (0h:0m:0s)
Wall-clock time used for tree search: 0.000 sec (0h:0m:0s)
Total CPU time used: 239.146 sec (0h:3m:59s)
Total wall-clock time used: 91.110 sec (0h:1m:31s)

===> START JACKKNIFE REPLICATE NUMBER 411

Creating jackknife alignment (seed: 786137)...
Reading input tree file gl_output_rmq.fasta.raxml.bestTree ...

NOTE: 7 MB RAM (0 GB) is required!
Estimate model parameters (epsilon = 0.010)
1. Initial log-likelihood: -40865.695
2. Current log-likelihood: -40766.361
3. Current log-likelihood: -40766.313
4. Current log-likelihood: -40766.277
5. Current log-likelihood: -40766.267
Optimal log-likelihood: -40766.265
Rate parameters:  A-C: 1.00000  A-G: 2.68888  A-T: 1.00000  C-G: 1.00000  C-T: 2.68888  G-T: 1.00000
Base frequencies:  A: 0.283  C: 0.211  G: 0.227  T: 0.279
Parameters optimization took 5 rounds (0.131 sec)
Wrote distance file to... 
BEST SCORE FOUND : -40766.265
Total tree length: 0.021

Total number of iterations: 0
CPU time used for tree search: 0.000 sec (0h:0m:0s)
Wall-clock time used for tree search: 0.000 sec (0h:0m:0s)
Total CPU time used: 239.675 sec (0h:3m:59s)
Total wall-clock time used: 91.298 sec (0h:1m:31s)

===> START JACKKNIFE REPLICATE NUMBER 412

Creating jackknife alignment (seed: 786138)...
Reading input tree file gl_output_rmq.fasta.raxml.bestTree ...

NOTE: 7 MB RAM (0 GB) is required!
Estimate model parameters (epsilon = 0.010)
1. Initial log-likelihood: -41141.759
2. Current log-likelihood: -41060.759
3. Current log-likelihood: -41060.733
Optimal log-likelihood: -41060.733
Rate parameters:  A-C: 1.00000  A-G: 2.38967  A-T: 1.00000  C-G: 1.00000  C-T: 2.38967  G-T: 1.00000
Base frequencies:  A: 0.281  C: 0.212  G: 0.226  T: 0.280
Parameters optimization took 3 rounds (0.080 sec)
Wrote distance file to... 
BEST SCORE FOUND : -41060.733
Total tree length: 0.022

Total number of iterations: 0
CPU time used for tree search: 0.000 sec (0h:0m:0s)
Wall-clock time used for tree search: 0.000 sec (0h:0m:0s)
Total CPU time used: 240.052 sec (0h:4m:0s)
Total wall-clock time used: 91.435 sec (0h:1m:31s)

===> START JACKKNIFE REPLICATE NUMBER 413

Creating jackknife alignment (seed: 786139)...
Reading input tree file gl_output_rmq.fasta.raxml.bestTree ...

NOTE: 7 MB RAM (0 GB) is required!
Estimate model parameters (epsilon = 0.010)
1. Initial log-likelihood: -40983.677
2. Current log-likelihood: -40898.283
3. Current log-likelihood: -40898.161
4. Current log-likelihood: -40898.107
Optimal log-likelihood: -40898.107
Rate parameters:  A-C: 1.00000  A-G: 2.20036  A-T: 1.00000  C-G: 1.00000  C-T: 2.20036  G-T: 1.00000
Base frequencies:  A: 0.280  C: 0.211  G: 0.227  T: 0.281
Parameters optimization took 4 rounds (0.123 sec)
Wrote distance file to... 
BEST SCORE FOUND : -40898.107
Total tree length: 0.021

Total number of iterations: 0
CPU time used for tree search: 0.000 sec (0h:0m:0s)
Wall-clock time used for tree search: 0.000 sec (0h:0m:0s)
Total CPU time used: 240.559 sec (0h:4m:0s)
Total wall-clock time used: 91.616 sec (0h:1m:31s)

===> START JACKKNIFE REPLICATE NUMBER 414

Creating jackknife alignment (seed: 786140)...
Reading input tree file gl_output_rmq.fasta.raxml.bestTree ...

NOTE: 7 MB RAM (0 GB) is required!
Estimate model parameters (epsilon = 0.010)
1. Initial log-likelihood: -40734.013
2. Current log-likelihood: -40641.509
3. Current log-likelihood: -40641.463
Optimal log-likelihood: -40641.463
Rate parameters:  A-C: 1.00000  A-G: 2.39669  A-T: 1.00000  C-G: 1.00000  C-T: 2.39669  G-T: 1.00000
Base frequencies:  A: 0.284  C: 0.212  G: 0.224  T: 0.280
Parameters optimization took 3 rounds (0.087 sec)
Wrote distance file to... 
BEST SCORE FOUND : -40641.463
Total tree length: 0.020

Total number of iterations: 0
CPU time used for tree search: 0.000 sec (0h:0m:0s)
Wall-clock time used for tree search: 0.000 sec (0h:0m:0s)
Total CPU time used: 240.956 sec (0h:4m:0s)
Total wall-clock time used: 91.761 sec (0h:1m:31s)

===> START JACKKNIFE REPLICATE NUMBER 415

Creating jackknife alignment (seed: 786141)...
Reading input tree file gl_output_rmq.fasta.raxml.bestTree ...

NOTE: 7 MB RAM (0 GB) is required!
Estimate model parameters (epsilon = 0.010)
1. Initial log-likelihood: -40443.043
2. Current log-likelihood: -40362.495
3. Current log-likelihood: -40362.201
4. Current log-likelihood: -40362.181
Optimal log-likelihood: -40362.181
Rate parameters:  A-C: 1.00000  A-G: 2.16665  A-T: 1.00000  C-G: 1.00000  C-T: 2.16665  G-T: 1.00000
Base frequencies:  A: 0.284  C: 0.206  G: 0.228  T: 0.282
Parameters optimization took 4 rounds (0.116 sec)
Wrote distance file to... 
BEST SCORE FOUND : -40362.181
Total tree length: 0.019

Total number of iterations: 0
CPU time used for tree search: 0.000 sec (0h:0m:0s)
Wall-clock time used for tree search: 0.000 sec (0h:0m:0s)
Total CPU time used: 241.437 sec (0h:4m:1s)
Total wall-clock time used: 91.934 sec (0h:1m:31s)

===> START JACKKNIFE REPLICATE NUMBER 416

Creating jackknife alignment (seed: 786142)...
Reading input tree file gl_output_rmq.fasta.raxml.bestTree ...

NOTE: 7 MB RAM (0 GB) is required!
Estimate model parameters (epsilon = 0.010)
1. Initial log-likelihood: -40962.258
2. Current log-likelihood: -40873.905
3. Current log-likelihood: -40873.860
Optimal log-likelihood: -40873.859
Rate parameters:  A-C: 1.00000  A-G: 2.27417  A-T: 1.00000  C-G: 1.00000  C-T: 2.27417  G-T: 1.00000
Base frequencies:  A: 0.283  C: 0.212  G: 0.226  T: 0.280
Parameters optimization took 3 rounds (0.097 sec)
Wrote distance file to... 
BEST SCORE FOUND : -40873.859
Total tree length: 0.021

Total number of iterations: 0
CPU time used for tree search: 0.000 sec (0h:0m:0s)
Wall-clock time used for tree search: 0.000 sec (0h:0m:0s)
Total CPU time used: 241.871 sec (0h:4m:1s)
Total wall-clock time used: 92.092 sec (0h:1m:32s)

===> START JACKKNIFE REPLICATE NUMBER 417

Creating jackknife alignment (seed: 786143)...
Reading input tree file gl_output_rmq.fasta.raxml.bestTree ...

NOTE: 7 MB RAM (0 GB) is required!
Estimate model parameters (epsilon = 0.010)
1. Initial log-likelihood: -40743.664
2. Current log-likelihood: -40633.223
3. Current log-likelihood: -40633.105
4. Current log-likelihood: -40633.093
Optimal log-likelihood: -40633.092
Rate parameters:  A-C: 1.00000  A-G: 2.89700  A-T: 1.00000  C-G: 1.00000  C-T: 2.89700  G-T: 1.00000
Base frequencies:  A: 0.283  C: 0.212  G: 0.226  T: 0.279
Parameters optimization took 4 rounds (0.101 sec)
Wrote distance file to... 
BEST SCORE FOUND : -40633.092
Total tree length: 0.020

Total number of iterations: 0
CPU time used for tree search: 0.000 sec (0h:0m:0s)
Wall-clock time used for tree search: 0.000 sec (0h:0m:0s)
Total CPU time used: 242.306 sec (0h:4m:2s)
Total wall-clock time used: 92.249 sec (0h:1m:32s)

===> START JACKKNIFE REPLICATE NUMBER 418

Creating jackknife alignment (seed: 786144)...
Reading input tree file gl_output_rmq.fasta.raxml.bestTree ...

NOTE: 7 MB RAM (0 GB) is required!
Estimate model parameters (epsilon = 0.010)
1. Initial log-likelihood: -41092.478
2. Current log-likelihood: -41023.299
Optimal log-likelihood: -41023.295
Rate parameters:  A-C: 1.00000  A-G: 2.17297  A-T: 1.00000  C-G: 1.00000  C-T: 2.17297  G-T: 1.00000
Base frequencies:  A: 0.284  C: 0.209  G: 0.227  T: 0.281
Parameters optimization took 2 rounds (0.070 sec)
Wrote distance file to... 
BEST SCORE FOUND : -41023.295
Total tree length: 0.022

Total number of iterations: 0
CPU time used for tree search: 0.000 sec (0h:0m:0s)
Wall-clock time used for tree search: 0.000 sec (0h:0m:0s)
Total CPU time used: 242.650 sec (0h:4m:2s)
Total wall-clock time used: 92.375 sec (0h:1m:32s)

===> START JACKKNIFE REPLICATE NUMBER 419

Creating jackknife alignment (seed: 786145)...
Reading input tree file gl_output_rmq.fasta.raxml.bestTree ...

NOTE: 7 MB RAM (0 GB) is required!
Estimate model parameters (epsilon = 0.010)
1. Initial log-likelihood: -41072.037
2. Current log-likelihood: -40983.811
3. Current log-likelihood: -40983.637
Optimal log-likelihood: -40983.634
Rate parameters:  A-C: 1.00000  A-G: 2.42012  A-T: 1.00000  C-G: 1.00000  C-T: 2.42012  G-T: 1.00000
Base frequencies:  A: 0.283  C: 0.211  G: 0.223  T: 0.283
Parameters optimization took 3 rounds (0.090 sec)
Wrote distance file to... 
BEST SCORE FOUND : -40983.634
Total tree length: 0.022

Total number of iterations: 0
CPU time used for tree search: 0.000 sec (0h:0m:0s)
Wall-clock time used for tree search: 0.000 sec (0h:0m:0s)
Total CPU time used: 243.053 sec (0h:4m:3s)
Total wall-clock time used: 92.521 sec (0h:1m:32s)

===> START JACKKNIFE REPLICATE NUMBER 420

Creating jackknife alignment (seed: 786146)...
Reading input tree file gl_output_rmq.fasta.raxml.bestTree ...

NOTE: 7 MB RAM (0 GB) is required!
Estimate model parameters (epsilon = 0.010)
1. Initial log-likelihood: -40907.776
2. Current log-likelihood: -40814.470
3. Current log-likelihood: -40814.352
Optimal log-likelihood: -40814.336
Rate parameters:  A-C: 1.00000  A-G: 2.64267  A-T: 1.00000  C-G: 1.00000  C-T: 2.64267  G-T: 1.00000
Base frequencies:  A: 0.284  C: 0.209  G: 0.229  T: 0.278
Parameters optimization took 3 rounds (0.089 sec)
Wrote distance file to... 
BEST SCORE FOUND : -40814.336
Total tree length: 0.020

Total number of iterations: 0
CPU time used for tree search: 0.000 sec (0h:0m:0s)
Wall-clock time used for tree search: 0.000 sec (0h:0m:0s)
Total CPU time used: 243.462 sec (0h:4m:3s)
Total wall-clock time used: 92.670 sec (0h:1m:32s)

===> START JACKKNIFE REPLICATE NUMBER 421

Creating jackknife alignment (seed: 786147)...
Reading input tree file gl_output_rmq.fasta.raxml.bestTree ...

NOTE: 7 MB RAM (0 GB) is required!
Estimate model parameters (epsilon = 0.010)
1. Initial log-likelihood: -40834.555
2. Current log-likelihood: -40753.940
3. Current log-likelihood: -40753.854
Optimal log-likelihood: -40753.854
Rate parameters:  A-C: 1.00000  A-G: 2.25181  A-T: 1.00000  C-G: 1.00000  C-T: 2.25181  G-T: 1.00000
Base frequencies:  A: 0.282  C: 0.211  G: 0.226  T: 0.280
Parameters optimization took 3 rounds (0.099 sec)
Wrote distance file to... 
BEST SCORE FOUND : -40753.854
Total tree length: 0.021

Total number of iterations: 0
CPU time used for tree search: 0.000 sec (0h:0m:0s)
Wall-clock time used for tree search: 0.000 sec (0h:0m:0s)
Total CPU time used: 243.899 sec (0h:4m:3s)
Total wall-clock time used: 92.833 sec (0h:1m:32s)

===> START JACKKNIFE REPLICATE NUMBER 422

Creating jackknife alignment (seed: 786148)...
Reading input tree file gl_output_rmq.fasta.raxml.bestTree ...

NOTE: 7 MB RAM (0 GB) is required!
Estimate model parameters (epsilon = 0.010)
1. Initial log-likelihood: -40997.669
2. Current log-likelihood: -40901.905
3. Current log-likelihood: -40901.857
Optimal log-likelihood: -40901.854
Rate parameters:  A-C: 1.00000  A-G: 2.62594  A-T: 1.00000  C-G: 1.00000  C-T: 2.62594  G-T: 1.00000
Base frequencies:  A: 0.282  C: 0.214  G: 0.223  T: 0.281
Parameters optimization took 3 rounds (0.092 sec)
Wrote distance file to... 
BEST SCORE FOUND : -40901.854
Total tree length: 0.021

Total number of iterations: 0
CPU time used for tree search: 0.000 sec (0h:0m:0s)
Wall-clock time used for tree search: 0.000 sec (0h:0m:0s)
Total CPU time used: 244.306 sec (0h:4m:4s)
Total wall-clock time used: 92.979 sec (0h:1m:32s)

===> START JACKKNIFE REPLICATE NUMBER 423

Creating jackknife alignment (seed: 786149)...
Reading input tree file gl_output_rmq.fasta.raxml.bestTree ...

NOTE: 7 MB RAM (0 GB) is required!
Estimate model parameters (epsilon = 0.010)
1. Initial log-likelihood: -41015.942
2. Current log-likelihood: -40924.937
3. Current log-likelihood: -40924.909
4. Current log-likelihood: -40924.891
Optimal log-likelihood: -40924.891
Rate parameters:  A-C: 1.00000  A-G: 2.47369  A-T: 1.00000  C-G: 1.00000  C-T: 2.47369  G-T: 1.00000
Base frequencies:  A: 0.284  C: 0.211  G: 0.228  T: 0.277
Parameters optimization took 4 rounds (0.118 sec)
Wrote distance file to... 
BEST SCORE FOUND : -40924.891
Total tree length: 0.021

Total number of iterations: 0
CPU time used for tree search: 0.000 sec (0h:0m:0s)
Wall-clock time used for tree search: 0.000 sec (0h:0m:0s)
Total CPU time used: 244.793 sec (0h:4m:4s)
Total wall-clock time used: 93.155 sec (0h:1m:33s)

===> START JACKKNIFE REPLICATE NUMBER 424

Creating jackknife alignment (seed: 786150)...
Reading input tree file gl_output_rmq.fasta.raxml.bestTree ...

NOTE: 7 MB RAM (0 GB) is required!
Estimate model parameters (epsilon = 0.010)
1. Initial log-likelihood: -41080.317
2. Current log-likelihood: -40999.984
3. Current log-likelihood: -40999.785
4. Current log-likelihood: -40999.760
Optimal log-likelihood: -40999.760
Rate parameters:  A-C: 1.00000  A-G: 2.28517  A-T: 1.00000  C-G: 1.00000  C-T: 2.28517  G-T: 1.00000
Base frequencies:  A: 0.281  C: 0.208  G: 0.230  T: 0.281
Parameters optimization took 4 rounds (0.135 sec)
Wrote distance file to... 
BEST SCORE FOUND : -40999.760
Total tree length: 0.021

Total number of iterations: 0
CPU time used for tree search: 0.000 sec (0h:0m:0s)
Wall-clock time used for tree search: 0.000 sec (0h:0m:0s)
Total CPU time used: 245.340 sec (0h:4m:5s)
Total wall-clock time used: 93.364 sec (0h:1m:33s)

===> START JACKKNIFE REPLICATE NUMBER 425

Creating jackknife alignment (seed: 786151)...
Reading input tree file gl_output_rmq.fasta.raxml.bestTree ...

NOTE: 7 MB RAM (0 GB) is required!
Estimate model parameters (epsilon = 0.010)
1. Initial log-likelihood: -41072.103
2. Current log-likelihood: -40985.913
3. Current log-likelihood: -40985.563
Optimal log-likelihood: -40985.563
Rate parameters:  A-C: 1.00000  A-G: 2.37022  A-T: 1.00000  C-G: 1.00000  C-T: 2.37022  G-T: 1.00000
Base frequencies:  A: 0.284  C: 0.210  G: 0.224  T: 0.282
Parameters optimization took 3 rounds (0.113 sec)
Wrote distance file to... 
BEST SCORE FOUND : -40985.563
Total tree length: 0.022

Total number of iterations: 0
CPU time used for tree search: 0.000 sec (0h:0m:0s)
Wall-clock time used for tree search: 0.000 sec (0h:0m:0s)
Total CPU time used: 245.815 sec (0h:4m:5s)
Total wall-clock time used: 93.534 sec (0h:1m:33s)

===> START JACKKNIFE REPLICATE NUMBER 426

Creating jackknife alignment (seed: 786152)...
Reading input tree file gl_output_rmq.fasta.raxml.bestTree ...

NOTE: 7 MB RAM (0 GB) is required!
Estimate model parameters (epsilon = 0.010)
1. Initial log-likelihood: -40550.865
2. Current log-likelihood: -40462.660
3. Current log-likelihood: -40462.463
Optimal log-likelihood: -40462.463
Rate parameters:  A-C: 1.00000  A-G: 2.16271  A-T: 1.00000  C-G: 1.00000  C-T: 2.16271  G-T: 1.00000
Base frequencies:  A: 0.284  C: 0.206  G: 0.229  T: 0.281
Parameters optimization took 3 rounds (0.097 sec)
Wrote distance file to... 
BEST SCORE FOUND : -40462.463
Total tree length: 0.019

Total number of iterations: 0
CPU time used for tree search: 0.000 sec (0h:0m:0s)
Wall-clock time used for tree search: 0.000 sec (0h:0m:0s)
Total CPU time used: 246.236 sec (0h:4m:6s)
Total wall-clock time used: 93.687 sec (0h:1m:33s)

===> START JACKKNIFE REPLICATE NUMBER 427

Creating jackknife alignment (seed: 786153)...
Reading input tree file gl_output_rmq.fasta.raxml.bestTree ...

NOTE: 8 MB RAM (0 GB) is required!
Estimate model parameters (epsilon = 0.010)
1. Initial log-likelihood: -41295.600
2. Current log-likelihood: -41221.275
3. Current log-likelihood: -41221.259
Optimal log-likelihood: -41221.258
Rate parameters:  A-C: 1.00000  A-G: 2.18981  A-T: 1.00000  C-G: 1.00000  C-T: 2.18981  G-T: 1.00000
Base frequencies:  A: 0.283  C: 0.212  G: 0.225  T: 0.280
Parameters optimization took 3 rounds (0.095 sec)
Wrote distance file to... 
BEST SCORE FOUND : -41221.258
Total tree length: 0.023

Total number of iterations: 0
CPU time used for tree search: 0.000 sec (0h:0m:0s)
Wall-clock time used for tree search: 0.000 sec (0h:0m:0s)
Total CPU time used: 246.666 sec (0h:4m:6s)
Total wall-clock time used: 93.842 sec (0h:1m:33s)

===> START JACKKNIFE REPLICATE NUMBER 428

Creating jackknife alignment (seed: 786154)...
Reading input tree file gl_output_rmq.fasta.raxml.bestTree ...

NOTE: 7 MB RAM (0 GB) is required!
Estimate model parameters (epsilon = 0.010)
1. Initial log-likelihood: -41096.474
2. Current log-likelihood: -41010.078
3. Current log-likelihood: -41009.981
Optimal log-likelihood: -41009.981
Rate parameters:  A-C: 1.00000  A-G: 2.27652  A-T: 1.00000  C-G: 1.00000  C-T: 2.27652  G-T: 1.00000
Base frequencies:  A: 0.282  C: 0.209  G: 0.226  T: 0.284
Parameters optimization took 3 rounds (0.093 sec)
Wrote distance file to... 
BEST SCORE FOUND : -41009.981
Total tree length: 0.022

Total number of iterations: 0
CPU time used for tree search: 0.000 sec (0h:0m:0s)
Wall-clock time used for tree search: 0.000 sec (0h:0m:0s)
Total CPU time used: 247.079 sec (0h:4m:7s)
Total wall-clock time used: 93.994 sec (0h:1m:33s)

===> START JACKKNIFE REPLICATE NUMBER 429

Creating jackknife alignment (seed: 786155)...
Reading input tree file gl_output_rmq.fasta.raxml.bestTree ...

NOTE: 7 MB RAM (0 GB) is required!
Estimate model parameters (epsilon = 0.010)
1. Initial log-likelihood: -41140.285
2. Current log-likelihood: -41047.549
3. Current log-likelihood: -41046.347
Optimal log-likelihood: -41046.341
Rate parameters:  A-C: 1.00000  A-G: 2.63914  A-T: 1.00000  C-G: 1.00000  C-T: 2.63914  G-T: 1.00000
Base frequencies:  A: 0.284  C: 0.212  G: 0.225  T: 0.280
Parameters optimization took 3 rounds (0.093 sec)
Wrote distance file to... 
BEST SCORE FOUND : -41046.341
Total tree length: 0.022

Total number of iterations: 0
CPU time used for tree search: 0.000 sec (0h:0m:0s)
Wall-clock time used for tree search: 0.000 sec (0h:0m:0s)
Total CPU time used: 247.493 sec (0h:4m:7s)
Total wall-clock time used: 94.144 sec (0h:1m:34s)

===> START JACKKNIFE REPLICATE NUMBER 430

Creating jackknife alignment (seed: 786156)...
Reading input tree file gl_output_rmq.fasta.raxml.bestTree ...

NOTE: 7 MB RAM (0 GB) is required!
Estimate model parameters (epsilon = 0.010)
1. Initial log-likelihood: -41023.879
2. Current log-likelihood: -40939.541
3. Current log-likelihood: -40939.366
Optimal log-likelihood: -40939.365
Rate parameters:  A-C: 1.00000  A-G: 2.56395  A-T: 1.00000  C-G: 1.00000  C-T: 2.56395  G-T: 1.00000
Base frequencies:  A: 0.280  C: 0.214  G: 0.229  T: 0.277
Parameters optimization took 3 rounds (0.115 sec)
Wrote distance file to... 
BEST SCORE FOUND : -40939.365
Total tree length: 0.021

Total number of iterations: 0
CPU time used for tree search: 0.000 sec (0h:0m:0s)
Wall-clock time used for tree search: 0.000 sec (0h:0m:0s)
Total CPU time used: 247.972 sec (0h:4m:7s)
Total wall-clock time used: 94.318 sec (0h:1m:34s)

===> START JACKKNIFE REPLICATE NUMBER 431

Creating jackknife alignment (seed: 786157)...
Reading input tree file gl_output_rmq.fasta.raxml.bestTree ...

NOTE: 7 MB RAM (0 GB) is required!
Estimate model parameters (epsilon = 0.010)
1. Initial log-likelihood: -40613.493
2. Current log-likelihood: -40520.925
3. Current log-likelihood: -40520.734
Optimal log-likelihood: -40520.733
Rate parameters:  A-C: 1.00000  A-G: 2.45843  A-T: 1.00000  C-G: 1.00000  C-T: 2.45843  G-T: 1.00000
Base frequencies:  A: 0.279  C: 0.209  G: 0.230  T: 0.282
Parameters optimization took 3 rounds (0.121 sec)
Wrote distance file to... 
BEST SCORE FOUND : -40520.733
Total tree length: 0.019

Total number of iterations: 0
CPU time used for tree search: 0.000 sec (0h:0m:0s)
Wall-clock time used for tree search: 0.000 sec (0h:0m:0s)
Total CPU time used: 248.469 sec (0h:4m:8s)
Total wall-clock time used: 94.497 sec (0h:1m:34s)

===> START JACKKNIFE REPLICATE NUMBER 432

Creating jackknife alignment (seed: 786158)...
Reading input tree file gl_output_rmq.fasta.raxml.bestTree ...

NOTE: 8 MB RAM (0 GB) is required!
Estimate model parameters (epsilon = 0.010)
1. Initial log-likelihood: -41226.353
2. Current log-likelihood: -41141.024
3. Current log-likelihood: -41141.004
Optimal log-likelihood: -41141.004
Rate parameters:  A-C: 1.00000  A-G: 2.39444  A-T: 1.00000  C-G: 1.00000  C-T: 2.39444  G-T: 1.00000
Base frequencies:  A: 0.282  C: 0.210  G: 0.226  T: 0.282
Parameters optimization took 3 rounds (0.104 sec)
Wrote distance file to... 
BEST SCORE FOUND : -41141.004
Total tree length: 0.022

Total number of iterations: 0
CPU time used for tree search: 0.000 sec (0h:0m:0s)
Wall-clock time used for tree search: 0.000 sec (0h:0m:0s)
Total CPU time used: 248.916 sec (0h:4m:8s)
Total wall-clock time used: 94.659 sec (0h:1m:34s)

===> START JACKKNIFE REPLICATE NUMBER 433

Creating jackknife alignment (seed: 786159)...
Reading input tree file gl_output_rmq.fasta.raxml.bestTree ...

NOTE: 7 MB RAM (0 GB) is required!
Estimate model parameters (epsilon = 0.010)
1. Initial log-likelihood: -41155.143
2. Current log-likelihood: -41053.872
3. Current log-likelihood: -41053.857
Optimal log-likelihood: -41053.855
Rate parameters:  A-C: 1.00000  A-G: 2.61242  A-T: 1.00000  C-G: 1.00000  C-T: 2.61242  G-T: 1.00000
Base frequencies:  A: 0.285  C: 0.209  G: 0.226  T: 0.280
Parameters optimization took 3 rounds (0.115 sec)
Wrote distance file to... 
BEST SCORE FOUND : -41053.855
Total tree length: 0.022

Total number of iterations: 0
CPU time used for tree search: 0.000 sec (0h:0m:0s)
Wall-clock time used for tree search: 0.000 sec (0h:0m:0s)
Total CPU time used: 249.390 sec (0h:4m:9s)
Total wall-clock time used: 94.830 sec (0h:1m:34s)

===> START JACKKNIFE REPLICATE NUMBER 434

Creating jackknife alignment (seed: 786160)...
Reading input tree file gl_output_rmq.fasta.raxml.bestTree ...

NOTE: 7 MB RAM (0 GB) is required!
Estimate model parameters (epsilon = 0.010)
1. Initial log-likelihood: -40797.967
2. Current log-likelihood: -40688.570
3. Current log-likelihood: -40688.493
Optimal log-likelihood: -40688.492
Rate parameters:  A-C: 1.00000  A-G: 2.83514  A-T: 1.00000  C-G: 1.00000  C-T: 2.83514  G-T: 1.00000
Base frequencies:  A: 0.282  C: 0.211  G: 0.226  T: 0.281
Parameters optimization took 3 rounds (0.094 sec)
Wrote distance file to... 
BEST SCORE FOUND : -40688.492
Total tree length: 0.020

Total number of iterations: 0
CPU time used for tree search: 0.000 sec (0h:0m:0s)
Wall-clock time used for tree search: 0.000 sec (0h:0m:0s)
Total CPU time used: 249.806 sec (0h:4m:9s)
Total wall-clock time used: 94.982 sec (0h:1m:34s)

===> START JACKKNIFE REPLICATE NUMBER 435

Creating jackknife alignment (seed: 786161)...
Reading input tree file gl_output_rmq.fasta.raxml.bestTree ...

NOTE: 8 MB RAM (0 GB) is required!
Estimate model parameters (epsilon = 0.010)
1. Initial log-likelihood: -41435.088
2. Current log-likelihood: -41345.554
3. Current log-likelihood: -41345.485
Optimal log-likelihood: -41345.485
Rate parameters:  A-C: 1.00000  A-G: 2.50336  A-T: 1.00000  C-G: 1.00000  C-T: 2.50336  G-T: 1.00000
Base frequencies:  A: 0.284  C: 0.210  G: 0.224  T: 0.282
Parameters optimization took 3 rounds (0.133 sec)
Wrote distance file to... 
BEST SCORE FOUND : -41345.485
Total tree length: 0.023

Total number of iterations: 0
CPU time used for tree search: 0.000 sec (0h:0m:0s)
Wall-clock time used for tree search: 0.000 sec (0h:0m:0s)
Total CPU time used: 250.338 sec (0h:4m:10s)
Total wall-clock time used: 95.171 sec (0h:1m:35s)

===> START JACKKNIFE REPLICATE NUMBER 436

Creating jackknife alignment (seed: 786162)...
Reading input tree file gl_output_rmq.fasta.raxml.bestTree ...

NOTE: 7 MB RAM (0 GB) is required!
Estimate model parameters (epsilon = 0.010)
1. Initial log-likelihood: -41071.113
2. Current log-likelihood: -40972.891
3. Current log-likelihood: -40972.814
Optimal log-likelihood: -40972.810
Rate parameters:  A-C: 1.00000  A-G: 2.65562  A-T: 1.00000  C-G: 1.00000  C-T: 2.65562  G-T: 1.00000
Base frequencies:  A: 0.283  C: 0.208  G: 0.227  T: 0.282
Parameters optimization took 3 rounds (0.102 sec)
Wrote distance file to... 
BEST SCORE FOUND : -40972.810
Total tree length: 0.022

Total number of iterations: 0
CPU time used for tree search: 0.000 sec (0h:0m:0s)
Wall-clock time used for tree search: 0.000 sec (0h:0m:0s)
Total CPU time used: 250.784 sec (0h:4m:10s)
Total wall-clock time used: 95.335 sec (0h:1m:35s)

===> START JACKKNIFE REPLICATE NUMBER 437

Creating jackknife alignment (seed: 786163)...
Reading input tree file gl_output_rmq.fasta.raxml.bestTree ...

NOTE: 7 MB RAM (0 GB) is required!
Estimate model parameters (epsilon = 0.010)
1. Initial log-likelihood: -40935.228
2. Current log-likelihood: -40849.816
3. Current log-likelihood: -40849.327
Optimal log-likelihood: -40849.327
Rate parameters:  A-C: 1.00000  A-G: 2.40015  A-T: 1.00000  C-G: 1.00000  C-T: 2.40015  G-T: 1.00000
Base frequencies:  A: 0.279  C: 0.213  G: 0.225  T: 0.284
Parameters optimization took 3 rounds (0.111 sec)
Wrote distance file to... 
BEST SCORE FOUND : -40849.327
Total tree length: 0.021

Total number of iterations: 0
CPU time used for tree search: 0.000 sec (0h:0m:0s)
Wall-clock time used for tree search: 0.000 sec (0h:0m:0s)
Total CPU time used: 251.252 sec (0h:4m:11s)
Total wall-clock time used: 95.504 sec (0h:1m:35s)

===> START JACKKNIFE REPLICATE NUMBER 438

Creating jackknife alignment (seed: 786164)...
Reading input tree file gl_output_rmq.fasta.raxml.bestTree ...

NOTE: 7 MB RAM (0 GB) is required!
Estimate model parameters (epsilon = 0.010)
1. Initial log-likelihood: -40784.913
2. Current log-likelihood: -40689.236
3. Current log-likelihood: -40689.202
Optimal log-likelihood: -40689.198
Rate parameters:  A-C: 1.00000  A-G: 2.59212  A-T: 1.00000  C-G: 1.00000  C-T: 2.59212  G-T: 1.00000
Base frequencies:  A: 0.285  C: 0.211  G: 0.226  T: 0.278
Parameters optimization took 3 rounds (0.095 sec)
Wrote distance file to... 
BEST SCORE FOUND : -40689.198
Total tree length: 0.020

Total number of iterations: 0
CPU time used for tree search: 0.000 sec (0h:0m:0s)
Wall-clock time used for tree search: 0.000 sec (0h:0m:0s)
Total CPU time used: 251.677 sec (0h:4m:11s)
Total wall-clock time used: 95.659 sec (0h:1m:35s)

===> START JACKKNIFE REPLICATE NUMBER 439

Creating jackknife alignment (seed: 786165)...
Reading input tree file gl_output_rmq.fasta.raxml.bestTree ...

NOTE: 8 MB RAM (0 GB) is required!
Estimate model parameters (epsilon = 0.010)
1. Initial log-likelihood: -41644.726
2. Current log-likelihood: -41551.532
3. Current log-likelihood: -41550.995
Optimal log-likelihood: -41550.995
Rate parameters:  A-C: 1.00000  A-G: 2.61421  A-T: 1.00000  C-G: 1.00000  C-T: 2.61421  G-T: 1.00000
Base frequencies:  A: 0.281  C: 0.211  G: 0.228  T: 0.281
Parameters optimization took 3 rounds (0.106 sec)
Wrote distance file to... 
BEST SCORE FOUND : -41550.995
Total tree length: 0.024

Total number of iterations: 0
CPU time used for tree search: 0.000 sec (0h:0m:0s)
Wall-clock time used for tree search: 0.000 sec (0h:0m:0s)
Total CPU time used: 252.137 sec (0h:4m:12s)
Total wall-clock time used: 95.826 sec (0h:1m:35s)

===> START JACKKNIFE REPLICATE NUMBER 440

Creating jackknife alignment (seed: 786166)...
Reading input tree file gl_output_rmq.fasta.raxml.bestTree ...

NOTE: 7 MB RAM (0 GB) is required!
Estimate model parameters (epsilon = 0.010)
1. Initial log-likelihood: -41219.230
2. Current log-likelihood: -41126.212
3. Current log-likelihood: -41126.094
Optimal log-likelihood: -41126.077
Rate parameters:  A-C: 1.00000  A-G: 2.49113  A-T: 1.00000  C-G: 1.00000  C-T: 2.49113  G-T: 1.00000
Base frequencies:  A: 0.282  C: 0.213  G: 0.227  T: 0.279
Parameters optimization took 3 rounds (0.109 sec)
Wrote distance file to... 
BEST SCORE FOUND : -41126.077
Total tree length: 0.022

Total number of iterations: 0
CPU time used for tree search: 0.000 sec (0h:0m:0s)
Wall-clock time used for tree search: 0.000 sec (0h:0m:0s)
Total CPU time used: 252.596 sec (0h:4m:12s)
Total wall-clock time used: 95.992 sec (0h:1m:35s)

===> START JACKKNIFE REPLICATE NUMBER 441

Creating jackknife alignment (seed: 786167)...
Reading input tree file gl_output_rmq.fasta.raxml.bestTree ...

NOTE: 7 MB RAM (0 GB) is required!
Estimate model parameters (epsilon = 0.010)
1. Initial log-likelihood: -40931.546
2. Current log-likelihood: -40835.068
3. Current log-likelihood: -40834.915
4. Current log-likelihood: -40834.891
Optimal log-likelihood: -40834.891
Rate parameters:  A-C: 1.00000  A-G: 2.34547  A-T: 1.00000  C-G: 1.00000  C-T: 2.34547  G-T: 1.00000
Base frequencies:  A: 0.283  C: 0.210  G: 0.225  T: 0.282
Parameters optimization took 4 rounds (0.158 sec)
Wrote distance file to... 
BEST SCORE FOUND : -40834.891
Total tree length: 0.021

Total number of iterations: 0
CPU time used for tree search: 0.000 sec (0h:0m:0s)
Wall-clock time used for tree search: 0.000 sec (0h:0m:0s)
Total CPU time used: 253.196 sec (0h:4m:13s)
Total wall-clock time used: 96.205 sec (0h:1m:36s)

===> START JACKKNIFE REPLICATE NUMBER 442

Creating jackknife alignment (seed: 786168)...
Reading input tree file gl_output_rmq.fasta.raxml.bestTree ...

NOTE: 7 MB RAM (0 GB) is required!
Estimate model parameters (epsilon = 0.010)
1. Initial log-likelihood: -40859.440
2. Current log-likelihood: -40781.393
3. Current log-likelihood: -40781.004
Optimal log-likelihood: -40781.004
Rate parameters:  A-C: 1.00000  A-G: 2.22607  A-T: 1.00000  C-G: 1.00000  C-T: 2.22607  G-T: 1.00000
Base frequencies:  A: 0.281  C: 0.210  G: 0.227  T: 0.282
Parameters optimization took 3 rounds (0.093 sec)
Wrote distance file to... 
BEST SCORE FOUND : -40781.004
Total tree length: 0.021

Total number of iterations: 0
CPU time used for tree search: 0.000 sec (0h:0m:0s)
Wall-clock time used for tree search: 0.000 sec (0h:0m:0s)
Total CPU time used: 253.610 sec (0h:4m:13s)
Total wall-clock time used: 96.357 sec (0h:1m:36s)

===> START JACKKNIFE REPLICATE NUMBER 443

Creating jackknife alignment (seed: 786169)...
Reading input tree file gl_output_rmq.fasta.raxml.bestTree ...

NOTE: 8 MB RAM (0 GB) is required!
Estimate model parameters (epsilon = 0.010)
1. Initial log-likelihood: -41251.814
2. Current log-likelihood: -41160.822
3. Current log-likelihood: -41160.795
Optimal log-likelihood: -41160.795
Rate parameters:  A-C: 1.00000  A-G: 2.52684  A-T: 1.00000  C-G: 1.00000  C-T: 2.52684  G-T: 1.00000
Base frequencies:  A: 0.281  C: 0.209  G: 0.231  T: 0.278
Parameters optimization took 3 rounds (0.090 sec)
Wrote distance file to... 
BEST SCORE FOUND : -41160.795
Total tree length: 0.022

Total number of iterations: 0
CPU time used for tree search: 0.000 sec (0h:0m:0s)
Wall-clock time used for tree search: 0.000 sec (0h:0m:0s)
Total CPU time used: 254.018 sec (0h:4m:14s)
Total wall-clock time used: 96.505 sec (0h:1m:36s)

===> START JACKKNIFE REPLICATE NUMBER 444

Creating jackknife alignment (seed: 786170)...
Reading input tree file gl_output_rmq.fasta.raxml.bestTree ...

NOTE: 7 MB RAM (0 GB) is required!
Estimate model parameters (epsilon = 0.010)
1. Initial log-likelihood: -40938.610
2. Current log-likelihood: -40854.488
Optimal log-likelihood: -40854.485
Rate parameters:  A-C: 1.00000  A-G: 2.42257  A-T: 1.00000  C-G: 1.00000  C-T: 2.42257  G-T: 1.00000
Base frequencies:  A: 0.287  C: 0.210  G: 0.229  T: 0.275
Parameters optimization took 2 rounds (0.065 sec)
Wrote distance file to... 
BEST SCORE FOUND : -40854.485
Total tree length: 0.021

Total number of iterations: 0
CPU time used for tree search: 0.000 sec (0h:0m:0s)
Wall-clock time used for tree search: 0.000 sec (0h:0m:0s)
Total CPU time used: 254.350 sec (0h:4m:14s)
Total wall-clock time used: 96.628 sec (0h:1m:36s)

===> START JACKKNIFE REPLICATE NUMBER 445

Creating jackknife alignment (seed: 786171)...
Reading input tree file gl_output_rmq.fasta.raxml.bestTree ...

NOTE: 7 MB RAM (0 GB) is required!
Estimate model parameters (epsilon = 0.010)
1. Initial log-likelihood: -40975.956
2. Current log-likelihood: -40873.034
3. Current log-likelihood: -40872.990
Optimal log-likelihood: -40872.987
Rate parameters:  A-C: 1.00000  A-G: 2.71121  A-T: 1.00000  C-G: 1.00000  C-T: 2.71121  G-T: 1.00000
Base frequencies:  A: 0.282  C: 0.209  G: 0.226  T: 0.283
Parameters optimization took 3 rounds (0.099 sec)
Wrote distance file to... 
BEST SCORE FOUND : -40872.987
Total tree length: 0.021

Total number of iterations: 0
CPU time used for tree search: 0.002 sec (0h:0m:0s)
Wall-clock time used for tree search: 0.000 sec (0h:0m:0s)
Total CPU time used: 254.786 sec (0h:4m:14s)
Total wall-clock time used: 96.787 sec (0h:1m:36s)

===> START JACKKNIFE REPLICATE NUMBER 446

Creating jackknife alignment (seed: 786172)...
Reading input tree file gl_output_rmq.fasta.raxml.bestTree ...

NOTE: 7 MB RAM (0 GB) is required!
Estimate model parameters (epsilon = 0.010)
1. Initial log-likelihood: -41104.455
2. Current log-likelihood: -41026.149
3. Current log-likelihood: -41026.095
Optimal log-likelihood: -41026.095
Rate parameters:  A-C: 1.00000  A-G: 2.21320  A-T: 1.00000  C-G: 1.00000  C-T: 2.21320  G-T: 1.00000
Base frequencies:  A: 0.282  C: 0.208  G: 0.228  T: 0.282
Parameters optimization took 3 rounds (0.085 sec)
Wrote distance file to... 
BEST SCORE FOUND : -41026.095
Total tree length: 0.022

Total number of iterations: 0
CPU time used for tree search: 0.000 sec (0h:0m:0s)
Wall-clock time used for tree search: 0.000 sec (0h:0m:0s)
Total CPU time used: 255.176 sec (0h:4m:15s)
Total wall-clock time used: 96.929 sec (0h:1m:36s)

===> START JACKKNIFE REPLICATE NUMBER 447

Creating jackknife alignment (seed: 786173)...
Reading input tree file gl_output_rmq.fasta.raxml.bestTree ...

NOTE: 7 MB RAM (0 GB) is required!
Estimate model parameters (epsilon = 0.010)
1. Initial log-likelihood: -40739.337
2. Current log-likelihood: -40643.254
3. Current log-likelihood: -40643.183
Optimal log-likelihood: -40643.180
Rate parameters:  A-C: 1.00000  A-G: 2.70502  A-T: 1.00000  C-G: 1.00000  C-T: 2.70502  G-T: 1.00000
Base frequencies:  A: 0.282  C: 0.211  G: 0.226  T: 0.281
Parameters optimization took 3 rounds (0.094 sec)
Wrote distance file to... 
BEST SCORE FOUND : -40643.180
Total tree length: 0.020

Total number of iterations: 0
CPU time used for tree search: 0.000 sec (0h:0m:0s)
Wall-clock time used for tree search: 0.000 sec (0h:0m:0s)
Total CPU time used: 255.601 sec (0h:4m:15s)
Total wall-clock time used: 97.083 sec (0h:1m:37s)

===> START JACKKNIFE REPLICATE NUMBER 448

Creating jackknife alignment (seed: 786174)...
Reading input tree file gl_output_rmq.fasta.raxml.bestTree ...

NOTE: 7 MB RAM (0 GB) is required!
Estimate model parameters (epsilon = 0.010)
1. Initial log-likelihood: -40567.333
2. Current log-likelihood: -40474.557
Optimal log-likelihood: -40474.551
Rate parameters:  A-C: 1.00000  A-G: 2.26042  A-T: 1.00000  C-G: 1.00000  C-T: 2.26042  G-T: 1.00000
Base frequencies:  A: 0.280  C: 0.212  G: 0.227  T: 0.282
Parameters optimization took 2 rounds (0.060 sec)
Wrote distance file to... 
BEST SCORE FOUND : -40474.551
Total tree length: 0.019

Total number of iterations: 0
CPU time used for tree search: 0.000 sec (0h:0m:0s)
Wall-clock time used for tree search: 0.000 sec (0h:0m:0s)
Total CPU time used: 255.931 sec (0h:4m:15s)
Total wall-clock time used: 97.205 sec (0h:1m:37s)

===> START JACKKNIFE REPLICATE NUMBER 449

Creating jackknife alignment (seed: 786175)...
Reading input tree file gl_output_rmq.fasta.raxml.bestTree ...

NOTE: 8 MB RAM (0 GB) is required!
Estimate model parameters (epsilon = 0.010)
1. Initial log-likelihood: -41037.457
2. Current log-likelihood: -40957.737
3. Current log-likelihood: -40957.684
Optimal log-likelihood: -40957.684
Rate parameters:  A-C: 1.00000  A-G: 2.24264  A-T: 1.00000  C-G: 1.00000  C-T: 2.24264  G-T: 1.00000
Base frequencies:  A: 0.283  C: 0.209  G: 0.227  T: 0.281
Parameters optimization took 3 rounds (0.088 sec)
Wrote distance file to... 
BEST SCORE FOUND : -40957.684
Total tree length: 0.022

Total number of iterations: 0
CPU time used for tree search: 0.000 sec (0h:0m:0s)
Wall-clock time used for tree search: 0.000 sec (0h:0m:0s)
Total CPU time used: 256.328 sec (0h:4m:16s)
Total wall-clock time used: 97.350 sec (0h:1m:37s)

===> START JACKKNIFE REPLICATE NUMBER 450

Creating jackknife alignment (seed: 786176)...
Reading input tree file gl_output_rmq.fasta.raxml.bestTree ...

NOTE: 8 MB RAM (0 GB) is required!
Estimate model parameters (epsilon = 0.010)
1. Initial log-likelihood: -41186.620
2. Current log-likelihood: -41128.470
3. Current log-likelihood: -41112.249
4. Current log-likelihood: -41068.491
5. Current log-likelihood: -41068.454
Optimal log-likelihood: -41068.452
Rate parameters:  A-C: 1.00000  A-G: 3.07896  A-T: 1.00000  C-G: 1.00000  C-T: 3.07896  G-T: 1.00000
Base frequencies:  A: 0.281  C: 0.210  G: 0.228  T: 0.280
Parameters optimization took 5 rounds (0.187 sec)
Wrote distance file to... 
BEST SCORE FOUND : -41068.452
Total tree length: 0.022

Total number of iterations: 0
CPU time used for tree search: 0.000 sec (0h:0m:0s)
Wall-clock time used for tree search: 0.000 sec (0h:0m:0s)
Total CPU time used: 257.021 sec (0h:4m:17s)
Total wall-clock time used: 97.595 sec (0h:1m:37s)

===> START JACKKNIFE REPLICATE NUMBER 451

Creating jackknife alignment (seed: 786177)...
Reading input tree file gl_output_rmq.fasta.raxml.bestTree ...

NOTE: 7 MB RAM (0 GB) is required!
Estimate model parameters (epsilon = 0.010)
1. Initial log-likelihood: -41133.370
2. Current log-likelihood: -41054.330
3. Current log-likelihood: -41054.272
Optimal log-likelihood: -41054.272
Rate parameters:  A-C: 1.00000  A-G: 2.13744  A-T: 1.00000  C-G: 1.00000  C-T: 2.13744  G-T: 1.00000
Base frequencies:  A: 0.278  C: 0.212  G: 0.226  T: 0.284
Parameters optimization took 3 rounds (0.101 sec)
Wrote distance file to... 
BEST SCORE FOUND : -41054.272
Total tree length: 0.022

Total number of iterations: 0
CPU time used for tree search: 0.000 sec (0h:0m:0s)
Wall-clock time used for tree search: 0.000 sec (0h:0m:0s)
Total CPU time used: 257.462 sec (0h:4m:17s)
Total wall-clock time used: 97.754 sec (0h:1m:37s)

===> START JACKKNIFE REPLICATE NUMBER 452

Creating jackknife alignment (seed: 786178)...
Reading input tree file gl_output_rmq.fasta.raxml.bestTree ...

NOTE: 7 MB RAM (0 GB) is required!
Estimate model parameters (epsilon = 0.010)
1. Initial log-likelihood: -40988.471
2. Current log-likelihood: -40901.643
3. Current log-likelihood: -40901.202
Optimal log-likelihood: -40901.189
Rate parameters:  A-C: 1.00000  A-G: 2.53587  A-T: 1.00000  C-G: 1.00000  C-T: 2.53587  G-T: 1.00000
Base frequencies:  A: 0.286  C: 0.212  G: 0.227  T: 0.275
Parameters optimization took 3 rounds (0.092 sec)
Wrote distance file to... 
BEST SCORE FOUND : -40901.189
Total tree length: 0.021

Total number of iterations: 0
CPU time used for tree search: 0.000 sec (0h:0m:0s)
Wall-clock time used for tree search: 0.000 sec (0h:0m:0s)
Total CPU time used: 257.875 sec (0h:4m:17s)
Total wall-clock time used: 97.903 sec (0h:1m:37s)

===> START JACKKNIFE REPLICATE NUMBER 453

Creating jackknife alignment (seed: 786179)...
Reading input tree file gl_output_rmq.fasta.raxml.bestTree ...

NOTE: 7 MB RAM (0 GB) is required!
Estimate model parameters (epsilon = 0.010)
1. Initial log-likelihood: -41114.766
2. Current log-likelihood: -41006.877
3. Current log-likelihood: -41006.809
4. Current log-likelihood: -41006.793
Optimal log-likelihood: -41006.790
Rate parameters:  A-C: 1.00000  A-G: 2.91272  A-T: 1.00000  C-G: 1.00000  C-T: 2.91272  G-T: 1.00000
Base frequencies:  A: 0.280  C: 0.211  G: 0.229  T: 0.280
Parameters optimization took 4 rounds (0.093 sec)
Wrote distance file to... 
BEST SCORE FOUND : -41006.790
Total tree length: 0.022

Total number of iterations: 0
CPU time used for tree search: 0.000 sec (0h:0m:0s)
Wall-clock time used for tree search: 0.000 sec (0h:0m:0s)
Total CPU time used: 258.289 sec (0h:4m:18s)
Total wall-clock time used: 98.059 sec (0h:1m:38s)

===> START JACKKNIFE REPLICATE NUMBER 454

Creating jackknife alignment (seed: 786180)...
Reading input tree file gl_output_rmq.fasta.raxml.bestTree ...

NOTE: 8 MB RAM (0 GB) is required!
Estimate model parameters (epsilon = 0.010)
1. Initial log-likelihood: -40983.087
2. Current log-likelihood: -40883.216
3. Current log-likelihood: -40883.183
Optimal log-likelihood: -40883.180
Rate parameters:  A-C: 1.00000  A-G: 2.63504  A-T: 1.00000  C-G: 1.00000  C-T: 2.63504  G-T: 1.00000
Base frequencies:  A: 0.282  C: 0.211  G: 0.227  T: 0.280
Parameters optimization took 3 rounds (0.104 sec)
Wrote distance file to... 
BEST SCORE FOUND : -40883.180
Total tree length: 0.021

Total number of iterations: 0
CPU time used for tree search: 0.000 sec (0h:0m:0s)
Wall-clock time used for tree search: 0.000 sec (0h:0m:0s)
Total CPU time used: 258.736 sec (0h:4m:18s)
Total wall-clock time used: 98.220 sec (0h:1m:38s)

===> START JACKKNIFE REPLICATE NUMBER 455

Creating jackknife alignment (seed: 786181)...
Reading input tree file gl_output_rmq.fasta.raxml.bestTree ...

NOTE: 7 MB RAM (0 GB) is required!
Estimate model parameters (epsilon = 0.010)
1. Initial log-likelihood: -41181.981
2. Current log-likelihood: -41107.984
3. Current log-likelihood: -41107.931
Optimal log-likelihood: -41107.931
Rate parameters:  A-C: 1.00000  A-G: 2.24569  A-T: 1.00000  C-G: 1.00000  C-T: 2.24569  G-T: 1.00000
Base frequencies:  A: 0.282  C: 0.208  G: 0.227  T: 0.283
Parameters optimization took 3 rounds (0.093 sec)
Wrote distance file to... 
BEST SCORE FOUND : -41107.931
Total tree length: 0.022

Total number of iterations: 0
CPU time used for tree search: 0.000 sec (0h:0m:0s)
Wall-clock time used for tree search: 0.000 sec (0h:0m:0s)
Total CPU time used: 259.154 sec (0h:4m:19s)
Total wall-clock time used: 98.374 sec (0h:1m:38s)

===> START JACKKNIFE REPLICATE NUMBER 456

Creating jackknife alignment (seed: 786182)...
Reading input tree file gl_output_rmq.fasta.raxml.bestTree ...

NOTE: 7 MB RAM (0 GB) is required!
Estimate model parameters (epsilon = 0.010)
1. Initial log-likelihood: -41177.721
2. Current log-likelihood: -41072.989
3. Current log-likelihood: -41072.371
Optimal log-likelihood: -41072.369
Rate parameters:  A-C: 1.00000  A-G: 2.77182  A-T: 1.00000  C-G: 1.00000  C-T: 2.77182  G-T: 1.00000
Base frequencies:  A: 0.283  C: 0.209  G: 0.229  T: 0.279
Parameters optimization took 3 rounds (0.100 sec)
Wrote distance file to... 
BEST SCORE FOUND : -41072.369
Total tree length: 0.022

Total number of iterations: 0
CPU time used for tree search: 0.000 sec (0h:0m:0s)
Wall-clock time used for tree search: 0.000 sec (0h:0m:0s)
Total CPU time used: 259.591 sec (0h:4m:19s)
Total wall-clock time used: 98.533 sec (0h:1m:38s)

===> START JACKKNIFE REPLICATE NUMBER 457

Creating jackknife alignment (seed: 786183)...
Reading input tree file gl_output_rmq.fasta.raxml.bestTree ...

NOTE: 7 MB RAM (0 GB) is required!
Estimate model parameters (epsilon = 0.010)
1. Initial log-likelihood: -41003.844
2. Current log-likelihood: -40907.034
3. Current log-likelihood: -40907.003
Optimal log-likelihood: -40907.003
Rate parameters:  A-C: 1.00000  A-G: 2.44526  A-T: 1.00000  C-G: 1.00000  C-T: 2.44526  G-T: 1.00000
Base frequencies:  A: 0.281  C: 0.210  G: 0.225  T: 0.284
Parameters optimization took 3 rounds (0.119 sec)
Wrote distance file to... 
BEST SCORE FOUND : -40907.003
Total tree length: 0.021

Total number of iterations: 0
CPU time used for tree search: 0.000 sec (0h:0m:0s)
Wall-clock time used for tree search: 0.000 sec (0h:0m:0s)
Total CPU time used: 260.093 sec (0h:4m:20s)
Total wall-clock time used: 98.713 sec (0h:1m:38s)

===> START JACKKNIFE REPLICATE NUMBER 458

Creating jackknife alignment (seed: 786184)...
Reading input tree file gl_output_rmq.fasta.raxml.bestTree ...

NOTE: 7 MB RAM (0 GB) is required!
Estimate model parameters (epsilon = 0.010)
1. Initial log-likelihood: -41352.302
2. Current log-likelihood: -41271.026
3. Current log-likelihood: -41270.985
Optimal log-likelihood: -41270.985
Rate parameters:  A-C: 1.00000  A-G: 2.25478  A-T: 1.00000  C-G: 1.00000  C-T: 2.25478  G-T: 1.00000
Base frequencies:  A: 0.285  C: 0.213  G: 0.224  T: 0.278
Parameters optimization took 3 rounds (0.112 sec)
Wrote distance file to... 
BEST SCORE FOUND : -41270.985
Total tree length: 0.023

Total number of iterations: 0
CPU time used for tree search: 0.000 sec (0h:0m:0s)
Wall-clock time used for tree search: 0.000 sec (0h:0m:0s)
Total CPU time used: 260.561 sec (0h:4m:20s)
Total wall-clock time used: 98.881 sec (0h:1m:38s)

===> START JACKKNIFE REPLICATE NUMBER 459

Creating jackknife alignment (seed: 786185)...
Reading input tree file gl_output_rmq.fasta.raxml.bestTree ...

NOTE: 7 MB RAM (0 GB) is required!
Estimate model parameters (epsilon = 0.010)
1. Initial log-likelihood: -40713.386
2. Current log-likelihood: -40608.863
3. Current log-likelihood: -40608.848
Optimal log-likelihood: -40608.847
Rate parameters:  A-C: 1.00000  A-G: 2.76260  A-T: 1.00000  C-G: 1.00000  C-T: 2.76260  G-T: 1.00000
Base frequencies:  A: 0.285  C: 0.208  G: 0.225  T: 0.282
Parameters optimization took 3 rounds (0.107 sec)
Wrote distance file to... 
BEST SCORE FOUND : -40608.847
Total tree length: 0.020

Total number of iterations: 0
CPU time used for tree search: 0.000 sec (0h:0m:0s)
Wall-clock time used for tree search: 0.000 sec (0h:0m:0s)
Total CPU time used: 261.010 sec (0h:4m:21s)
Total wall-clock time used: 99.044 sec (0h:1m:39s)

===> START JACKKNIFE REPLICATE NUMBER 460

Creating jackknife alignment (seed: 786186)...
Reading input tree file gl_output_rmq.fasta.raxml.bestTree ...

NOTE: 7 MB RAM (0 GB) is required!
Estimate model parameters (epsilon = 0.010)
1. Initial log-likelihood: -41445.119
2. Current log-likelihood: -41370.158
3. Current log-likelihood: -41370.138
Optimal log-likelihood: -41370.134
Rate parameters:  A-C: 1.00000  A-G: 2.24688  A-T: 1.00000  C-G: 1.00000  C-T: 2.24688  G-T: 1.00000
Base frequencies:  A: 0.282  C: 0.211  G: 0.223  T: 0.284
Parameters optimization took 3 rounds (0.101 sec)
Wrote distance file to... 
BEST SCORE FOUND : -41370.134
Total tree length: 0.023

Total number of iterations: 0
CPU time used for tree search: 0.000 sec (0h:0m:0s)
Wall-clock time used for tree search: 0.000 sec (0h:0m:0s)
Total CPU time used: 261.452 sec (0h:4m:21s)
Total wall-clock time used: 99.206 sec (0h:1m:39s)

===> START JACKKNIFE REPLICATE NUMBER 461

Creating jackknife alignment (seed: 786187)...
Reading input tree file gl_output_rmq.fasta.raxml.bestTree ...

NOTE: 7 MB RAM (0 GB) is required!
Estimate model parameters (epsilon = 0.010)
1. Initial log-likelihood: -40649.970
2. Current log-likelihood: -40541.468
3. Current log-likelihood: -40541.281
4. Current log-likelihood: -40541.268
Optimal log-likelihood: -40541.267
Rate parameters:  A-C: 1.00000  A-G: 2.88976  A-T: 1.00000  C-G: 1.00000  C-T: 2.88976  G-T: 1.00000
Base frequencies:  A: 0.281  C: 0.211  G: 0.228  T: 0.279
Parameters optimization took 4 rounds (0.093 sec)
Wrote distance file to... 
BEST SCORE FOUND : -40541.267
Total tree length: 0.019

Total number of iterations: 0
CPU time used for tree search: 0.000 sec (0h:0m:0s)
Wall-clock time used for tree search: 0.000 sec (0h:0m:0s)
Total CPU time used: 261.866 sec (0h:4m:21s)
Total wall-clock time used: 99.356 sec (0h:1m:39s)

===> START JACKKNIFE REPLICATE NUMBER 462

Creating jackknife alignment (seed: 786188)...
Reading input tree file gl_output_rmq.fasta.raxml.bestTree ...

NOTE: 7 MB RAM (0 GB) is required!
Estimate model parameters (epsilon = 0.010)
1. Initial log-likelihood: -40572.939
2. Current log-likelihood: -40487.791
3. Current log-likelihood: -40487.700
Optimal log-likelihood: -40487.700
Rate parameters:  A-C: 1.00000  A-G: 2.35580  A-T: 1.00000  C-G: 1.00000  C-T: 2.35580  G-T: 1.00000
Base frequencies:  A: 0.283  C: 0.209  G: 0.230  T: 0.278
Parameters optimization took 3 rounds (0.093 sec)
Wrote distance file to... 
BEST SCORE FOUND : -40487.700
Total tree length: 0.019

Total number of iterations: 0
CPU time used for tree search: 0.000 sec (0h:0m:0s)
Wall-clock time used for tree search: 0.000 sec (0h:0m:0s)
Total CPU time used: 262.280 sec (0h:4m:22s)
Total wall-clock time used: 99.506 sec (0h:1m:39s)

===> START JACKKNIFE REPLICATE NUMBER 463

Creating jackknife alignment (seed: 786189)...
Reading input tree file gl_output_rmq.fasta.raxml.bestTree ...

NOTE: 7 MB RAM (0 GB) is required!
Estimate model parameters (epsilon = 0.010)
1. Initial log-likelihood: -40616.666
2. Current log-likelihood: -40527.622
3. Current log-likelihood: -40527.282
4. Current log-likelihood: -40527.205
Optimal log-likelihood: -40527.205
Rate parameters:  A-C: 1.00000  A-G: 2.35653  A-T: 1.00000  C-G: 1.00000  C-T: 2.35653  G-T: 1.00000
Base frequencies:  A: 0.284  C: 0.208  G: 0.227  T: 0.282
Parameters optimization took 4 rounds (0.136 sec)
Wrote distance file to... 
BEST SCORE FOUND : -40527.205
Total tree length: 0.020

Total number of iterations: 0
CPU time used for tree search: 0.000 sec (0h:0m:0s)
Wall-clock time used for tree search: 0.000 sec (0h:0m:0s)
Total CPU time used: 262.816 sec (0h:4m:22s)
Total wall-clock time used: 99.697 sec (0h:1m:39s)

===> START JACKKNIFE REPLICATE NUMBER 464

Creating jackknife alignment (seed: 786190)...
Reading input tree file gl_output_rmq.fasta.raxml.bestTree ...

NOTE: 7 MB RAM (0 GB) is required!
Estimate model parameters (epsilon = 0.010)
1. Initial log-likelihood: -40843.151
2. Current log-likelihood: -40739.915
3. Current log-likelihood: -40739.839
Optimal log-likelihood: -40739.836
Rate parameters:  A-C: 1.00000  A-G: 2.71803  A-T: 1.00000  C-G: 1.00000  C-T: 2.71803  G-T: 1.00000
Base frequencies:  A: 0.280  C: 0.211  G: 0.228  T: 0.281
Parameters optimization took 3 rounds (0.116 sec)
Wrote distance file to... 
BEST SCORE FOUND : -40739.836
Total tree length: 0.020

Total number of iterations: 0
CPU time used for tree search: 0.000 sec (0h:0m:0s)
Wall-clock time used for tree search: 0.000 sec (0h:0m:0s)
Total CPU time used: 263.300 sec (0h:4m:23s)
Total wall-clock time used: 99.871 sec (0h:1m:39s)

===> START JACKKNIFE REPLICATE NUMBER 465

Creating jackknife alignment (seed: 786191)...
Reading input tree file gl_output_rmq.fasta.raxml.bestTree ...

NOTE: 7 MB RAM (0 GB) is required!
Estimate model parameters (epsilon = 0.010)
1. Initial log-likelihood: -40896.003
2. Current log-likelihood: -40794.526
3. Current log-likelihood: -40794.208
Optimal log-likelihood: -40794.208
Rate parameters:  A-C: 1.00000  A-G: 2.82307  A-T: 1.00000  C-G: 1.00000  C-T: 2.82307  G-T: 1.00000
Base frequencies:  A: 0.283  C: 0.210  G: 0.227  T: 0.280
Parameters optimization took 3 rounds (0.096 sec)
Wrote distance file to... 
BEST SCORE FOUND : -40794.208
Total tree length: 0.021

Total number of iterations: 0
CPU time used for tree search: 0.000 sec (0h:0m:0s)
Wall-clock time used for tree search: 0.000 sec (0h:0m:0s)
Total CPU time used: 263.747 sec (0h:4m:23s)
Total wall-clock time used: 100.035 sec (0h:1m:40s)

===> START JACKKNIFE REPLICATE NUMBER 466

Creating jackknife alignment (seed: 786192)...
Reading input tree file gl_output_rmq.fasta.raxml.bestTree ...

NOTE: 7 MB RAM (0 GB) is required!
Estimate model parameters (epsilon = 0.010)
1. Initial log-likelihood: -41055.054
2. Current log-likelihood: -40982.063
3. Current log-likelihood: -40981.858
Optimal log-likelihood: -40981.858
Rate parameters:  A-C: 1.00000  A-G: 2.00622  A-T: 1.00000  C-G: 1.00000  C-T: 2.00622  G-T: 1.00000
Base frequencies:  A: 0.279  C: 0.212  G: 0.227  T: 0.281
Parameters optimization took 3 rounds (0.097 sec)
Wrote distance file to... 
BEST SCORE FOUND : -40981.858
Total tree length: 0.021

Total number of iterations: 0
CPU time used for tree search: 0.000 sec (0h:0m:0s)
Wall-clock time used for tree search: 0.000 sec (0h:0m:0s)
Total CPU time used: 264.175 sec (0h:4m:24s)
Total wall-clock time used: 100.189 sec (0h:1m:40s)

===> START JACKKNIFE REPLICATE NUMBER 467

Creating jackknife alignment (seed: 786193)...
Reading input tree file gl_output_rmq.fasta.raxml.bestTree ...

NOTE: 8 MB RAM (0 GB) is required!
Estimate model parameters (epsilon = 0.010)
1. Initial log-likelihood: -41392.298
2. Current log-likelihood: -41288.830
3. Current log-likelihood: -41288.786
Optimal log-likelihood: -41288.784
Rate parameters:  A-C: 1.00000  A-G: 2.75827  A-T: 1.00000  C-G: 1.00000  C-T: 2.75827  G-T: 1.00000
Base frequencies:  A: 0.287  C: 0.208  G: 0.226  T: 0.280
Parameters optimization took 3 rounds (0.093 sec)
Wrote distance file to... 
BEST SCORE FOUND : -41288.784
Total tree length: 0.023

Total number of iterations: 0
CPU time used for tree search: 0.000 sec (0h:0m:0s)
Wall-clock time used for tree search: 0.000 sec (0h:0m:0s)
Total CPU time used: 264.592 sec (0h:4m:24s)
Total wall-clock time used: 100.340 sec (0h:1m:40s)

===> START JACKKNIFE REPLICATE NUMBER 468

Creating jackknife alignment (seed: 786194)...
Reading input tree file gl_output_rmq.fasta.raxml.bestTree ...

NOTE: 8 MB RAM (0 GB) is required!
Estimate model parameters (epsilon = 0.010)
1. Initial log-likelihood: -41261.738
2. Current log-likelihood: -41170.627
3. Current log-likelihood: -41170.607
Optimal log-likelihood: -41170.607
Rate parameters:  A-C: 1.00000  A-G: 2.51892  A-T: 1.00000  C-G: 1.00000  C-T: 2.51892  G-T: 1.00000
Base frequencies:  A: 0.283  C: 0.209  G: 0.227  T: 0.282
Parameters optimization took 3 rounds (0.093 sec)
Wrote distance file to... 
BEST SCORE FOUND : -41170.607
Total tree length: 0.023

Total number of iterations: 0
CPU time used for tree search: 0.000 sec (0h:0m:0s)
Wall-clock time used for tree search: 0.000 sec (0h:0m:0s)
Total CPU time used: 265.013 sec (0h:4m:25s)
Total wall-clock time used: 100.492 sec (0h:1m:40s)

===> START JACKKNIFE REPLICATE NUMBER 469

Creating jackknife alignment (seed: 786195)...
Reading input tree file gl_output_rmq.fasta.raxml.bestTree ...

NOTE: 7 MB RAM (0 GB) is required!
Estimate model parameters (epsilon = 0.010)
1. Initial log-likelihood: -41071.459
2. Current log-likelihood: -40988.251
3. Current log-likelihood: -40987.828
4. Current log-likelihood: -40987.770
Optimal log-likelihood: -40987.764
Rate parameters:  A-C: 1.00000  A-G: 2.35634  A-T: 1.00000  C-G: 1.00000  C-T: 2.35634  G-T: 1.00000
Base frequencies:  A: 0.282  C: 0.207  G: 0.227  T: 0.284
Parameters optimization took 4 rounds (0.142 sec)
Wrote distance file to... 
BEST SCORE FOUND : -40987.764
Total tree length: 0.021

Total number of iterations: 0
CPU time used for tree search: 0.000 sec (0h:0m:0s)
Wall-clock time used for tree search: 0.000 sec (0h:0m:0s)
Total CPU time used: 265.571 sec (0h:4m:25s)
Total wall-clock time used: 100.691 sec (0h:1m:40s)

===> START JACKKNIFE REPLICATE NUMBER 470

Creating jackknife alignment (seed: 786196)...
Reading input tree file gl_output_rmq.fasta.raxml.bestTree ...

NOTE: 8 MB RAM (0 GB) is required!
Estimate model parameters (epsilon = 0.010)
1. Initial log-likelihood: -41142.346
2. Current log-likelihood: -41064.521
3. Current log-likelihood: -41064.442
Optimal log-likelihood: -41064.442
Rate parameters:  A-C: 1.00000  A-G: 2.25688  A-T: 1.00000  C-G: 1.00000  C-T: 2.25688  G-T: 1.00000
Base frequencies:  A: 0.282  C: 0.214  G: 0.222  T: 0.282
Parameters optimization took 3 rounds (0.096 sec)
Wrote distance file to... 
BEST SCORE FOUND : -41064.442
Total tree length: 0.022

Total number of iterations: 0
CPU time used for tree search: 0.000 sec (0h:0m:0s)
Wall-clock time used for tree search: 0.000 sec (0h:0m:0s)
Total CPU time used: 265.994 sec (0h:4m:25s)
Total wall-clock time used: 100.845 sec (0h:1m:40s)

===> START JACKKNIFE REPLICATE NUMBER 471

Creating jackknife alignment (seed: 786197)...
Reading input tree file gl_output_rmq.fasta.raxml.bestTree ...

NOTE: 7 MB RAM (0 GB) is required!
Estimate model parameters (epsilon = 0.010)
1. Initial log-likelihood: -40896.069
2. Current log-likelihood: -40799.599
3. Current log-likelihood: -40799.584
Optimal log-likelihood: -40799.582
Rate parameters:  A-C: 1.00000  A-G: 2.72882  A-T: 1.00000  C-G: 1.00000  C-T: 2.72882  G-T: 1.00000
Base frequencies:  A: 0.282  C: 0.210  G: 0.226  T: 0.282
Parameters optimization took 3 rounds (0.089 sec)
Wrote distance file to... 
BEST SCORE FOUND : -40799.582
Total tree length: 0.021

Total number of iterations: 0
CPU time used for tree search: 0.000 sec (0h:0m:0s)
Wall-clock time used for tree search: 0.000 sec (0h:0m:0s)
Total CPU time used: 266.430 sec (0h:4m:26s)
Total wall-clock time used: 101.006 sec (0h:1m:41s)

===> START JACKKNIFE REPLICATE NUMBER 472

Creating jackknife alignment (seed: 786198)...
Reading input tree file gl_output_rmq.fasta.raxml.bestTree ...

NOTE: 7 MB RAM (0 GB) is required!
Estimate model parameters (epsilon = 0.010)
1. Initial log-likelihood: -41110.731
2. Current log-likelihood: -41020.206
3. Current log-likelihood: -41020.141
Optimal log-likelihood: -41020.141
Rate parameters:  A-C: 1.00000  A-G: 2.48696  A-T: 1.00000  C-G: 1.00000  C-T: 2.48696  G-T: 1.00000
Base frequencies:  A: 0.284  C: 0.210  G: 0.228  T: 0.278
Parameters optimization took 3 rounds (0.102 sec)
Wrote distance file to... 
BEST SCORE FOUND : -41020.141
Total tree length: 0.022

Total number of iterations: 0
CPU time used for tree search: 0.000 sec (0h:0m:0s)
Wall-clock time used for tree search: 0.000 sec (0h:0m:0s)
Total CPU time used: 266.867 sec (0h:4m:26s)
Total wall-clock time used: 101.164 sec (0h:1m:41s)

===> START JACKKNIFE REPLICATE NUMBER 473

Creating jackknife alignment (seed: 786199)...
Reading input tree file gl_output_rmq.fasta.raxml.bestTree ...

NOTE: 7 MB RAM (0 GB) is required!
Estimate model parameters (epsilon = 0.010)
1. Initial log-likelihood: -40564.672
2. Current log-likelihood: -40464.767
3. Current log-likelihood: -40464.699
4. Current log-likelihood: -40464.648
Optimal log-likelihood: -40464.646
Rate parameters:  A-C: 1.00000  A-G: 2.67187  A-T: 1.00000  C-G: 1.00000  C-T: 2.67187  G-T: 1.00000
Base frequencies:  A: 0.279  C: 0.213  G: 0.227  T: 0.280
Parameters optimization took 4 rounds (0.136 sec)
Wrote distance file to... 
BEST SCORE FOUND : -40464.646
Total tree length: 0.019

Total number of iterations: 0
CPU time used for tree search: 0.000 sec (0h:0m:0s)
Wall-clock time used for tree search: 0.000 sec (0h:0m:0s)
Total CPU time used: 267.414 sec (0h:4m:27s)
Total wall-clock time used: 101.359 sec (0h:1m:41s)

===> START JACKKNIFE REPLICATE NUMBER 474

Creating jackknife alignment (seed: 786200)...
Reading input tree file gl_output_rmq.fasta.raxml.bestTree ...

NOTE: 7 MB RAM (0 GB) is required!
Estimate model parameters (epsilon = 0.010)
1. Initial log-likelihood: -40905.640
2. Current log-likelihood: -40826.997
3. Current log-likelihood: -40826.897
4. Current log-likelihood: -40826.844
Optimal log-likelihood: -40826.838
Rate parameters:  A-C: 1.00000  A-G: 2.25862  A-T: 1.00000  C-G: 1.00000  C-T: 2.25862  G-T: 1.00000
Base frequencies:  A: 0.280  C: 0.212  G: 0.225  T: 0.283
Parameters optimization took 4 rounds (0.138 sec)
Wrote distance file to... 
BEST SCORE FOUND : -40826.838
Total tree length: 0.021

Total number of iterations: 0
CPU time used for tree search: 0.000 sec (0h:0m:0s)
Wall-clock time used for tree search: 0.000 sec (0h:0m:0s)
Total CPU time used: 267.961 sec (0h:4m:27s)
Total wall-clock time used: 101.555 sec (0h:1m:41s)

===> START JACKKNIFE REPLICATE NUMBER 475

Creating jackknife alignment (seed: 786201)...
Reading input tree file gl_output_rmq.fasta.raxml.bestTree ...

NOTE: 7 MB RAM (0 GB) is required!
Estimate model parameters (epsilon = 0.010)
1. Initial log-likelihood: -41124.168
2. Current log-likelihood: -41022.863
3. Current log-likelihood: -41022.630
Optimal log-likelihood: -41022.627
Rate parameters:  A-C: 1.00000  A-G: 2.68542  A-T: 1.00000  C-G: 1.00000  C-T: 2.68542  G-T: 1.00000
Base frequencies:  A: 0.282  C: 0.210  G: 0.225  T: 0.283
Parameters optimization took 3 rounds (0.105 sec)
Wrote distance file to... 
BEST SCORE FOUND : -41022.627
Total tree length: 0.022

Total number of iterations: 0
CPU time used for tree search: 0.000 sec (0h:0m:0s)
Wall-clock time used for tree search: 0.000 sec (0h:0m:0s)
Total CPU time used: 268.415 sec (0h:4m:28s)
Total wall-clock time used: 101.718 sec (0h:1m:41s)

===> START JACKKNIFE REPLICATE NUMBER 476

Creating jackknife alignment (seed: 786202)...
Reading input tree file gl_output_rmq.fasta.raxml.bestTree ...

NOTE: 7 MB RAM (0 GB) is required!
Estimate model parameters (epsilon = 0.010)
1. Initial log-likelihood: -40528.176
2. Current log-likelihood: -40438.058
3. Current log-likelihood: -40438.001
Optimal log-likelihood: -40437.993
Rate parameters:  A-C: 1.00000  A-G: 2.28245  A-T: 1.00000  C-G: 1.00000  C-T: 2.28245  G-T: 1.00000
Base frequencies:  A: 0.283  C: 0.209  G: 0.226  T: 0.282
Parameters optimization took 3 rounds (0.085 sec)
Wrote distance file to... 
BEST SCORE FOUND : -40437.993
Total tree length: 0.019

Total number of iterations: 0
CPU time used for tree search: 0.000 sec (0h:0m:0s)
Wall-clock time used for tree search: 0.000 sec (0h:0m:0s)
Total CPU time used: 268.813 sec (0h:4m:28s)
Total wall-clock time used: 101.864 sec (0h:1m:41s)

===> START JACKKNIFE REPLICATE NUMBER 477

Creating jackknife alignment (seed: 786203)...
Reading input tree file gl_output_rmq.fasta.raxml.bestTree ...

NOTE: 7 MB RAM (0 GB) is required!
Estimate model parameters (epsilon = 0.010)
1. Initial log-likelihood: -41014.399
2. Current log-likelihood: -40944.275
3. Current log-likelihood: -40943.697
Optimal log-likelihood: -40943.682
Rate parameters:  A-C: 1.00000  A-G: 2.10457  A-T: 1.00000  C-G: 1.00000  C-T: 2.10457  G-T: 1.00000
Base frequencies:  A: 0.280  C: 0.209  G: 0.229  T: 0.281
Parameters optimization took 3 rounds (0.090 sec)
Wrote distance file to... 
BEST SCORE FOUND : -40943.682
Total tree length: 0.021

Total number of iterations: 0
CPU time used for tree search: 0.000 sec (0h:0m:0s)
Wall-clock time used for tree search: 0.000 sec (0h:0m:0s)
Total CPU time used: 269.237 sec (0h:4m:29s)
Total wall-clock time used: 102.017 sec (0h:1m:42s)

===> START JACKKNIFE REPLICATE NUMBER 478

Creating jackknife alignment (seed: 786204)...
Reading input tree file gl_output_rmq.fasta.raxml.bestTree ...

NOTE: 7 MB RAM (0 GB) is required!
Estimate model parameters (epsilon = 0.010)
1. Initial log-likelihood: -41037.912
2. Current log-likelihood: -40956.591
3. Current log-likelihood: -40956.472
Optimal log-likelihood: -40956.466
Rate parameters:  A-C: 1.00000  A-G: 2.21366  A-T: 1.00000  C-G: 1.00000  C-T: 2.21366  G-T: 1.00000
Base frequencies:  A: 0.284  C: 0.211  G: 0.228  T: 0.277
Parameters optimization took 3 rounds (0.095 sec)
Wrote distance file to... 
BEST SCORE FOUND : -40956.466
Total tree length: 0.021

Total number of iterations: 0
CPU time used for tree search: 0.000 sec (0h:0m:0s)
Wall-clock time used for tree search: 0.000 sec (0h:0m:0s)
Total CPU time used: 269.666 sec (0h:4m:29s)
Total wall-clock time used: 102.172 sec (0h:1m:42s)

===> START JACKKNIFE REPLICATE NUMBER 479

Creating jackknife alignment (seed: 786205)...
Reading input tree file gl_output_rmq.fasta.raxml.bestTree ...

NOTE: 7 MB RAM (0 GB) is required!
Estimate model parameters (epsilon = 0.010)
1. Initial log-likelihood: -41057.104
2. Current log-likelihood: -40961.314
3. Current log-likelihood: -40961.034
Optimal log-likelihood: -40961.034
Rate parameters:  A-C: 1.00000  A-G: 2.48111  A-T: 1.00000  C-G: 1.00000  C-T: 2.48111  G-T: 1.00000
Base frequencies:  A: 0.284  C: 0.211  G: 0.227  T: 0.278
Parameters optimization took 3 rounds (0.105 sec)
Wrote distance file to... 
BEST SCORE FOUND : -40961.034
Total tree length: 0.022

Total number of iterations: 0
CPU time used for tree search: 0.000 sec (0h:0m:0s)
Wall-clock time used for tree search: 0.000 sec (0h:0m:0s)
Total CPU time used: 270.117 sec (0h:4m:30s)
Total wall-clock time used: 102.334 sec (0h:1m:42s)

===> START JACKKNIFE REPLICATE NUMBER 480

Creating jackknife alignment (seed: 786206)...
Reading input tree file gl_output_rmq.fasta.raxml.bestTree ...

NOTE: 7 MB RAM (0 GB) is required!
Estimate model parameters (epsilon = 0.010)
1. Initial log-likelihood: -41069.070
2. Current log-likelihood: -40977.916
3. Current log-likelihood: -40977.613
4. Current log-likelihood: -40977.548
Optimal log-likelihood: -40977.543
Rate parameters:  A-C: 1.00000  A-G: 2.52262  A-T: 1.00000  C-G: 1.00000  C-T: 2.52262  G-T: 1.00000
Base frequencies:  A: 0.283  C: 0.211  G: 0.225  T: 0.281
Parameters optimization took 4 rounds (0.138 sec)
Wrote distance file to... 
BEST SCORE FOUND : -40977.543
Total tree length: 0.022

Total number of iterations: 0
CPU time used for tree search: 0.000 sec (0h:0m:0s)
Wall-clock time used for tree search: 0.000 sec (0h:0m:0s)
Total CPU time used: 270.663 sec (0h:4m:30s)
Total wall-clock time used: 102.529 sec (0h:1m:42s)

===> START JACKKNIFE REPLICATE NUMBER 481

Creating jackknife alignment (seed: 786207)...
Reading input tree file gl_output_rmq.fasta.raxml.bestTree ...

NOTE: 7 MB RAM (0 GB) is required!
Estimate model parameters (epsilon = 0.010)
1. Initial log-likelihood: -40858.671
2. Current log-likelihood: -40772.376
3. Current log-likelihood: -40772.167
Optimal log-likelihood: -40772.167
Rate parameters:  A-C: 1.00000  A-G: 2.33536  A-T: 1.00000  C-G: 1.00000  C-T: 2.33536  G-T: 1.00000
Base frequencies:  A: 0.283  C: 0.209  G: 0.229  T: 0.280
Parameters optimization took 3 rounds (0.095 sec)
Wrote distance file to... 
BEST SCORE FOUND : -40772.167
Total tree length: 0.021

Total number of iterations: 0
CPU time used for tree search: 0.002 sec (0h:0m:0s)
Wall-clock time used for tree search: 0.000 sec (0h:0m:0s)
Total CPU time used: 271.090 sec (0h:4m:31s)
Total wall-clock time used: 102.687 sec (0h:1m:42s)

===> START JACKKNIFE REPLICATE NUMBER 482

Creating jackknife alignment (seed: 786208)...
Reading input tree file gl_output_rmq.fasta.raxml.bestTree ...

NOTE: 7 MB RAM (0 GB) is required!
Estimate model parameters (epsilon = 0.010)
1. Initial log-likelihood: -40706.669
2. Current log-likelihood: -40605.253
3. Current log-likelihood: -40605.207
Optimal log-likelihood: -40605.203
Rate parameters:  A-C: 1.00000  A-G: 2.65622  A-T: 1.00000  C-G: 1.00000  C-T: 2.65622  G-T: 1.00000
Base frequencies:  A: 0.282  C: 0.209  G: 0.226  T: 0.282
Parameters optimization took 3 rounds (0.101 sec)
Wrote distance file to... 
BEST SCORE FOUND : -40605.203
Total tree length: 0.020

Total number of iterations: 0
CPU time used for tree search: 0.000 sec (0h:0m:0s)
Wall-clock time used for tree search: 0.000 sec (0h:0m:0s)
Total CPU time used: 271.527 sec (0h:4m:31s)
Total wall-clock time used: 102.844 sec (0h:1m:42s)

===> START JACKKNIFE REPLICATE NUMBER 483

Creating jackknife alignment (seed: 786209)...
Reading input tree file gl_output_rmq.fasta.raxml.bestTree ...

NOTE: 8 MB RAM (0 GB) is required!
Estimate model parameters (epsilon = 0.010)
1. Initial log-likelihood: -41322.683
2. Current log-likelihood: -41245.229
3. Current log-likelihood: -41245.173
Optimal log-likelihood: -41245.173
Rate parameters:  A-C: 1.00000  A-G: 2.25332  A-T: 1.00000  C-G: 1.00000  C-T: 2.25332  G-T: 1.00000
Base frequencies:  A: 0.283  C: 0.213  G: 0.224  T: 0.280
Parameters optimization took 3 rounds (0.092 sec)
Wrote distance file to... 
BEST SCORE FOUND : -41245.173
Total tree length: 0.023

Total number of iterations: 0
CPU time used for tree search: 0.000 sec (0h:0m:0s)
Wall-clock time used for tree search: 0.000 sec (0h:0m:0s)
Total CPU time used: 271.938 sec (0h:4m:31s)
Total wall-clock time used: 102.992 sec (0h:1m:42s)

===> START JACKKNIFE REPLICATE NUMBER 484

Creating jackknife alignment (seed: 786210)...
Reading input tree file gl_output_rmq.fasta.raxml.bestTree ...

NOTE: 7 MB RAM (0 GB) is required!
Estimate model parameters (epsilon = 0.010)
1. Initial log-likelihood: -40690.031
2. Current log-likelihood: -40604.816
3. Current log-likelihood: -40604.769
Optimal log-likelihood: -40604.769
Rate parameters:  A-C: 1.00000  A-G: 2.34321  A-T: 1.00000  C-G: 1.00000  C-T: 2.34321  G-T: 1.00000
Base frequencies:  A: 0.283  C: 0.209  G: 0.227  T: 0.282
Parameters optimization took 3 rounds (0.088 sec)
Wrote distance file to... 
BEST SCORE FOUND : -40604.769
Total tree length: 0.020

Total number of iterations: 0
CPU time used for tree search: 0.000 sec (0h:0m:0s)
Wall-clock time used for tree search: 0.000 sec (0h:0m:0s)
Total CPU time used: 272.340 sec (0h:4m:32s)
Total wall-clock time used: 103.139 sec (0h:1m:43s)

===> START JACKKNIFE REPLICATE NUMBER 485

Creating jackknife alignment (seed: 786211)...
Reading input tree file gl_output_rmq.fasta.raxml.bestTree ...

NOTE: 8 MB RAM (0 GB) is required!
Estimate model parameters (epsilon = 0.010)
1. Initial log-likelihood: -41087.694
2. Current log-likelihood: -40995.337
3. Current log-likelihood: -40995.203
4. Current log-likelihood: -40995.184
Optimal log-likelihood: -40995.184
Rate parameters:  A-C: 1.00000  A-G: 2.51524  A-T: 1.00000  C-G: 1.00000  C-T: 2.51524  G-T: 1.00000
Base frequencies:  A: 0.279  C: 0.211  G: 0.227  T: 0.282
Parameters optimization took 4 rounds (0.138 sec)
Wrote distance file to... 
BEST SCORE FOUND : -40995.184
Total tree length: 0.022

Total number of iterations: 0
CPU time used for tree search: 0.000 sec (0h:0m:0s)
Wall-clock time used for tree search: 0.000 sec (0h:0m:0s)
Total CPU time used: 272.887 sec (0h:4m:32s)
Total wall-clock time used: 103.335 sec (0h:1m:43s)

===> START JACKKNIFE REPLICATE NUMBER 486

Creating jackknife alignment (seed: 786212)...
Reading input tree file gl_output_rmq.fasta.raxml.bestTree ...

NOTE: 8 MB RAM (0 GB) is required!
Estimate model parameters (epsilon = 0.010)
1. Initial log-likelihood: -41328.680
2. Current log-likelihood: -41220.631
3. Current log-likelihood: -41220.617
Optimal log-likelihood: -41220.615
Rate parameters:  A-C: 1.00000  A-G: 2.77480  A-T: 1.00000  C-G: 1.00000  C-T: 2.77480  G-T: 1.00000
Base frequencies:  A: 0.280  C: 0.211  G: 0.229  T: 0.281
Parameters optimization took 3 rounds (0.099 sec)
Wrote distance file to... 
BEST SCORE FOUND : -41220.615
Total tree length: 0.023

Total number of iterations: 0
CPU time used for tree search: 0.000 sec (0h:0m:0s)
Wall-clock time used for tree search: 0.000 sec (0h:0m:0s)
Total CPU time used: 273.321 sec (0h:4m:33s)
Total wall-clock time used: 103.492 sec (0h:1m:43s)

===> START JACKKNIFE REPLICATE NUMBER 487

Creating jackknife alignment (seed: 786213)...
Reading input tree file gl_output_rmq.fasta.raxml.bestTree ...

NOTE: 7 MB RAM (0 GB) is required!
Estimate model parameters (epsilon = 0.010)
1. Initial log-likelihood: -40703.499
2. Current log-likelihood: -40622.775
3. Current log-likelihood: -40622.384
Optimal log-likelihood: -40622.384
Rate parameters:  A-C: 1.00000  A-G: 2.20352  A-T: 1.00000  C-G: 1.00000  C-T: 2.20352  G-T: 1.00000
Base frequencies:  A: 0.280  C: 0.208  G: 0.229  T: 0.283
Parameters optimization took 3 rounds (0.101 sec)
Wrote distance file to... 
BEST SCORE FOUND : -40622.384
Total tree length: 0.020

Total number of iterations: 0
CPU time used for tree search: 0.000 sec (0h:0m:0s)
Wall-clock time used for tree search: 0.000 sec (0h:0m:0s)
Total CPU time used: 273.756 sec (0h:4m:33s)
Total wall-clock time used: 103.650 sec (0h:1m:43s)

===> START JACKKNIFE REPLICATE NUMBER 488

Creating jackknife alignment (seed: 786214)...
Reading input tree file gl_output_rmq.fasta.raxml.bestTree ...

NOTE: 7 MB RAM (0 GB) is required!
Estimate model parameters (epsilon = 0.010)
1. Initial log-likelihood: -40929.603
2. Current log-likelihood: -40837.156
3. Current log-likelihood: -40837.135
Optimal log-likelihood: -40837.131
Rate parameters:  A-C: 1.00000  A-G: 2.67778  A-T: 1.00000  C-G: 1.00000  C-T: 2.67778  G-T: 1.00000
Base frequencies:  A: 0.284  C: 0.208  G: 0.229  T: 0.280
Parameters optimization took 3 rounds (0.104 sec)
Wrote distance file to... 
BEST SCORE FOUND : -40837.131
Total tree length: 0.021

Total number of iterations: 0
CPU time used for tree search: 0.000 sec (0h:0m:0s)
Wall-clock time used for tree search: 0.000 sec (0h:0m:0s)
Total CPU time used: 274.212 sec (0h:4m:34s)
Total wall-clock time used: 103.814 sec (0h:1m:43s)

===> START JACKKNIFE REPLICATE NUMBER 489

Creating jackknife alignment (seed: 786215)...
Reading input tree file gl_output_rmq.fasta.raxml.bestTree ...

NOTE: 7 MB RAM (0 GB) is required!
Estimate model parameters (epsilon = 0.010)
1. Initial log-likelihood: -41013.576
2. Current log-likelihood: -40965.331
3. Current log-likelihood: -40947.548
4. Current log-likelihood: -40903.264
5. Current log-likelihood: -40903.250
Optimal log-likelihood: -40903.247
Rate parameters:  A-C: 1.00000  A-G: 2.92340  A-T: 1.00000  C-G: 1.00000  C-T: 2.92340  G-T: 1.00000
Base frequencies:  A: 0.281  C: 0.213  G: 0.226  T: 0.280
Parameters optimization took 5 rounds (0.190 sec)
Wrote distance file to... 
BEST SCORE FOUND : -40903.247
Total tree length: 0.021

Total number of iterations: 0
CPU time used for tree search: 0.000 sec (0h:0m:0s)
Wall-clock time used for tree search: 0.000 sec (0h:0m:0s)
Total CPU time used: 274.921 sec (0h:4m:34s)
Total wall-clock time used: 104.069 sec (0h:1m:44s)

===> START JACKKNIFE REPLICATE NUMBER 490

Creating jackknife alignment (seed: 786216)...
Reading input tree file gl_output_rmq.fasta.raxml.bestTree ...

NOTE: 7 MB RAM (0 GB) is required!
Estimate model parameters (epsilon = 0.010)
1. Initial log-likelihood: -41502.036
2. Current log-likelihood: -41421.339
3. Current log-likelihood: -41421.061
Optimal log-likelihood: -41421.057
Rate parameters:  A-C: 1.00000  A-G: 2.30036  A-T: 1.00000  C-G: 1.00000  C-T: 2.30036  G-T: 1.00000
Base frequencies:  A: 0.283  C: 0.212  G: 0.230  T: 0.276
Parameters optimization took 3 rounds (0.111 sec)
Wrote distance file to... 
BEST SCORE FOUND : -41421.057
Total tree length: 0.023

Total number of iterations: 0
CPU time used for tree search: 0.000 sec (0h:0m:0s)
Wall-clock time used for tree search: 0.000 sec (0h:0m:0s)
Total CPU time used: 275.391 sec (0h:4m:35s)
Total wall-clock time used: 104.239 sec (0h:1m:44s)

===> START JACKKNIFE REPLICATE NUMBER 491

Creating jackknife alignment (seed: 786217)...
Reading input tree file gl_output_rmq.fasta.raxml.bestTree ...

NOTE: 7 MB RAM (0 GB) is required!
Estimate model parameters (epsilon = 0.010)
1. Initial log-likelihood: -41044.673
2. Current log-likelihood: -40957.375
3. Current log-likelihood: -40957.109
4. Current log-likelihood: -40957.092
Optimal log-likelihood: -40957.092
Rate parameters:  A-C: 1.00000  A-G: 2.50787  A-T: 1.00000  C-G: 1.00000  C-T: 2.50787  G-T: 1.00000
Base frequencies:  A: 0.280  C: 0.213  G: 0.227  T: 0.280
Parameters optimization took 4 rounds (0.122 sec)
Wrote distance file to... 
BEST SCORE FOUND : -40957.092
Total tree length: 0.021

Total number of iterations: 0
CPU time used for tree search: 0.000 sec (0h:0m:0s)
Wall-clock time used for tree search: 0.000 sec (0h:0m:0s)
Total CPU time used: 275.892 sec (0h:4m:35s)
Total wall-clock time used: 104.418 sec (0h:1m:44s)

===> START JACKKNIFE REPLICATE NUMBER 492

Creating jackknife alignment (seed: 786218)...
Reading input tree file gl_output_rmq.fasta.raxml.bestTree ...

NOTE: 8 MB RAM (0 GB) is required!
Estimate model parameters (epsilon = 0.010)
1. Initial log-likelihood: -41359.925
2. Current log-likelihood: -41273.111
3. Current log-likelihood: -41272.408
Optimal log-likelihood: -41272.408
Rate parameters:  A-C: 1.00000  A-G: 2.42818  A-T: 1.00000  C-G: 1.00000  C-T: 2.42818  G-T: 1.00000
Base frequencies:  A: 0.281  C: 0.213  G: 0.227  T: 0.279
Parameters optimization took 3 rounds (0.104 sec)
Wrote distance file to... 
BEST SCORE FOUND : -41272.408
Total tree length: 0.023

Total number of iterations: 0
CPU time used for tree search: 0.000 sec (0h:0m:0s)
Wall-clock time used for tree search: 0.000 sec (0h:0m:0s)
Total CPU time used: 276.331 sec (0h:4m:36s)
Total wall-clock time used: 104.577 sec (0h:1m:44s)

===> START JACKKNIFE REPLICATE NUMBER 493

Creating jackknife alignment (seed: 786219)...
Reading input tree file gl_output_rmq.fasta.raxml.bestTree ...

NOTE: 7 MB RAM (0 GB) is required!
Estimate model parameters (epsilon = 0.010)
1. Initial log-likelihood: -41076.393
2. Current log-likelihood: -40997.001
3. Current log-likelihood: -40996.851
Optimal log-likelihood: -40996.851
Rate parameters:  A-C: 1.00000  A-G: 2.25365  A-T: 1.00000  C-G: 1.00000  C-T: 2.25365  G-T: 1.00000
Base frequencies:  A: 0.282  C: 0.210  G: 0.225  T: 0.283
Parameters optimization took 3 rounds (0.109 sec)
Wrote distance file to... 
BEST SCORE FOUND : -40996.851
Total tree length: 0.021

Total number of iterations: 0
CPU time used for tree search: 0.000 sec (0h:0m:0s)
Wall-clock time used for tree search: 0.000 sec (0h:0m:0s)
Total CPU time used: 276.787 sec (0h:4m:36s)
Total wall-clock time used: 104.741 sec (0h:1m:44s)

===> START JACKKNIFE REPLICATE NUMBER 494

Creating jackknife alignment (seed: 786220)...
Reading input tree file gl_output_rmq.fasta.raxml.bestTree ...

NOTE: 7 MB RAM (0 GB) is required!
Estimate model parameters (epsilon = 0.010)
1. Initial log-likelihood: -41153.116
2. Current log-likelihood: -41068.543
3. Current log-likelihood: -41067.512
Optimal log-likelihood: -41067.512
Rate parameters:  A-C: 1.00000  A-G: 2.39225  A-T: 1.00000  C-G: 1.00000  C-T: 2.39225  G-T: 1.00000
Base frequencies:  A: 0.284  C: 0.210  G: 0.226  T: 0.280
Parameters optimization took 3 rounds (0.096 sec)
Wrote distance file to... 
BEST SCORE FOUND : -41067.512
Total tree length: 0.022

Total number of iterations: 0
CPU time used for tree search: 0.000 sec (0h:0m:0s)
Wall-clock time used for tree search: 0.000 sec (0h:0m:0s)
Total CPU time used: 277.207 sec (0h:4m:37s)
Total wall-clock time used: 104.892 sec (0h:1m:44s)

===> START JACKKNIFE REPLICATE NUMBER 495

Creating jackknife alignment (seed: 786221)...
Reading input tree file gl_output_rmq.fasta.raxml.bestTree ...

NOTE: 7 MB RAM (0 GB) is required!
Estimate model parameters (epsilon = 0.010)
1. Initial log-likelihood: -40941.449
2. Current log-likelihood: -40842.339
3. Current log-likelihood: -40842.169
Optimal log-likelihood: -40842.162
Rate parameters:  A-C: 1.00000  A-G: 2.70727  A-T: 1.00000  C-G: 1.00000  C-T: 2.70727  G-T: 1.00000
Base frequencies:  A: 0.283  C: 0.212  G: 0.225  T: 0.280
Parameters optimization took 3 rounds (0.101 sec)
Wrote distance file to... 
BEST SCORE FOUND : -40842.162
Total tree length: 0.021

Total number of iterations: 0
CPU time used for tree search: 0.000 sec (0h:0m:0s)
Wall-clock time used for tree search: 0.000 sec (0h:0m:0s)
Total CPU time used: 277.644 sec (0h:4m:37s)
Total wall-clock time used: 105.050 sec (0h:1m:45s)

===> START JACKKNIFE REPLICATE NUMBER 496

Creating jackknife alignment (seed: 786222)...
Reading input tree file gl_output_rmq.fasta.raxml.bestTree ...

NOTE: 7 MB RAM (0 GB) is required!
Estimate model parameters (epsilon = 0.010)
1. Initial log-likelihood: -40970.391
2. Current log-likelihood: -40870.678
3. Current log-likelihood: -40870.576
Optimal log-likelihood: -40870.575
Rate parameters:  A-C: 1.00000  A-G: 2.80938  A-T: 1.00000  C-G: 1.00000  C-T: 2.80938  G-T: 1.00000
Base frequencies:  A: 0.286  C: 0.207  G: 0.228  T: 0.279
Parameters optimization took 3 rounds (0.115 sec)
Wrote distance file to... 
BEST SCORE FOUND : -40870.575
Total tree length: 0.021

Total number of iterations: 0
CPU time used for tree search: 0.000 sec (0h:0m:0s)
Wall-clock time used for tree search: 0.000 sec (0h:0m:0s)
Total CPU time used: 278.120 sec (0h:4m:38s)
Total wall-clock time used: 105.222 sec (0h:1m:45s)

===> START JACKKNIFE REPLICATE NUMBER 497

Creating jackknife alignment (seed: 786223)...
Reading input tree file gl_output_rmq.fasta.raxml.bestTree ...

NOTE: 7 MB RAM (0 GB) is required!
Estimate model parameters (epsilon = 0.010)
1. Initial log-likelihood: -40915.133
2. Current log-likelihood: -40819.644
3. Current log-likelihood: -40819.573
Optimal log-likelihood: -40819.570
Rate parameters:  A-C: 1.00000  A-G: 2.59446  A-T: 1.00000  C-G: 1.00000  C-T: 2.59446  G-T: 1.00000
Base frequencies:  A: 0.285  C: 0.207  G: 0.229  T: 0.279
Parameters optimization took 3 rounds (0.088 sec)
Wrote distance file to... 
BEST SCORE FOUND : -40819.570
Total tree length: 0.021

Total number of iterations: 0
CPU time used for tree search: 0.000 sec (0h:0m:0s)
Wall-clock time used for tree search: 0.000 sec (0h:0m:0s)
Total CPU time used: 278.521 sec (0h:4m:38s)
Total wall-clock time used: 105.367 sec (0h:1m:45s)

===> START JACKKNIFE REPLICATE NUMBER 498

Creating jackknife alignment (seed: 786224)...
Reading input tree file gl_output_rmq.fasta.raxml.bestTree ...

NOTE: 8 MB RAM (0 GB) is required!
Estimate model parameters (epsilon = 0.010)
1. Initial log-likelihood: -41200.214
2. Current log-likelihood: -41124.452
3. Current log-likelihood: -41124.316
Optimal log-likelihood: -41124.316
Rate parameters:  A-C: 1.00000  A-G: 2.33025  A-T: 1.00000  C-G: 1.00000  C-T: 2.33025  G-T: 1.00000
Base frequencies:  A: 0.281  C: 0.213  G: 0.225  T: 0.281
Parameters optimization took 3 rounds (0.117 sec)
Wrote distance file to... 
BEST SCORE FOUND : -41124.316
Total tree length: 0.022

Total number of iterations: 0
CPU time used for tree search: 0.000 sec (0h:0m:0s)
Wall-clock time used for tree search: 0.000 sec (0h:0m:0s)
Total CPU time used: 279.005 sec (0h:4m:39s)
Total wall-clock time used: 105.545 sec (0h:1m:45s)

===> START JACKKNIFE REPLICATE NUMBER 499

Creating jackknife alignment (seed: 786225)...
Reading input tree file gl_output_rmq.fasta.raxml.bestTree ...

NOTE: 7 MB RAM (0 GB) is required!
Estimate model parameters (epsilon = 0.010)
1. Initial log-likelihood: -40755.581
2. Current log-likelihood: -40667.690
3. Current log-likelihood: -40667.339
Optimal log-likelihood: -40667.339
Rate parameters:  A-C: 1.00000  A-G: 2.20110  A-T: 1.00000  C-G: 1.00000  C-T: 2.20110  G-T: 1.00000
Base frequencies:  A: 0.285  C: 0.211  G: 0.225  T: 0.279
Parameters optimization took 3 rounds (0.091 sec)
Wrote distance file to... 
BEST SCORE FOUND : -40667.339
Total tree length: 0.020

Total number of iterations: 0
CPU time used for tree search: 0.000 sec (0h:0m:0s)
Wall-clock time used for tree search: 0.000 sec (0h:0m:0s)
Total CPU time used: 279.420 sec (0h:4m:39s)
Total wall-clock time used: 105.696 sec (0h:1m:45s)

===> START JACKKNIFE REPLICATE NUMBER 500

Creating jackknife alignment (seed: 786226)...
Reading input tree file gl_output_rmq.fasta.raxml.bestTree ...

NOTE: 8 MB RAM (0 GB) is required!
Estimate model parameters (epsilon = 0.010)
1. Initial log-likelihood: -41406.481
2. Current log-likelihood: -41312.619
3. Current log-likelihood: -41312.598
Optimal log-likelihood: -41312.598
Rate parameters:  A-C: 1.00000  A-G: 2.51312  A-T: 1.00000  C-G: 1.00000  C-T: 2.51312  G-T: 1.00000
Base frequencies:  A: 0.281  C: 0.211  G: 0.226  T: 0.281
Parameters optimization took 3 rounds (0.091 sec)
Wrote distance file to... 
BEST SCORE FOUND : -41312.598
Total tree length: 0.023

Total number of iterations: 0
CPU time used for tree search: 0.000 sec (0h:0m:0s)
Wall-clock time used for tree search: 0.000 sec (0h:0m:0s)
Total CPU time used: 279.829 sec (0h:4m:39s)
Total wall-clock time used: 105.844 sec (0h:1m:45s)

===> START JACKKNIFE REPLICATE NUMBER 501

Creating jackknife alignment (seed: 786227)...
Reading input tree file gl_output_rmq.fasta.raxml.bestTree ...

NOTE: 8 MB RAM (0 GB) is required!
Estimate model parameters (epsilon = 0.010)
1. Initial log-likelihood: -41187.961
2. Current log-likelihood: -41091.328
3. Current log-likelihood: -41091.151
4. Current log-likelihood: -41091.132
Optimal log-likelihood: -41091.131
Rate parameters:  A-C: 1.00000  A-G: 2.55387  A-T: 1.00000  C-G: 1.00000  C-T: 2.55387  G-T: 1.00000
Base frequencies:  A: 0.282  C: 0.212  G: 0.227  T: 0.279
Parameters optimization took 4 rounds (0.112 sec)
Wrote distance file to... 
BEST SCORE FOUND : -41091.131
Total tree length: 0.022

Total number of iterations: 0
CPU time used for tree search: 0.000 sec (0h:0m:0s)
Wall-clock time used for tree search: 0.000 sec (0h:0m:0s)
Total CPU time used: 280.300 sec (0h:4m:40s)
Total wall-clock time used: 106.013 sec (0h:1m:46s)

===> START JACKKNIFE REPLICATE NUMBER 502

Creating jackknife alignment (seed: 786228)...
Reading input tree file gl_output_rmq.fasta.raxml.bestTree ...

NOTE: 7 MB RAM (0 GB) is required!
Estimate model parameters (epsilon = 0.010)
1. Initial log-likelihood: -41156.847
2. Current log-likelihood: -41061.093
Optimal log-likelihood: -41061.085
Rate parameters:  A-C: 1.00000  A-G: 2.48159  A-T: 1.00000  C-G: 1.00000  C-T: 2.48159  G-T: 1.00000
Base frequencies:  A: 0.284  C: 0.209  G: 0.227  T: 0.281
Parameters optimization took 2 rounds (0.070 sec)
Wrote distance file to... 
BEST SCORE FOUND : -41061.085
Total tree length: 0.022

Total number of iterations: 0
CPU time used for tree search: 0.000 sec (0h:0m:0s)
Wall-clock time used for tree search: 0.000 sec (0h:0m:0s)
Total CPU time used: 280.650 sec (0h:4m:40s)
Total wall-clock time used: 106.141 sec (0h:1m:46s)

===> START JACKKNIFE REPLICATE NUMBER 503

Creating jackknife alignment (seed: 786229)...
Reading input tree file gl_output_rmq.fasta.raxml.bestTree ...

NOTE: 7 MB RAM (0 GB) is required!
Estimate model parameters (epsilon = 0.010)
1. Initial log-likelihood: -40643.389
2. Current log-likelihood: -40543.632
3. Current log-likelihood: -40543.601
Optimal log-likelihood: -40543.598
Rate parameters:  A-C: 1.00000  A-G: 2.65541  A-T: 1.00000  C-G: 1.00000  C-T: 2.65541  G-T: 1.00000
Base frequencies:  A: 0.287  C: 0.204  G: 0.229  T: 0.281
Parameters optimization took 3 rounds (0.097 sec)
Wrote distance file to... 
BEST SCORE FOUND : -40543.598
Total tree length: 0.020

Total number of iterations: 0
CPU time used for tree search: 0.000 sec (0h:0m:0s)
Wall-clock time used for tree search: 0.000 sec (0h:0m:0s)
Total CPU time used: 281.071 sec (0h:4m:41s)
Total wall-clock time used: 106.293 sec (0h:1m:46s)

===> START JACKKNIFE REPLICATE NUMBER 504

Creating jackknife alignment (seed: 786230)...
Reading input tree file gl_output_rmq.fasta.raxml.bestTree ...

NOTE: 8 MB RAM (0 GB) is required!
Estimate model parameters (epsilon = 0.010)
1. Initial log-likelihood: -41180.162
2. Current log-likelihood: -41079.499
3. Current log-likelihood: -41079.385
Optimal log-likelihood: -41079.381
Rate parameters:  A-C: 1.00000  A-G: 2.61316  A-T: 1.00000  C-G: 1.00000  C-T: 2.61316  G-T: 1.00000
Base frequencies:  A: 0.283  C: 0.210  G: 0.230  T: 0.278
Parameters optimization took 3 rounds (0.090 sec)
Wrote distance file to... 
BEST SCORE FOUND : -41079.381
Total tree length: 0.022

Total number of iterations: 0
CPU time used for tree search: 0.000 sec (0h:0m:0s)
Wall-clock time used for tree search: 0.000 sec (0h:0m:0s)
Total CPU time used: 281.477 sec (0h:4m:41s)
Total wall-clock time used: 106.440 sec (0h:1m:46s)

===> START JACKKNIFE REPLICATE NUMBER 505

Creating jackknife alignment (seed: 786231)...
Reading input tree file gl_output_rmq.fasta.raxml.bestTree ...

NOTE: 7 MB RAM (0 GB) is required!
Estimate model parameters (epsilon = 0.010)
1. Initial log-likelihood: -41223.621
2. Current log-likelihood: -41149.014
3. Current log-likelihood: -41148.834
Optimal log-likelihood: -41148.834
Rate parameters:  A-C: 1.00000  A-G: 2.24503  A-T: 1.00000  C-G: 1.00000  C-T: 2.24503  G-T: 1.00000
Base frequencies:  A: 0.282  C: 0.211  G: 0.227  T: 0.280
Parameters optimization took 3 rounds (0.092 sec)
Wrote distance file to... 
BEST SCORE FOUND : -41148.834
Total tree length: 0.022

Total number of iterations: 0
CPU time used for tree search: 0.000 sec (0h:0m:0s)
Wall-clock time used for tree search: 0.000 sec (0h:0m:0s)
Total CPU time used: 281.888 sec (0h:4m:41s)
Total wall-clock time used: 106.589 sec (0h:1m:46s)

===> START JACKKNIFE REPLICATE NUMBER 506

Creating jackknife alignment (seed: 786232)...
Reading input tree file gl_output_rmq.fasta.raxml.bestTree ...

NOTE: 7 MB RAM (0 GB) is required!
Estimate model parameters (epsilon = 0.010)
1. Initial log-likelihood: -40785.014
2. Current log-likelihood: -40704.318
3. Current log-likelihood: -40703.585
Optimal log-likelihood: -40703.585
Rate parameters:  A-C: 1.00000  A-G: 2.36290  A-T: 1.00000  C-G: 1.00000  C-T: 2.36290  G-T: 1.00000
Base frequencies:  A: 0.281  C: 0.210  G: 0.227  T: 0.281
Parameters optimization took 3 rounds (0.099 sec)
Wrote distance file to... 
BEST SCORE FOUND : -40703.585
Total tree length: 0.020

Total number of iterations: 0
CPU time used for tree search: 0.000 sec (0h:0m:0s)
Wall-clock time used for tree search: 0.000 sec (0h:0m:0s)
Total CPU time used: 282.315 sec (0h:4m:42s)
Total wall-clock time used: 106.744 sec (0h:1m:46s)

===> START JACKKNIFE REPLICATE NUMBER 507

Creating jackknife alignment (seed: 786233)...
Reading input tree file gl_output_rmq.fasta.raxml.bestTree ...

NOTE: 7 MB RAM (0 GB) is required!
Estimate model parameters (epsilon = 0.010)
1. Initial log-likelihood: -40974.103
2. Current log-likelihood: -40878.906
3. Current log-likelihood: -40878.747
4. Current log-likelihood: -40878.730
Optimal log-likelihood: -40878.730
Rate parameters:  A-C: 1.00000  A-G: 2.48301  A-T: 1.00000  C-G: 1.00000  C-T: 2.48301  G-T: 1.00000
Base frequencies:  A: 0.280  C: 0.210  G: 0.232  T: 0.278
Parameters optimization took 4 rounds (0.116 sec)
Wrote distance file to... 
BEST SCORE FOUND : -40878.730
Total tree length: 0.021

Total number of iterations: 0
CPU time used for tree search: 0.000 sec (0h:0m:0s)
Wall-clock time used for tree search: 0.000 sec (0h:0m:0s)
Total CPU time used: 282.806 sec (0h:4m:42s)
Total wall-clock time used: 106.927 sec (0h:1m:46s)

===> START JACKKNIFE REPLICATE NUMBER 508

Creating jackknife alignment (seed: 786234)...
Reading input tree file gl_output_rmq.fasta.raxml.bestTree ...

NOTE: 7 MB RAM (0 GB) is required!
Estimate model parameters (epsilon = 0.010)
1. Initial log-likelihood: -40933.060
2. Current log-likelihood: -40845.085
3. Current log-likelihood: -40845.056
Optimal log-likelihood: -40845.056
Rate parameters:  A-C: 1.00000  A-G: 2.39868  A-T: 1.00000  C-G: 1.00000  C-T: 2.39868  G-T: 1.00000
Base frequencies:  A: 0.283  C: 0.213  G: 0.225  T: 0.280
Parameters optimization took 3 rounds (0.121 sec)
Wrote distance file to... 
BEST SCORE FOUND : -40845.056
Total tree length: 0.021

Total number of iterations: 0
CPU time used for tree search: 0.000 sec (0h:0m:0s)
Wall-clock time used for tree search: 0.000 sec (0h:0m:0s)
Total CPU time used: 283.301 sec (0h:4m:43s)
Total wall-clock time used: 107.104 sec (0h:1m:47s)

===> START JACKKNIFE REPLICATE NUMBER 509

Creating jackknife alignment (seed: 786235)...
Reading input tree file gl_output_rmq.fasta.raxml.bestTree ...

NOTE: 7 MB RAM (0 GB) is required!
Estimate model parameters (epsilon = 0.010)
1. Initial log-likelihood: -40895.182
2. Current log-likelihood: -40808.236
3. Current log-likelihood: -40807.981
Optimal log-likelihood: -40807.980
Rate parameters:  A-C: 1.00000  A-G: 2.32589  A-T: 1.00000  C-G: 1.00000  C-T: 2.32589  G-T: 1.00000
Base frequencies:  A: 0.283  C: 0.208  G: 0.230  T: 0.279
Parameters optimization took 3 rounds (0.098 sec)
Wrote distance file to... 
BEST SCORE FOUND : -40807.980
Total tree length: 0.021

Total number of iterations: 0
CPU time used for tree search: 0.000 sec (0h:0m:0s)
Wall-clock time used for tree search: 0.000 sec (0h:0m:0s)
Total CPU time used: 283.730 sec (0h:4m:43s)
Total wall-clock time used: 107.260 sec (0h:1m:47s)

===> START JACKKNIFE REPLICATE NUMBER 510

Creating jackknife alignment (seed: 786236)...
Reading input tree file gl_output_rmq.fasta.raxml.bestTree ...

NOTE: 7 MB RAM (0 GB) is required!
Estimate model parameters (epsilon = 0.010)
1. Initial log-likelihood: -40696.407
2. Current log-likelihood: -40598.668
3. Current log-likelihood: -40598.650
Optimal log-likelihood: -40598.647
Rate parameters:  A-C: 1.00000  A-G: 2.58001  A-T: 1.00000  C-G: 1.00000  C-T: 2.58001  G-T: 1.00000
Base frequencies:  A: 0.284  C: 0.210  G: 0.227  T: 0.279
Parameters optimization took 3 rounds (0.080 sec)
Wrote distance file to... 
BEST SCORE FOUND : -40598.647
Total tree length: 0.020

Total number of iterations: 0
CPU time used for tree search: 0.000 sec (0h:0m:0s)
Wall-clock time used for tree search: 0.000 sec (0h:0m:0s)
Total CPU time used: 284.102 sec (0h:4m:44s)
Total wall-clock time used: 107.396 sec (0h:1m:47s)

===> START JACKKNIFE REPLICATE NUMBER 511

Creating jackknife alignment (seed: 786237)...
Reading input tree file gl_output_rmq.fasta.raxml.bestTree ...

NOTE: 7 MB RAM (0 GB) is required!
Estimate model parameters (epsilon = 0.010)
1. Initial log-likelihood: -41325.211
2. Current log-likelihood: -41227.100
3. Current log-likelihood: -41226.852
Optimal log-likelihood: -41226.850
Rate parameters:  A-C: 1.00000  A-G: 2.67686  A-T: 1.00000  C-G: 1.00000  C-T: 2.67686  G-T: 1.00000
Base frequencies:  A: 0.279  C: 0.208  G: 0.229  T: 0.283
Parameters optimization took 3 rounds (0.093 sec)
Wrote distance file to... 
BEST SCORE FOUND : -41226.850
Total tree length: 0.023

Total number of iterations: 0
CPU time used for tree search: 0.000 sec (0h:0m:0s)
Wall-clock time used for tree search: 0.000 sec (0h:0m:0s)
Total CPU time used: 284.525 sec (0h:4m:44s)
Total wall-clock time used: 107.550 sec (0h:1m:47s)

===> START JACKKNIFE REPLICATE NUMBER 512

Creating jackknife alignment (seed: 786238)...
Reading input tree file gl_output_rmq.fasta.raxml.bestTree ...

NOTE: 7 MB RAM (0 GB) is required!
Estimate model parameters (epsilon = 0.010)
1. Initial log-likelihood: -40806.262
2. Current log-likelihood: -40711.452
3. Current log-likelihood: -40711.392
Optimal log-likelihood: -40711.390
Rate parameters:  A-C: 1.00000  A-G: 2.52153  A-T: 1.00000  C-G: 1.00000  C-T: 2.52153  G-T: 1.00000
Base frequencies:  A: 0.283  C: 0.214  G: 0.223  T: 0.280
Parameters optimization took 3 rounds (0.088 sec)
Wrote distance file to... 
BEST SCORE FOUND : -40711.390
Total tree length: 0.020

Total number of iterations: 0
CPU time used for tree search: 0.000 sec (0h:0m:0s)
Wall-clock time used for tree search: 0.000 sec (0h:0m:0s)
Total CPU time used: 284.931 sec (0h:4m:44s)
Total wall-clock time used: 107.698 sec (0h:1m:47s)

===> START JACKKNIFE REPLICATE NUMBER 513

Creating jackknife alignment (seed: 786239)...
Reading input tree file gl_output_rmq.fasta.raxml.bestTree ...

NOTE: 7 MB RAM (0 GB) is required!
Estimate model parameters (epsilon = 0.010)
1. Initial log-likelihood: -40701.896
2. Current log-likelihood: -40612.198
3. Current log-likelihood: -40612.079
4. Current log-likelihood: -40612.057
Optimal log-likelihood: -40612.048
Rate parameters:  A-C: 1.00000  A-G: 2.36522  A-T: 1.00000  C-G: 1.00000  C-T: 2.36522  G-T: 1.00000
Base frequencies:  A: 0.280  C: 0.213  G: 0.227  T: 0.280
Parameters optimization took 4 rounds (0.156 sec)
Wrote distance file to... 
BEST SCORE FOUND : -40612.048
Total tree length: 0.020

Total number of iterations: 0
CPU time used for tree search: 0.000 sec (0h:0m:0s)
Wall-clock time used for tree search: 0.000 sec (0h:0m:0s)
Total CPU time used: 285.533 sec (0h:4m:45s)
Total wall-clock time used: 107.910 sec (0h:1m:47s)

===> START JACKKNIFE REPLICATE NUMBER 514

Creating jackknife alignment (seed: 786240)...
Reading input tree file gl_output_rmq.fasta.raxml.bestTree ...

NOTE: 7 MB RAM (0 GB) is required!
Estimate model parameters (epsilon = 0.010)
1. Initial log-likelihood: -41234.679
2. Current log-likelihood: -41139.767
3. Current log-likelihood: -41139.674
Optimal log-likelihood: -41139.665
Rate parameters:  A-C: 1.00000  A-G: 2.71036  A-T: 1.00000  C-G: 1.00000  C-T: 2.71036  G-T: 1.00000
Base frequencies:  A: 0.281  C: 0.209  G: 0.231  T: 0.279
Parameters optimization took 3 rounds (0.095 sec)
Wrote distance file to... 
BEST SCORE FOUND : -41139.665
Total tree length: 0.022

Total number of iterations: 0
CPU time used for tree search: 0.000 sec (0h:0m:0s)
Wall-clock time used for tree search: 0.000 sec (0h:0m:0s)
Total CPU time used: 285.951 sec (0h:4m:45s)
Total wall-clock time used: 108.063 sec (0h:1m:48s)

===> START JACKKNIFE REPLICATE NUMBER 515

Creating jackknife alignment (seed: 786241)...
Reading input tree file gl_output_rmq.fasta.raxml.bestTree ...

NOTE: 7 MB RAM (0 GB) is required!
Estimate model parameters (epsilon = 0.010)
1. Initial log-likelihood: -40781.290
2. Current log-likelihood: -40699.627
3. Current log-likelihood: -40698.717
Optimal log-likelihood: -40698.717
Rate parameters:  A-C: 1.00000  A-G: 2.26586  A-T: 1.00000  C-G: 1.00000  C-T: 2.26586  G-T: 1.00000
Base frequencies:  A: 0.283  C: 0.211  G: 0.226  T: 0.280
Parameters optimization took 3 rounds (0.093 sec)
Wrote distance file to... 
BEST SCORE FOUND : -40698.717
Total tree length: 0.020

Total number of iterations: 0
CPU time used for tree search: 0.000 sec (0h:0m:0s)
Wall-clock time used for tree search: 0.000 sec (0h:0m:0s)
Total CPU time used: 286.367 sec (0h:4m:46s)
Total wall-clock time used: 108.214 sec (0h:1m:48s)

===> START JACKKNIFE REPLICATE NUMBER 516

Creating jackknife alignment (seed: 786242)...
Reading input tree file gl_output_rmq.fasta.raxml.bestTree ...

NOTE: 7 MB RAM (0 GB) is required!
Estimate model parameters (epsilon = 0.010)
1. Initial log-likelihood: -41024.083
2. Current log-likelihood: -40942.443
3. Current log-likelihood: -40930.419
4. Current log-likelihood: -40891.488
5. Current log-likelihood: -40891.478
Optimal log-likelihood: -40891.477
Rate parameters:  A-C: 1.00000  A-G: 3.39844  A-T: 1.00000  C-G: 1.00000  C-T: 3.39844  G-T: 1.00000
Base frequencies:  A: 0.284  C: 0.205  G: 0.226  T: 0.285
Parameters optimization took 5 rounds (0.154 sec)
Wrote distance file to... 
BEST SCORE FOUND : -40891.477
Total tree length: 0.022

Total number of iterations: 0
CPU time used for tree search: 0.000 sec (0h:0m:0s)
Wall-clock time used for tree search: 0.000 sec (0h:0m:0s)
Total CPU time used: 286.963 sec (0h:4m:46s)
Total wall-clock time used: 108.426 sec (0h:1m:48s)

===> START JACKKNIFE REPLICATE NUMBER 517

Creating jackknife alignment (seed: 786243)...
Reading input tree file gl_output_rmq.fasta.raxml.bestTree ...

NOTE: 7 MB RAM (0 GB) is required!
Estimate model parameters (epsilon = 0.010)
1. Initial log-likelihood: -41150.958
2. Current log-likelihood: -41062.182
3. Current log-likelihood: -41061.836
Optimal log-likelihood: -41061.835
Rate parameters:  A-C: 1.00000  A-G: 2.45772  A-T: 1.00000  C-G: 1.00000  C-T: 2.45772  G-T: 1.00000
Base frequencies:  A: 0.281  C: 0.209  G: 0.226  T: 0.284
Parameters optimization took 3 rounds (0.097 sec)
Wrote distance file to... 
BEST SCORE FOUND : -41061.835
Total tree length: 0.022

Total number of iterations: 0
CPU time used for tree search: 0.000 sec (0h:0m:0s)
Wall-clock time used for tree search: 0.000 sec (0h:0m:0s)
Total CPU time used: 287.392 sec (0h:4m:47s)
Total wall-clock time used: 108.582 sec (0h:1m:48s)

===> START JACKKNIFE REPLICATE NUMBER 518

Creating jackknife alignment (seed: 786244)...
Reading input tree file gl_output_rmq.fasta.raxml.bestTree ...

NOTE: 7 MB RAM (0 GB) is required!
Estimate model parameters (epsilon = 0.010)
1. Initial log-likelihood: -40878.873
2. Current log-likelihood: -40782.013
3. Current log-likelihood: -40781.988
Optimal log-likelihood: -40781.984
Rate parameters:  A-C: 1.00000  A-G: 2.61622  A-T: 1.00000  C-G: 1.00000  C-T: 2.61622  G-T: 1.00000
Base frequencies:  A: 0.283  C: 0.212  G: 0.225  T: 0.280
Parameters optimization took 3 rounds (0.090 sec)
Wrote distance file to... 
BEST SCORE FOUND : -40781.984
Total tree length: 0.021

Total number of iterations: 0
CPU time used for tree search: 0.000 sec (0h:0m:0s)
Wall-clock time used for tree search: 0.000 sec (0h:0m:0s)
Total CPU time used: 287.801 sec (0h:4m:47s)
Total wall-clock time used: 108.737 sec (0h:1m:48s)

===> START JACKKNIFE REPLICATE NUMBER 519

Creating jackknife alignment (seed: 786245)...
Reading input tree file gl_output_rmq.fasta.raxml.bestTree ...

NOTE: 8 MB RAM (0 GB) is required!
Estimate model parameters (epsilon = 0.010)
1. Initial log-likelihood: -41220.287
2. Current log-likelihood: -41134.724
3. Current log-likelihood: -41134.413
Optimal log-likelihood: -41134.413
Rate parameters:  A-C: 1.00000  A-G: 2.52595  A-T: 1.00000  C-G: 1.00000  C-T: 2.52595  G-T: 1.00000
Base frequencies:  A: 0.282  C: 0.209  G: 0.225  T: 0.284
Parameters optimization took 3 rounds (0.120 sec)
Wrote distance file to... 
BEST SCORE FOUND : -41134.413
Total tree length: 0.022

Total number of iterations: 0
CPU time used for tree search: 0.000 sec (0h:0m:0s)
Wall-clock time used for tree search: 0.000 sec (0h:0m:0s)
Total CPU time used: 288.294 sec (0h:4m:48s)
Total wall-clock time used: 108.914 sec (0h:1m:48s)

===> START JACKKNIFE REPLICATE NUMBER 520

Creating jackknife alignment (seed: 786246)...
Reading input tree file gl_output_rmq.fasta.raxml.bestTree ...

NOTE: 7 MB RAM (0 GB) is required!
Estimate model parameters (epsilon = 0.010)
1. Initial log-likelihood: -40973.686
2. Current log-likelihood: -40890.161
3. Current log-likelihood: -40889.810
Optimal log-likelihood: -40889.810
Rate parameters:  A-C: 1.00000  A-G: 2.37768  A-T: 1.00000  C-G: 1.00000  C-T: 2.37768  G-T: 1.00000
Base frequencies:  A: 0.283  C: 0.207  G: 0.228  T: 0.282
Parameters optimization took 3 rounds (0.098 sec)
Wrote distance file to... 
BEST SCORE FOUND : -40889.810
Total tree length: 0.021

Total number of iterations: 0
CPU time used for tree search: 0.000 sec (0h:0m:0s)
Wall-clock time used for tree search: 0.000 sec (0h:0m:0s)
Total CPU time used: 288.726 sec (0h:4m:48s)
Total wall-clock time used: 109.072 sec (0h:1m:49s)

===> START JACKKNIFE REPLICATE NUMBER 521

Creating jackknife alignment (seed: 786247)...
Reading input tree file gl_output_rmq.fasta.raxml.bestTree ...

NOTE: 7 MB RAM (0 GB) is required!
Estimate model parameters (epsilon = 0.010)
1. Initial log-likelihood: -40828.695
2. Current log-likelihood: -40729.561
3. Current log-likelihood: -40729.534
Optimal log-likelihood: -40729.531
Rate parameters:  A-C: 1.00000  A-G: 2.66342  A-T: 1.00000  C-G: 1.00000  C-T: 2.66342  G-T: 1.00000
Base frequencies:  A: 0.285  C: 0.208  G: 0.226  T: 0.281
Parameters optimization took 3 rounds (0.110 sec)
Wrote distance file to... 
BEST SCORE FOUND : -40729.531
Total tree length: 0.021

Total number of iterations: 0
CPU time used for tree search: 0.000 sec (0h:0m:0s)
Wall-clock time used for tree search: 0.000 sec (0h:0m:0s)
Total CPU time used: 289.186 sec (0h:4m:49s)
Total wall-clock time used: 109.237 sec (0h:1m:49s)

===> START JACKKNIFE REPLICATE NUMBER 522

Creating jackknife alignment (seed: 786248)...
Reading input tree file gl_output_rmq.fasta.raxml.bestTree ...

NOTE: 8 MB RAM (0 GB) is required!
Estimate model parameters (epsilon = 0.010)
1. Initial log-likelihood: -41209.783
2. Current log-likelihood: -41134.100
3. Current log-likelihood: -41134.071
Optimal log-likelihood: -41134.071
Rate parameters:  A-C: 1.00000  A-G: 2.24319  A-T: 1.00000  C-G: 1.00000  C-T: 2.24319  G-T: 1.00000
Base frequencies:  A: 0.282  C: 0.208  G: 0.228  T: 0.282
Parameters optimization took 3 rounds (0.093 sec)
Wrote distance file to... 
BEST SCORE FOUND : -41134.071
Total tree length: 0.023

Total number of iterations: 0
CPU time used for tree search: 0.000 sec (0h:0m:0s)
Wall-clock time used for tree search: 0.000 sec (0h:0m:0s)
Total CPU time used: 289.604 sec (0h:4m:49s)
Total wall-clock time used: 109.390 sec (0h:1m:49s)

===> START JACKKNIFE REPLICATE NUMBER 523

Creating jackknife alignment (seed: 786249)...
Reading input tree file gl_output_rmq.fasta.raxml.bestTree ...

NOTE: 7 MB RAM (0 GB) is required!
Estimate model parameters (epsilon = 0.010)
1. Initial log-likelihood: -41114.729
2. Current log-likelihood: -41022.979
3. Current log-likelihood: -41022.630
Optimal log-likelihood: -41022.623
Rate parameters:  A-C: 1.00000  A-G: 2.48479  A-T: 1.00000  C-G: 1.00000  C-T: 2.48479  G-T: 1.00000
Base frequencies:  A: 0.282  C: 0.212  G: 0.228  T: 0.279
Parameters optimization took 3 rounds (0.098 sec)
Wrote distance file to... 
BEST SCORE FOUND : -41022.623
Total tree length: 0.022

Total number of iterations: 0
CPU time used for tree search: 0.000 sec (0h:0m:0s)
Wall-clock time used for tree search: 0.000 sec (0h:0m:0s)
Total CPU time used: 290.023 sec (0h:4m:50s)
Total wall-clock time used: 109.542 sec (0h:1m:49s)

===> START JACKKNIFE REPLICATE NUMBER 524

Creating jackknife alignment (seed: 786250)...
Reading input tree file gl_output_rmq.fasta.raxml.bestTree ...

NOTE: 7 MB RAM (0 GB) is required!
Estimate model parameters (epsilon = 0.010)
1. Initial log-likelihood: -41017.014
2. Current log-likelihood: -40919.697
3. Current log-likelihood: -40919.681
Optimal log-likelihood: -40919.678
Rate parameters:  A-C: 1.00000  A-G: 2.66752  A-T: 1.00000  C-G: 1.00000  C-T: 2.66752  G-T: 1.00000
Base frequencies:  A: 0.283  C: 0.208  G: 0.226  T: 0.283
Parameters optimization took 3 rounds (0.103 sec)
Wrote distance file to... 
BEST SCORE FOUND : -40919.678
Total tree length: 0.022

Total number of iterations: 0
CPU time used for tree search: 0.000 sec (0h:0m:0s)
Wall-clock time used for tree search: 0.000 sec (0h:0m:0s)
Total CPU time used: 290.464 sec (0h:4m:50s)
Total wall-clock time used: 109.701 sec (0h:1m:49s)

===> START JACKKNIFE REPLICATE NUMBER 525

Creating jackknife alignment (seed: 786251)...
Reading input tree file gl_output_rmq.fasta.raxml.bestTree ...

NOTE: 7 MB RAM (0 GB) is required!
Estimate model parameters (epsilon = 0.010)
1. Initial log-likelihood: -40904.796
2. Current log-likelihood: -40835.896
3. Current log-likelihood: -40835.636
4. Current log-likelihood: -40835.593
Optimal log-likelihood: -40835.585
Rate parameters:  A-C: 1.00000  A-G: 2.10063  A-T: 1.00000  C-G: 1.00000  C-T: 2.10063  G-T: 1.00000
Base frequencies:  A: 0.283  C: 0.208  G: 0.227  T: 0.281
Parameters optimization took 4 rounds (0.120 sec)
Wrote distance file to... 
BEST SCORE FOUND : -40835.585
Total tree length: 0.021

Total number of iterations: 0
CPU time used for tree search: 0.000 sec (0h:0m:0s)
Wall-clock time used for tree search: 0.000 sec (0h:0m:0s)
Total CPU time used: 290.963 sec (0h:4m:50s)
Total wall-clock time used: 109.881 sec (0h:1m:49s)

===> START JACKKNIFE REPLICATE NUMBER 526

Creating jackknife alignment (seed: 786252)...
Reading input tree file gl_output_rmq.fasta.raxml.bestTree ...

NOTE: 7 MB RAM (0 GB) is required!
Estimate model parameters (epsilon = 0.010)
1. Initial log-likelihood: -41137.351
2. Current log-likelihood: -41049.398
3. Current log-likelihood: -41049.006
Optimal log-likelihood: -41049.006
Rate parameters:  A-C: 1.00000  A-G: 2.29967  A-T: 1.00000  C-G: 1.00000  C-T: 2.29967  G-T: 1.00000
Base frequencies:  A: 0.281  C: 0.209  G: 0.230  T: 0.280
Parameters optimization took 3 rounds (0.095 sec)
Wrote distance file to... 
BEST SCORE FOUND : -41049.006
Total tree length: 0.022

Total number of iterations: 0
CPU time used for tree search: 0.000 sec (0h:0m:0s)
Wall-clock time used for tree search: 0.000 sec (0h:0m:0s)
Total CPU time used: 291.383 sec (0h:4m:51s)
Total wall-clock time used: 110.034 sec (0h:1m:50s)

===> START JACKKNIFE REPLICATE NUMBER 527

Creating jackknife alignment (seed: 786253)...
Reading input tree file gl_output_rmq.fasta.raxml.bestTree ...

NOTE: 8 MB RAM (0 GB) is required!
Estimate model parameters (epsilon = 0.010)
1. Initial log-likelihood: -41070.190
2. Current log-likelihood: -40971.963
3. Current log-likelihood: -40971.722
Optimal log-likelihood: -40971.720
Rate parameters:  A-C: 1.00000  A-G: 2.61567  A-T: 1.00000  C-G: 1.00000  C-T: 2.61567  G-T: 1.00000
Base frequencies:  A: 0.281  C: 0.209  G: 0.229  T: 0.281
Parameters optimization took 3 rounds (0.102 sec)
Wrote distance file to... 
BEST SCORE FOUND : -40971.720
Total tree length: 0.022

Total number of iterations: 0
CPU time used for tree search: 0.000 sec (0h:0m:0s)
Wall-clock time used for tree search: 0.000 sec (0h:0m:0s)
Total CPU time used: 291.825 sec (0h:4m:51s)
Total wall-clock time used: 110.194 sec (0h:1m:50s)

===> START JACKKNIFE REPLICATE NUMBER 528

Creating jackknife alignment (seed: 786254)...
Reading input tree file gl_output_rmq.fasta.raxml.bestTree ...

NOTE: 8 MB RAM (0 GB) is required!
Estimate model parameters (epsilon = 0.010)
1. Initial log-likelihood: -41065.125
2. Current log-likelihood: -40977.810
3. Current log-likelihood: -40977.719
4. Current log-likelihood: -40977.695
Optimal log-likelihood: -40977.691
Rate parameters:  A-C: 1.00000  A-G: 2.51574  A-T: 1.00000  C-G: 1.00000  C-T: 2.51574  G-T: 1.00000
Base frequencies:  A: 0.280  C: 0.213  G: 0.229  T: 0.277
Parameters optimization took 4 rounds (0.122 sec)
Wrote distance file to... 
BEST SCORE FOUND : -40977.691
Total tree length: 0.022

Total number of iterations: 0
CPU time used for tree search: 0.000 sec (0h:0m:0s)
Wall-clock time used for tree search: 0.000 sec (0h:0m:0s)
Total CPU time used: 292.325 sec (0h:4m:52s)
Total wall-clock time used: 110.374 sec (0h:1m:50s)

===> START JACKKNIFE REPLICATE NUMBER 529

Creating jackknife alignment (seed: 786255)...
Reading input tree file gl_output_rmq.fasta.raxml.bestTree ...

NOTE: 7 MB RAM (0 GB) is required!
Estimate model parameters (epsilon = 0.010)
1. Initial log-likelihood: -41124.297
2. Current log-likelihood: -41048.528
3. Current log-likelihood: -41048.023
4. Current log-likelihood: -41048.010
Optimal log-likelihood: -41048.007
Rate parameters:  A-C: 1.00000  A-G: 2.23883  A-T: 1.00000  C-G: 1.00000  C-T: 2.23883  G-T: 1.00000
Base frequencies:  A: 0.285  C: 0.210  G: 0.226  T: 0.278
Parameters optimization took 4 rounds (0.122 sec)
Wrote distance file to... 
BEST SCORE FOUND : -41048.007
Total tree length: 0.022

Total number of iterations: 0
CPU time used for tree search: 0.000 sec (0h:0m:0s)
Wall-clock time used for tree search: 0.000 sec (0h:0m:0s)
Total CPU time used: 292.830 sec (0h:4m:52s)
Total wall-clock time used: 110.554 sec (0h:1m:50s)

===> START JACKKNIFE REPLICATE NUMBER 530

Creating jackknife alignment (seed: 786256)...
Reading input tree file gl_output_rmq.fasta.raxml.bestTree ...

NOTE: 7 MB RAM (0 GB) is required!
Estimate model parameters (epsilon = 0.010)
1. Initial log-likelihood: -40603.608
2. Current log-likelihood: -40492.657
3. Current log-likelihood: -40492.581
4. Current log-likelihood: -40492.497
Optimal log-likelihood: -40492.496
Rate parameters:  A-C: 1.00000  A-G: 2.79147  A-T: 1.00000  C-G: 1.00000  C-T: 2.79147  G-T: 1.00000
Base frequencies:  A: 0.285  C: 0.208  G: 0.229  T: 0.277
Parameters optimization took 4 rounds (0.135 sec)
Wrote distance file to... 
BEST SCORE FOUND : -40492.496
Total tree length: 0.020

Total number of iterations: 0
CPU time used for tree search: 0.000 sec (0h:0m:0s)
Wall-clock time used for tree search: 0.000 sec (0h:0m:0s)
Total CPU time used: 293.371 sec (0h:4m:53s)
Total wall-clock time used: 110.749 sec (0h:1m:50s)

===> START JACKKNIFE REPLICATE NUMBER 531

Creating jackknife alignment (seed: 786257)...
Reading input tree file gl_output_rmq.fasta.raxml.bestTree ...

NOTE: 7 MB RAM (0 GB) is required!
Estimate model parameters (epsilon = 0.010)
1. Initial log-likelihood: -41167.647
2. Current log-likelihood: -41098.707
3. Current log-likelihood: -41098.615
Optimal log-likelihood: -41098.615
Rate parameters:  A-C: 1.00000  A-G: 2.08021  A-T: 1.00000  C-G: 1.00000  C-T: 2.08021  G-T: 1.00000
Base frequencies:  A: 0.282  C: 0.208  G: 0.228  T: 0.282
Parameters optimization took 3 rounds (0.111 sec)
Wrote distance file to... 
BEST SCORE FOUND : -41098.615
Total tree length: 0.022

Total number of iterations: 0
CPU time used for tree search: 0.000 sec (0h:0m:0s)
Wall-clock time used for tree search: 0.000 sec (0h:0m:0s)
Total CPU time used: 293.836 sec (0h:4m:53s)
Total wall-clock time used: 110.917 sec (0h:1m:50s)

===> START JACKKNIFE REPLICATE NUMBER 532

Creating jackknife alignment (seed: 786258)...
Reading input tree file gl_output_rmq.fasta.raxml.bestTree ...

NOTE: 7 MB RAM (0 GB) is required!
Estimate model parameters (epsilon = 0.010)
1. Initial log-likelihood: -40902.583
2. Current log-likelihood: -40810.285
3. Current log-likelihood: -40810.257
Optimal log-likelihood: -40810.253
Rate parameters:  A-C: 1.00000  A-G: 2.61825  A-T: 1.00000  C-G: 1.00000  C-T: 2.61825  G-T: 1.00000
Base frequencies:  A: 0.280  C: 0.210  G: 0.232  T: 0.278
Parameters optimization took 3 rounds (0.089 sec)
Wrote distance file to... 
BEST SCORE FOUND : -40810.253
Total tree length: 0.021

Total number of iterations: 0
CPU time used for tree search: 0.000 sec (0h:0m:0s)
Wall-clock time used for tree search: 0.000 sec (0h:0m:0s)
Total CPU time used: 294.235 sec (0h:4m:54s)
Total wall-clock time used: 111.068 sec (0h:1m:51s)

===> START JACKKNIFE REPLICATE NUMBER 533

Creating jackknife alignment (seed: 786259)...
Reading input tree file gl_output_rmq.fasta.raxml.bestTree ...

NOTE: 8 MB RAM (0 GB) is required!
Estimate model parameters (epsilon = 0.010)
1. Initial log-likelihood: -41298.838
2. Current log-likelihood: -41191.077
3. Current log-likelihood: -41190.898
Optimal log-likelihood: -41190.897
Rate parameters:  A-C: 1.00000  A-G: 2.78449  A-T: 1.00000  C-G: 1.00000  C-T: 2.78449  G-T: 1.00000
Base frequencies:  A: 0.285  C: 0.209  G: 0.227  T: 0.279
Parameters optimization took 3 rounds (0.100 sec)
Wrote distance file to... 
BEST SCORE FOUND : -41190.897
Total tree length: 0.023

Total number of iterations: 0
CPU time used for tree search: 0.000 sec (0h:0m:0s)
Wall-clock time used for tree search: 0.000 sec (0h:0m:0s)
Total CPU time used: 294.675 sec (0h:4m:54s)
Total wall-clock time used: 111.229 sec (0h:1m:51s)

===> START JACKKNIFE REPLICATE NUMBER 534

Creating jackknife alignment (seed: 786260)...
Reading input tree file gl_output_rmq.fasta.raxml.bestTree ...

NOTE: 7 MB RAM (0 GB) is required!
Estimate model parameters (epsilon = 0.010)
1. Initial log-likelihood: -41244.819
2. Current log-likelihood: -41165.205
3. Current log-likelihood: -41165.157
Optimal log-likelihood: -41165.156
Rate parameters:  A-C: 1.00000  A-G: 2.32316  A-T: 1.00000  C-G: 1.00000  C-T: 2.32316  G-T: 1.00000
Base frequencies:  A: 0.285  C: 0.208  G: 0.226  T: 0.281
Parameters optimization took 3 rounds (0.088 sec)
Wrote distance file to... 
BEST SCORE FOUND : -41165.156
Total tree length: 0.022

Total number of iterations: 0
CPU time used for tree search: 0.002 sec (0h:0m:0s)
Wall-clock time used for tree search: 0.000 sec (0h:0m:0s)
Total CPU time used: 295.073 sec (0h:4m:55s)
Total wall-clock time used: 111.376 sec (0h:1m:51s)

===> START JACKKNIFE REPLICATE NUMBER 535

Creating jackknife alignment (seed: 786261)...
Reading input tree file gl_output_rmq.fasta.raxml.bestTree ...

NOTE: 8 MB RAM (0 GB) is required!
Estimate model parameters (epsilon = 0.010)
1. Initial log-likelihood: -41309.781
2. Current log-likelihood: -41211.235
3. Current log-likelihood: -41210.896
4. Current log-likelihood: -41210.853
5. Current log-likelihood: -41210.830
6. Current log-likelihood: -41210.820
Optimal log-likelihood: -41210.806
Rate parameters:  A-C: 1.00000  A-G: 2.58070  A-T: 1.00000  C-G: 1.00000  C-T: 2.58070  G-T: 1.00000
Base frequencies:  A: 0.282  C: 0.212  G: 0.228  T: 0.278
Parameters optimization took 6 rounds (0.158 sec)
Wrote distance file to... 
BEST SCORE FOUND : -41210.806
Total tree length: 0.023

Total number of iterations: 0
CPU time used for tree search: 0.000 sec (0h:0m:0s)
Wall-clock time used for tree search: 0.000 sec (0h:0m:0s)
Total CPU time used: 295.671 sec (0h:4m:55s)
Total wall-clock time used: 111.590 sec (0h:1m:51s)

===> START JACKKNIFE REPLICATE NUMBER 536

Creating jackknife alignment (seed: 786262)...
Reading input tree file gl_output_rmq.fasta.raxml.bestTree ...

NOTE: 7 MB RAM (0 GB) is required!
Estimate model parameters (epsilon = 0.010)
1. Initial log-likelihood: -40745.904
2. Current log-likelihood: -40659.642
3. Current log-likelihood: -40658.765
Optimal log-likelihood: -40658.764
Rate parameters:  A-C: 1.00000  A-G: 2.34403  A-T: 1.00000  C-G: 1.00000  C-T: 2.34403  G-T: 1.00000
Base frequencies:  A: 0.284  C: 0.208  G: 0.230  T: 0.279
Parameters optimization took 3 rounds (0.098 sec)
Wrote distance file to... 
BEST SCORE FOUND : -40658.764
Total tree length: 0.020

Total number of iterations: 0
CPU time used for tree search: 0.000 sec (0h:0m:0s)
Wall-clock time used for tree search: 0.000 sec (0h:0m:0s)
Total CPU time used: 296.094 sec (0h:4m:56s)
Total wall-clock time used: 111.744 sec (0h:1m:51s)

===> START JACKKNIFE REPLICATE NUMBER 537

Creating jackknife alignment (seed: 786263)...
Reading input tree file gl_output_rmq.fasta.raxml.bestTree ...

NOTE: 7 MB RAM (0 GB) is required!
Estimate model parameters (epsilon = 0.010)
1. Initial log-likelihood: -41037.106
2. Current log-likelihood: -40951.659
3. Current log-likelihood: -40951.634
Optimal log-likelihood: -40951.631
Rate parameters:  A-C: 1.00000  A-G: 2.46981  A-T: 1.00000  C-G: 1.00000  C-T: 2.46981  G-T: 1.00000
Base frequencies:  A: 0.283  C: 0.211  G: 0.225  T: 0.280
Parameters optimization took 3 rounds (0.079 sec)
Wrote distance file to... 
BEST SCORE FOUND : -40951.631
Total tree length: 0.021

Total number of iterations: 0
CPU time used for tree search: 0.000 sec (0h:0m:0s)
Wall-clock time used for tree search: 0.000 sec (0h:0m:0s)
Total CPU time used: 296.463 sec (0h:4m:56s)
Total wall-clock time used: 111.880 sec (0h:1m:51s)

===> START JACKKNIFE REPLICATE NUMBER 538

Creating jackknife alignment (seed: 786264)...
Reading input tree file gl_output_rmq.fasta.raxml.bestTree ...

NOTE: 8 MB RAM (0 GB) is required!
Estimate model parameters (epsilon = 0.010)
1. Initial log-likelihood: -40989.835
2. Current log-likelihood: -40893.766
3. Current log-likelihood: -40893.448
Optimal log-likelihood: -40893.447
Rate parameters:  A-C: 1.00000  A-G: 2.44887  A-T: 1.00000  C-G: 1.00000  C-T: 2.44887  G-T: 1.00000
Base frequencies:  A: 0.284  C: 0.211  G: 0.224  T: 0.282
Parameters optimization took 3 rounds (0.096 sec)
Wrote distance file to... 
BEST SCORE FOUND : -40893.447
Total tree length: 0.022

Total number of iterations: 0
CPU time used for tree search: 0.000 sec (0h:0m:0s)
Wall-clock time used for tree search: 0.000 sec (0h:0m:0s)
Total CPU time used: 296.883 sec (0h:4m:56s)
Total wall-clock time used: 112.032 sec (0h:1m:52s)

===> START JACKKNIFE REPLICATE NUMBER 539

Creating jackknife alignment (seed: 786265)...
Reading input tree file gl_output_rmq.fasta.raxml.bestTree ...

NOTE: 7 MB RAM (0 GB) is required!
Estimate model parameters (epsilon = 0.010)
1. Initial log-likelihood: -40729.925
2. Current log-likelihood: -40640.658
3. Current log-likelihood: -40640.347
4. Current log-likelihood: -40640.330
Optimal log-likelihood: -40640.330
Rate parameters:  A-C: 1.00000  A-G: 2.41765  A-T: 1.00000  C-G: 1.00000  C-T: 2.41765  G-T: 1.00000
Base frequencies:  A: 0.281  C: 0.210  G: 0.227  T: 0.282
Parameters optimization took 4 rounds (0.119 sec)
Wrote distance file to... 
BEST SCORE FOUND : -40640.330
Total tree length: 0.020

Total number of iterations: 0
CPU time used for tree search: 0.000 sec (0h:0m:0s)
Wall-clock time used for tree search: 0.000 sec (0h:0m:0s)
Total CPU time used: 297.370 sec (0h:4m:57s)
Total wall-clock time used: 112.206 sec (0h:1m:52s)

===> START JACKKNIFE REPLICATE NUMBER 540

Creating jackknife alignment (seed: 786266)...
Reading input tree file gl_output_rmq.fasta.raxml.bestTree ...

NOTE: 7 MB RAM (0 GB) is required!
Estimate model parameters (epsilon = 0.010)
1. Initial log-likelihood: -40849.612
2. Current log-likelihood: -40750.848
3. Current log-likelihood: -40750.596
Optimal log-likelihood: -40750.594
Rate parameters:  A-C: 1.00000  A-G: 2.51268  A-T: 1.00000  C-G: 1.00000  C-T: 2.51268  G-T: 1.00000
Base frequencies:  A: 0.284  C: 0.212  G: 0.225  T: 0.280
Parameters optimization took 3 rounds (0.102 sec)
Wrote distance file to... 
BEST SCORE FOUND : -40750.594
Total tree length: 0.020

Total number of iterations: 0
CPU time used for tree search: 0.000 sec (0h:0m:0s)
Wall-clock time used for tree search: 0.000 sec (0h:0m:0s)
Total CPU time used: 297.802 sec (0h:4m:57s)
Total wall-clock time used: 112.363 sec (0h:1m:52s)

===> START JACKKNIFE REPLICATE NUMBER 541

Creating jackknife alignment (seed: 786267)...
Reading input tree file gl_output_rmq.fasta.raxml.bestTree ...

NOTE: 7 MB RAM (0 GB) is required!
Estimate model parameters (epsilon = 0.010)
1. Initial log-likelihood: -41201.425
2. Current log-likelihood: -41120.659
3. Current log-likelihood: -41120.593
Optimal log-likelihood: -41120.593
Rate parameters:  A-C: 1.00000  A-G: 2.31589  A-T: 1.00000  C-G: 1.00000  C-T: 2.31589  G-T: 1.00000
Base frequencies:  A: 0.283  C: 0.209  G: 0.225  T: 0.283
Parameters optimization took 3 rounds (0.095 sec)
Wrote distance file to... 
BEST SCORE FOUND : -41120.593
Total tree length: 0.022

Total number of iterations: 0
CPU time used for tree search: 0.000 sec (0h:0m:0s)
Wall-clock time used for tree search: 0.000 sec (0h:0m:0s)
Total CPU time used: 298.235 sec (0h:4m:58s)
Total wall-clock time used: 112.521 sec (0h:1m:52s)

===> START JACKKNIFE REPLICATE NUMBER 542

Creating jackknife alignment (seed: 786268)...
Reading input tree file gl_output_rmq.fasta.raxml.bestTree ...

NOTE: 8 MB RAM (0 GB) is required!
Estimate model parameters (epsilon = 0.010)
1. Initial log-likelihood: -40975.304
2. Current log-likelihood: -40902.410
3. Current log-likelihood: -40902.325
Optimal log-likelihood: -40902.325
Rate parameters:  A-C: 1.00000  A-G: 2.08990  A-T: 1.00000  C-G: 1.00000  C-T: 2.08990  G-T: 1.00000
Base frequencies:  A: 0.281  C: 0.210  G: 0.227  T: 0.282
Parameters optimization took 3 rounds (0.114 sec)
Wrote distance file to... 
BEST SCORE FOUND : -40902.325
Total tree length: 0.021

Total number of iterations: 0
CPU time used for tree search: 0.000 sec (0h:0m:0s)
Wall-clock time used for tree search: 0.000 sec (0h:0m:0s)
Total CPU time used: 298.717 sec (0h:4m:58s)
Total wall-clock time used: 112.694 sec (0h:1m:52s)

===> START JACKKNIFE REPLICATE NUMBER 543

Creating jackknife alignment (seed: 786269)...
Reading input tree file gl_output_rmq.fasta.raxml.bestTree ...

NOTE: 7 MB RAM (0 GB) is required!
Estimate model parameters (epsilon = 0.010)
1. Initial log-likelihood: -41032.342
2. Current log-likelihood: -40950.977
3. Current log-likelihood: -40950.955
Optimal log-likelihood: -40950.952
Rate parameters:  A-C: 1.00000  A-G: 2.33501  A-T: 1.00000  C-G: 1.00000  C-T: 2.33501  G-T: 1.00000
Base frequencies:  A: 0.284  C: 0.213  G: 0.225  T: 0.279
Parameters optimization took 3 rounds (0.088 sec)
Wrote distance file to... 
BEST SCORE FOUND : -40950.952
Total tree length: 0.021

Total number of iterations: 0
CPU time used for tree search: 0.000 sec (0h:0m:0s)
Wall-clock time used for tree search: 0.000 sec (0h:0m:0s)
Total CPU time used: 299.113 sec (0h:4m:59s)
Total wall-clock time used: 112.839 sec (0h:1m:52s)

===> START JACKKNIFE REPLICATE NUMBER 544

Creating jackknife alignment (seed: 786270)...
Reading input tree file gl_output_rmq.fasta.raxml.bestTree ...

NOTE: 7 MB RAM (0 GB) is required!
Estimate model parameters (epsilon = 0.010)
1. Initial log-likelihood: -40794.050
2. Current log-likelihood: -40696.066
3. Current log-likelihood: -40695.938
Optimal log-likelihood: -40695.934
Rate parameters:  A-C: 1.00000  A-G: 2.68287  A-T: 1.00000  C-G: 1.00000  C-T: 2.68287  G-T: 1.00000
Base frequencies:  A: 0.284  C: 0.210  G: 0.226  T: 0.279
Parameters optimization took 3 rounds (0.099 sec)
Wrote distance file to... 
BEST SCORE FOUND : -40695.934
Total tree length: 0.020

Total number of iterations: 0
CPU time used for tree search: 0.000 sec (0h:0m:0s)
Wall-clock time used for tree search: 0.000 sec (0h:0m:0s)
Total CPU time used: 299.546 sec (0h:4m:59s)
Total wall-clock time used: 112.994 sec (0h:1m:52s)

===> START JACKKNIFE REPLICATE NUMBER 545

Creating jackknife alignment (seed: 786271)...
Reading input tree file gl_output_rmq.fasta.raxml.bestTree ...

NOTE: 7 MB RAM (0 GB) is required!
Estimate model parameters (epsilon = 0.010)
1. Initial log-likelihood: -40784.024
2. Current log-likelihood: -40688.821
3. Current log-likelihood: -40688.789
Optimal log-likelihood: -40688.788
Rate parameters:  A-C: 1.00000  A-G: 2.52317  A-T: 1.00000  C-G: 1.00000  C-T: 2.52317  G-T: 1.00000
Base frequencies:  A: 0.283  C: 0.211  G: 0.223  T: 0.283
Parameters optimization took 3 rounds (0.103 sec)
Wrote distance file to... 
BEST SCORE FOUND : -40688.788
Total tree length: 0.021

Total number of iterations: 0
CPU time used for tree search: 0.000 sec (0h:0m:0s)
Wall-clock time used for tree search: 0.000 sec (0h:0m:0s)
Total CPU time used: 299.992 sec (0h:4m:59s)
Total wall-clock time used: 113.156 sec (0h:1m:53s)

===> START JACKKNIFE REPLICATE NUMBER 546

Creating jackknife alignment (seed: 786272)...
Reading input tree file gl_output_rmq.fasta.raxml.bestTree ...

NOTE: 7 MB RAM (0 GB) is required!
Estimate model parameters (epsilon = 0.010)
1. Initial log-likelihood: -40678.248
2. Current log-likelihood: -40578.608
3. Current log-likelihood: -40578.584
Optimal log-likelihood: -40578.581
Rate parameters:  A-C: 1.00000  A-G: 2.74920  A-T: 1.00000  C-G: 1.00000  C-T: 2.74920  G-T: 1.00000
Base frequencies:  A: 0.281  C: 0.211  G: 0.228  T: 0.280
Parameters optimization took 3 rounds (0.100 sec)
Wrote distance file to... 
BEST SCORE FOUND : -40578.581
Total tree length: 0.020

Total number of iterations: 0
CPU time used for tree search: 0.000 sec (0h:0m:0s)
Wall-clock time used for tree search: 0.000 sec (0h:0m:0s)
Total CPU time used: 300.421 sec (0h:5m:0s)
Total wall-clock time used: 113.311 sec (0h:1m:53s)

===> START JACKKNIFE REPLICATE NUMBER 547

Creating jackknife alignment (seed: 786273)...
Reading input tree file gl_output_rmq.fasta.raxml.bestTree ...

NOTE: 7 MB RAM (0 GB) is required!
Estimate model parameters (epsilon = 0.010)
1. Initial log-likelihood: -40725.401
2. Current log-likelihood: -40631.708
3. Current log-likelihood: -40631.627
Optimal log-likelihood: -40631.623
Rate parameters:  A-C: 1.00000  A-G: 2.62242  A-T: 1.00000  C-G: 1.00000  C-T: 2.62242  G-T: 1.00000
Base frequencies:  A: 0.284  C: 0.211  G: 0.227  T: 0.278
Parameters optimization took 3 rounds (0.089 sec)
Wrote distance file to... 
BEST SCORE FOUND : -40631.623
Total tree length: 0.020

Total number of iterations: 0
CPU time used for tree search: 0.000 sec (0h:0m:0s)
Wall-clock time used for tree search: 0.000 sec (0h:0m:0s)
Total CPU time used: 300.827 sec (0h:5m:0s)
Total wall-clock time used: 113.459 sec (0h:1m:53s)

===> START JACKKNIFE REPLICATE NUMBER 548

Creating jackknife alignment (seed: 786274)...
Reading input tree file gl_output_rmq.fasta.raxml.bestTree ...

NOTE: 8 MB RAM (0 GB) is required!
Estimate model parameters (epsilon = 0.010)
1. Initial log-likelihood: -41112.592
2. Current log-likelihood: -41029.082
3. Current log-likelihood: -41029.037
Optimal log-likelihood: -41029.037
Rate parameters:  A-C: 1.00000  A-G: 2.33674  A-T: 1.00000  C-G: 1.00000  C-T: 2.33674  G-T: 1.00000
Base frequencies:  A: 0.283  C: 0.210  G: 0.225  T: 0.281
Parameters optimization took 3 rounds (0.102 sec)
Wrote distance file to... 
BEST SCORE FOUND : -41029.037
Total tree length: 0.022

Total number of iterations: 0
CPU time used for tree search: 0.000 sec (0h:0m:0s)
Wall-clock time used for tree search: 0.000 sec (0h:0m:0s)
Total CPU time used: 301.277 sec (0h:5m:1s)
Total wall-clock time used: 113.623 sec (0h:1m:53s)

===> START JACKKNIFE REPLICATE NUMBER 549

Creating jackknife alignment (seed: 786275)...
Reading input tree file gl_output_rmq.fasta.raxml.bestTree ...

NOTE: 8 MB RAM (0 GB) is required!
Estimate model parameters (epsilon = 0.010)
1. Initial log-likelihood: -41391.946
2. Current log-likelihood: -41302.117
3. Current log-likelihood: -41301.964
Optimal log-likelihood: -41301.964
Rate parameters:  A-C: 1.00000  A-G: 2.51517  A-T: 1.00000  C-G: 1.00000  C-T: 2.51517  G-T: 1.00000
Base frequencies:  A: 0.283  C: 0.210  G: 0.227  T: 0.280
Parameters optimization took 3 rounds (0.096 sec)
Wrote distance file to... 
BEST SCORE FOUND : -41301.964
Total tree length: 0.023

Total number of iterations: 0
CPU time used for tree search: 0.000 sec (0h:0m:0s)
Wall-clock time used for tree search: 0.000 sec (0h:0m:0s)
Total CPU time used: 301.697 sec (0h:5m:1s)
Total wall-clock time used: 113.781 sec (0h:1m:53s)

===> START JACKKNIFE REPLICATE NUMBER 550

Creating jackknife alignment (seed: 786276)...
Reading input tree file gl_output_rmq.fasta.raxml.bestTree ...

NOTE: 7 MB RAM (0 GB) is required!
Estimate model parameters (epsilon = 0.010)
1. Initial log-likelihood: -41236.747
2. Current log-likelihood: -41151.144
3. Current log-likelihood: -41151.033
Optimal log-likelihood: -41151.025
Rate parameters:  A-C: 1.00000  A-G: 2.31224  A-T: 1.00000  C-G: 1.00000  C-T: 2.31224  G-T: 1.00000
Base frequencies:  A: 0.283  C: 0.209  G: 0.227  T: 0.281
Parameters optimization took 3 rounds (0.096 sec)
Wrote distance file to... 
BEST SCORE FOUND : -41151.025
Total tree length: 0.022

Total number of iterations: 0
CPU time used for tree search: 0.000 sec (0h:0m:0s)
Wall-clock time used for tree search: 0.000 sec (0h:0m:0s)
Total CPU time used: 302.118 sec (0h:5m:2s)
Total wall-clock time used: 113.934 sec (0h:1m:53s)

===> START JACKKNIFE REPLICATE NUMBER 551

Creating jackknife alignment (seed: 786277)...
Reading input tree file gl_output_rmq.fasta.raxml.bestTree ...

NOTE: 7 MB RAM (0 GB) is required!
Estimate model parameters (epsilon = 0.010)
1. Initial log-likelihood: -40990.467
2. Current log-likelihood: -40903.425
3. Current log-likelihood: -40903.400
4. Current log-likelihood: -40903.381
Optimal log-likelihood: -40903.381
Rate parameters:  A-C: 1.00000  A-G: 2.47042  A-T: 1.00000  C-G: 1.00000  C-T: 2.47042  G-T: 1.00000
Base frequencies:  A: 0.283  C: 0.211  G: 0.228  T: 0.277
Parameters optimization took 4 rounds (0.106 sec)
Wrote distance file to... 
BEST SCORE FOUND : -40903.381
Total tree length: 0.021

Total number of iterations: 0
CPU time used for tree search: 0.000 sec (0h:0m:0s)
Wall-clock time used for tree search: 0.000 sec (0h:0m:0s)
Total CPU time used: 302.570 sec (0h:5m:2s)
Total wall-clock time used: 114.096 sec (0h:1m:54s)

===> START JACKKNIFE REPLICATE NUMBER 552

Creating jackknife alignment (seed: 786278)...
Reading input tree file gl_output_rmq.fasta.raxml.bestTree ...

NOTE: 7 MB RAM (0 GB) is required!
Estimate model parameters (epsilon = 0.010)
1. Initial log-likelihood: -41328.351
2. Current log-likelihood: -41222.965
3. Current log-likelihood: -41222.556
Optimal log-likelihood: -41222.543
Rate parameters:  A-C: 1.00000  A-G: 2.85320  A-T: 1.00000  C-G: 1.00000  C-T: 2.85320  G-T: 1.00000
Base frequencies:  A: 0.283  C: 0.211  G: 0.227  T: 0.280
Parameters optimization took 3 rounds (0.103 sec)
Wrote distance file to... 
BEST SCORE FOUND : -41222.543
Total tree length: 0.023

Total number of iterations: 0
CPU time used for tree search: 0.000 sec (0h:0m:0s)
Wall-clock time used for tree search: 0.000 sec (0h:0m:0s)
Total CPU time used: 303.011 sec (0h:5m:3s)
Total wall-clock time used: 114.255 sec (0h:1m:54s)

===> START JACKKNIFE REPLICATE NUMBER 553

Creating jackknife alignment (seed: 786279)...
Reading input tree file gl_output_rmq.fasta.raxml.bestTree ...

NOTE: 7 MB RAM (0 GB) is required!
Estimate model parameters (epsilon = 0.010)
1. Initial log-likelihood: -40843.626
2. Current log-likelihood: -40741.523
3. Current log-likelihood: -40741.389
Optimal log-likelihood: -40741.388
Rate parameters:  A-C: 1.00000  A-G: 2.75962  A-T: 1.00000  C-G: 1.00000  C-T: 2.75962  G-T: 1.00000
Base frequencies:  A: 0.284  C: 0.208  G: 0.227  T: 0.280
Parameters optimization took 3 rounds (0.089 sec)
Wrote distance file to... 
BEST SCORE FOUND : -40741.388
Total tree length: 0.021

Total number of iterations: 0
CPU time used for tree search: 0.000 sec (0h:0m:0s)
Wall-clock time used for tree search: 0.000 sec (0h:0m:0s)
Total CPU time used: 303.412 sec (0h:5m:3s)
Total wall-clock time used: 114.400 sec (0h:1m:54s)

===> START JACKKNIFE REPLICATE NUMBER 554

Creating jackknife alignment (seed: 786280)...
Reading input tree file gl_output_rmq.fasta.raxml.bestTree ...

NOTE: 7 MB RAM (0 GB) is required!
Estimate model parameters (epsilon = 0.010)
1. Initial log-likelihood: -40944.949
2. Current log-likelihood: -40844.665
3. Current log-likelihood: -40844.524
Optimal log-likelihood: -40844.516
Rate parameters:  A-C: 1.00000  A-G: 2.63202  A-T: 1.00000  C-G: 1.00000  C-T: 2.63202  G-T: 1.00000
Base frequencies:  A: 0.280  C: 0.210  G: 0.227  T: 0.283
Parameters optimization took 3 rounds (0.102 sec)
Wrote distance file to... 
BEST SCORE FOUND : -40844.516
Total tree length: 0.021

Total number of iterations: 0
CPU time used for tree search: 0.000 sec (0h:0m:0s)
Wall-clock time used for tree search: 0.000 sec (0h:0m:0s)
Total CPU time used: 303.848 sec (0h:5m:3s)
Total wall-clock time used: 114.557 sec (0h:1m:54s)

===> START JACKKNIFE REPLICATE NUMBER 555

Creating jackknife alignment (seed: 786281)...
Reading input tree file gl_output_rmq.fasta.raxml.bestTree ...

NOTE: 7 MB RAM (0 GB) is required!
Estimate model parameters (epsilon = 0.010)
1. Initial log-likelihood: -41012.413
2. Current log-likelihood: -40915.143
3. Current log-likelihood: -40914.396
Optimal log-likelihood: -40914.395
Rate parameters:  A-C: 1.00000  A-G: 2.78909  A-T: 1.00000  C-G: 1.00000  C-T: 2.78909  G-T: 1.00000
Base frequencies:  A: 0.279  C: 0.209  G: 0.228  T: 0.284
Parameters optimization took 3 rounds (0.102 sec)
Wrote distance file to... 
BEST SCORE FOUND : -40914.395
Total tree length: 0.022

Total number of iterations: 0
CPU time used for tree search: 0.000 sec (0h:0m:0s)
Wall-clock time used for tree search: 0.000 sec (0h:0m:0s)
Total CPU time used: 304.287 sec (0h:5m:4s)
Total wall-clock time used: 114.716 sec (0h:1m:54s)

===> START JACKKNIFE REPLICATE NUMBER 556

Creating jackknife alignment (seed: 786282)...
Reading input tree file gl_output_rmq.fasta.raxml.bestTree ...

NOTE: 7 MB RAM (0 GB) is required!
Estimate model parameters (epsilon = 0.010)
1. Initial log-likelihood: -41253.923
2. Current log-likelihood: -41171.882
3. Current log-likelihood: -41171.565
4. Current log-likelihood: -41171.389
Optimal log-likelihood: -41171.389
Rate parameters:  A-C: 1.00000  A-G: 2.29573  A-T: 1.00000  C-G: 1.00000  C-T: 2.29573  G-T: 1.00000
Base frequencies:  A: 0.283  C: 0.209  G: 0.226  T: 0.282
Parameters optimization took 4 rounds (0.129 sec)
Wrote distance file to... 
BEST SCORE FOUND : -41171.389
Total tree length: 0.022

Total number of iterations: 0
CPU time used for tree search: 0.000 sec (0h:0m:0s)
Wall-clock time used for tree search: 0.000 sec (0h:0m:0s)
Total CPU time used: 304.811 sec (0h:5m:4s)
Total wall-clock time used: 114.903 sec (0h:1m:54s)

===> START JACKKNIFE REPLICATE NUMBER 557

Creating jackknife alignment (seed: 786283)...
Reading input tree file gl_output_rmq.fasta.raxml.bestTree ...

NOTE: 7 MB RAM (0 GB) is required!
Estimate model parameters (epsilon = 0.010)
1. Initial log-likelihood: -40885.065
2. Current log-likelihood: -40807.946
3. Current log-likelihood: -40807.883
Optimal log-likelihood: -40807.883
Rate parameters:  A-C: 1.00000  A-G: 2.21487  A-T: 1.00000  C-G: 1.00000  C-T: 2.21487  G-T: 1.00000
Base frequencies:  A: 0.284  C: 0.210  G: 0.225  T: 0.281
Parameters optimization took 3 rounds (0.096 sec)
Wrote distance file to... 
BEST SCORE FOUND : -40807.883
Total tree length: 0.021

Total number of iterations: 0
CPU time used for tree search: 0.000 sec (0h:0m:0s)
Wall-clock time used for tree search: 0.000 sec (0h:0m:0s)
Total CPU time used: 305.228 sec (0h:5m:5s)
Total wall-clock time used: 115.059 sec (0h:1m:55s)

===> START JACKKNIFE REPLICATE NUMBER 558

Creating jackknife alignment (seed: 786284)...
Reading input tree file gl_output_rmq.fasta.raxml.bestTree ...

NOTE: 8 MB RAM (0 GB) is required!
Estimate model parameters (epsilon = 0.010)
1. Initial log-likelihood: -41278.424
2. Current log-likelihood: -41172.173
3. Current log-likelihood: -41172.085
4. Current log-likelihood: -41172.068
Optimal log-likelihood: -41172.064
Rate parameters:  A-C: 1.00000  A-G: 2.91643  A-T: 1.00000  C-G: 1.00000  C-T: 2.91643  G-T: 1.00000
Base frequencies:  A: 0.286  C: 0.210  G: 0.224  T: 0.280
Parameters optimization took 4 rounds (0.122 sec)
Wrote distance file to... 
BEST SCORE FOUND : -41172.064
Total tree length: 0.023

Total number of iterations: 0
CPU time used for tree search: 0.000 sec (0h:0m:0s)
Wall-clock time used for tree search: 0.000 sec (0h:0m:0s)
Total CPU time used: 305.741 sec (0h:5m:5s)
Total wall-clock time used: 115.243 sec (0h:1m:55s)

===> START JACKKNIFE REPLICATE NUMBER 559

Creating jackknife alignment (seed: 786285)...
Reading input tree file gl_output_rmq.fasta.raxml.bestTree ...

NOTE: 7 MB RAM (0 GB) is required!
Estimate model parameters (epsilon = 0.010)
1. Initial log-likelihood: -41192.834
2. Current log-likelihood: -41112.772
3. Current log-likelihood: -41112.581
Optimal log-likelihood: -41112.581
Rate parameters:  A-C: 1.00000  A-G: 2.34605  A-T: 1.00000  C-G: 1.00000  C-T: 2.34605  G-T: 1.00000
Base frequencies:  A: 0.283  C: 0.207  G: 0.226  T: 0.284
Parameters optimization took 3 rounds (0.100 sec)
Wrote distance file to... 
BEST SCORE FOUND : -41112.581
Total tree length: 0.022

Total number of iterations: 0
CPU time used for tree search: 0.000 sec (0h:0m:0s)
Wall-clock time used for tree search: 0.000 sec (0h:0m:0s)
Total CPU time used: 306.174 sec (0h:5m:6s)
Total wall-clock time used: 115.401 sec (0h:1m:55s)

===> START JACKKNIFE REPLICATE NUMBER 560

Creating jackknife alignment (seed: 786286)...
Reading input tree file gl_output_rmq.fasta.raxml.bestTree ...

NOTE: 7 MB RAM (0 GB) is required!
Estimate model parameters (epsilon = 0.010)
1. Initial log-likelihood: -40489.263
2. Current log-likelihood: -40387.352
3. Current log-likelihood: -40387.300
Optimal log-likelihood: -40387.290
Rate parameters:  A-C: 1.00000  A-G: 2.65076  A-T: 1.00000  C-G: 1.00000  C-T: 2.65076  G-T: 1.00000
Base frequencies:  A: 0.284  C: 0.210  G: 0.225  T: 0.281
Parameters optimization took 3 rounds (0.086 sec)
Wrote distance file to... 
BEST SCORE FOUND : -40387.290
Total tree length: 0.019

Total number of iterations: 0
CPU time used for tree search: 0.000 sec (0h:0m:0s)
Wall-clock time used for tree search: 0.000 sec (0h:0m:0s)
Total CPU time used: 306.569 sec (0h:5m:6s)
Total wall-clock time used: 115.546 sec (0h:1m:55s)

===> START JACKKNIFE REPLICATE NUMBER 561

Creating jackknife alignment (seed: 786287)...
Reading input tree file gl_output_rmq.fasta.raxml.bestTree ...

NOTE: 7 MB RAM (0 GB) is required!
Estimate model parameters (epsilon = 0.010)
1. Initial log-likelihood: -41053.531
2. Current log-likelihood: -40949.456
3. Current log-likelihood: -40949.365
Optimal log-likelihood: -40949.362
Rate parameters:  A-C: 1.00000  A-G: 2.62901  A-T: 1.00000  C-G: 1.00000  C-T: 2.62901  G-T: 1.00000
Base frequencies:  A: 0.282  C: 0.213  G: 0.228  T: 0.277
Parameters optimization took 3 rounds (0.109 sec)
Wrote distance file to... 
BEST SCORE FOUND : -40949.362
Total tree length: 0.021

Total number of iterations: 0
CPU time used for tree search: 0.000 sec (0h:0m:0s)
Wall-clock time used for tree search: 0.000 sec (0h:0m:0s)
Total CPU time used: 307.024 sec (0h:5m:7s)
Total wall-clock time used: 115.709 sec (0h:1m:55s)

===> START JACKKNIFE REPLICATE NUMBER 562

Creating jackknife alignment (seed: 786288)...
Reading input tree file gl_output_rmq.fasta.raxml.bestTree ...

NOTE: 7 MB RAM (0 GB) is required!
Estimate model parameters (epsilon = 0.010)
1. Initial log-likelihood: -40804.853
2. Current log-likelihood: -40725.755
3. Current log-likelihood: -40725.708
Optimal log-likelihood: -40725.701
Rate parameters:  A-C: 1.00000  A-G: 2.25558  A-T: 1.00000  C-G: 1.00000  C-T: 2.25558  G-T: 1.00000
Base frequencies:  A: 0.284  C: 0.208  G: 0.228  T: 0.280
Parameters optimization took 3 rounds (0.088 sec)
Wrote distance file to... 
BEST SCORE FOUND : -40725.701
Total tree length: 0.020

Total number of iterations: 0
CPU time used for tree search: 0.000 sec (0h:0m:0s)
Wall-clock time used for tree search: 0.000 sec (0h:0m:0s)
Total CPU time used: 307.438 sec (0h:5m:7s)
Total wall-clock time used: 115.859 sec (0h:1m:55s)

===> START JACKKNIFE REPLICATE NUMBER 563

Creating jackknife alignment (seed: 786289)...
Reading input tree file gl_output_rmq.fasta.raxml.bestTree ...

NOTE: 8 MB RAM (0 GB) is required!
Estimate model parameters (epsilon = 0.010)
1. Initial log-likelihood: -41090.269
2. Current log-likelihood: -40984.524
3. Current log-likelihood: -40984.132
4. Current log-likelihood: -40984.077
Optimal log-likelihood: -40984.077
Rate parameters:  A-C: 1.00000  A-G: 2.86418  A-T: 1.00000  C-G: 1.00000  C-T: 2.86418  G-T: 1.00000
Base frequencies:  A: 0.284  C: 0.208  G: 0.226  T: 0.282
Parameters optimization took 4 rounds (0.134 sec)
Wrote distance file to... 
BEST SCORE FOUND : -40984.077
Total tree length: 0.022

Total number of iterations: 0
CPU time used for tree search: 0.000 sec (0h:0m:0s)
Wall-clock time used for tree search: 0.000 sec (0h:0m:0s)
Total CPU time used: 307.978 sec (0h:5m:7s)
Total wall-clock time used: 116.053 sec (0h:1m:56s)

===> START JACKKNIFE REPLICATE NUMBER 564

Creating jackknife alignment (seed: 786290)...
Reading input tree file gl_output_rmq.fasta.raxml.bestTree ...

NOTE: 8 MB RAM (0 GB) is required!
Estimate model parameters (epsilon = 0.010)
1. Initial log-likelihood: -41428.802
2. Current log-likelihood: -41349.083
3. Current log-likelihood: -41349.009
Optimal log-likelihood: -41349.009
Rate parameters:  A-C: 1.00000  A-G: 2.26117  A-T: 1.00000  C-G: 1.00000  C-T: 2.26117  G-T: 1.00000
Base frequencies:  A: 0.285  C: 0.207  G: 0.227  T: 0.281
Parameters optimization took 3 rounds (0.116 sec)
Wrote distance file to... 
BEST SCORE FOUND : -41349.009
Total tree length: 0.023

Total number of iterations: 0
CPU time used for tree search: 0.000 sec (0h:0m:0s)
Wall-clock time used for tree search: 0.000 sec (0h:0m:0s)
Total CPU time used: 308.473 sec (0h:5m:8s)
Total wall-clock time used: 116.231 sec (0h:1m:56s)

===> START JACKKNIFE REPLICATE NUMBER 565

Creating jackknife alignment (seed: 786291)...
Reading input tree file gl_output_rmq.fasta.raxml.bestTree ...

NOTE: 7 MB RAM (0 GB) is required!
Estimate model parameters (epsilon = 0.010)
1. Initial log-likelihood: -40850.476
2. Current log-likelihood: -40761.531
3. Current log-likelihood: -40761.380
4. Current log-likelihood: -40761.364
Optimal log-likelihood: -40761.364
Rate parameters:  A-C: 1.00000  A-G: 2.47684  A-T: 1.00000  C-G: 1.00000  C-T: 2.47684  G-T: 1.00000
Base frequencies:  A: 0.283  C: 0.209  G: 0.226  T: 0.282
Parameters optimization took 4 rounds (0.161 sec)
Wrote distance file to... 
BEST SCORE FOUND : -40761.364
Total tree length: 0.021

Total number of iterations: 0
CPU time used for tree search: 0.000 sec (0h:0m:0s)
Wall-clock time used for tree search: 0.000 sec (0h:0m:0s)
Total CPU time used: 309.110 sec (0h:5m:9s)
Total wall-clock time used: 116.457 sec (0h:1m:56s)

===> START JACKKNIFE REPLICATE NUMBER 566

Creating jackknife alignment (seed: 786292)...
Reading input tree file gl_output_rmq.fasta.raxml.bestTree ...

NOTE: 8 MB RAM (0 GB) is required!
Estimate model parameters (epsilon = 0.010)
1. Initial log-likelihood: -41303.657
2. Current log-likelihood: -41212.055
3. Current log-likelihood: -41211.495
Optimal log-likelihood: -41211.494
Rate parameters:  A-C: 1.00000  A-G: 2.47217  A-T: 1.00000  C-G: 1.00000  C-T: 2.47217  G-T: 1.00000
Base frequencies:  A: 0.282  C: 0.214  G: 0.227  T: 0.277
Parameters optimization took 3 rounds (0.091 sec)
Wrote distance file to... 
BEST SCORE FOUND : -41211.494
Total tree length: 0.023

Total number of iterations: 0
CPU time used for tree search: 0.000 sec (0h:0m:0s)
Wall-clock time used for tree search: 0.000 sec (0h:0m:0s)
Total CPU time used: 309.531 sec (0h:5m:9s)
Total wall-clock time used: 116.611 sec (0h:1m:56s)

===> START JACKKNIFE REPLICATE NUMBER 567

Creating jackknife alignment (seed: 786293)...
Reading input tree file gl_output_rmq.fasta.raxml.bestTree ...

NOTE: 7 MB RAM (0 GB) is required!
Estimate model parameters (epsilon = 0.010)
1. Initial log-likelihood: -40821.417
2. Current log-likelihood: -40727.077
3. Current log-likelihood: -40727.045
Optimal log-likelihood: -40727.042
Rate parameters:  A-C: 1.00000  A-G: 2.59113  A-T: 1.00000  C-G: 1.00000  C-T: 2.59113  G-T: 1.00000
Base frequencies:  A: 0.281  C: 0.209  G: 0.229  T: 0.281
Parameters optimization took 3 rounds (0.081 sec)
Wrote distance file to... 
BEST SCORE FOUND : -40727.042
Total tree length: 0.021

Total number of iterations: 0
CPU time used for tree search: 0.000 sec (0h:0m:0s)
Wall-clock time used for tree search: 0.000 sec (0h:0m:0s)
Total CPU time used: 309.923 sec (0h:5m:9s)
Total wall-clock time used: 116.755 sec (0h:1m:56s)

===> START JACKKNIFE REPLICATE NUMBER 568

Creating jackknife alignment (seed: 786294)...
Reading input tree file gl_output_rmq.fasta.raxml.bestTree ...

NOTE: 7 MB RAM (0 GB) is required!
Estimate model parameters (epsilon = 0.010)
1. Initial log-likelihood: -40946.477
2. Current log-likelihood: -40852.663
3. Current log-likelihood: -40852.602
Optimal log-likelihood: -40852.602
Rate parameters:  A-C: 1.00000  A-G: 2.40096  A-T: 1.00000  C-G: 1.00000  C-T: 2.40096  G-T: 1.00000
Base frequencies:  A: 0.279  C: 0.209  G: 0.229  T: 0.283
Parameters optimization took 3 rounds (0.094 sec)
Wrote distance file to... 
BEST SCORE FOUND : -40852.602
Total tree length: 0.021

Total number of iterations: 0
CPU time used for tree search: 0.000 sec (0h:0m:0s)
Wall-clock time used for tree search: 0.000 sec (0h:0m:0s)
Total CPU time used: 310.340 sec (0h:5m:10s)
Total wall-clock time used: 116.905 sec (0h:1m:56s)

===> START JACKKNIFE REPLICATE NUMBER 569

Creating jackknife alignment (seed: 786295)...
Reading input tree file gl_output_rmq.fasta.raxml.bestTree ...

NOTE: 7 MB RAM (0 GB) is required!
Estimate model parameters (epsilon = 0.010)
1. Initial log-likelihood: -41100.971
2. Current log-likelihood: -41001.253
3. Current log-likelihood: -41000.528
Optimal log-likelihood: -41000.524
Rate parameters:  A-C: 1.00000  A-G: 2.63136  A-T: 1.00000  C-G: 1.00000  C-T: 2.63136  G-T: 1.00000
Base frequencies:  A: 0.283  C: 0.210  G: 0.228  T: 0.278
Parameters optimization took 3 rounds (0.096 sec)
Wrote distance file to... 
BEST SCORE FOUND : -41000.524
Total tree length: 0.022

Total number of iterations: 0
CPU time used for tree search: 0.000 sec (0h:0m:0s)
Wall-clock time used for tree search: 0.000 sec (0h:0m:0s)
Total CPU time used: 310.764 sec (0h:5m:10s)
Total wall-clock time used: 117.059 sec (0h:1m:57s)

===> START JACKKNIFE REPLICATE NUMBER 570

Creating jackknife alignment (seed: 786296)...
Reading input tree file gl_output_rmq.fasta.raxml.bestTree ...

NOTE: 7 MB RAM (0 GB) is required!
Estimate model parameters (epsilon = 0.010)
1. Initial log-likelihood: -40842.200
2. Current log-likelihood: -40766.806
3. Current log-likelihood: -40766.732
Optimal log-likelihood: -40766.732
Rate parameters:  A-C: 1.00000  A-G: 2.30192  A-T: 1.00000  C-G: 1.00000  C-T: 2.30192  G-T: 1.00000
Base frequencies:  A: 0.282  C: 0.209  G: 0.226  T: 0.283
Parameters optimization took 3 rounds (0.091 sec)
Wrote distance file to... 
BEST SCORE FOUND : -40766.732
Total tree length: 0.021

Total number of iterations: 0
CPU time used for tree search: 0.000 sec (0h:0m:0s)
Wall-clock time used for tree search: 0.000 sec (0h:0m:0s)
Total CPU time used: 311.181 sec (0h:5m:11s)
Total wall-clock time used: 117.215 sec (0h:1m:57s)

===> START JACKKNIFE REPLICATE NUMBER 571

Creating jackknife alignment (seed: 786297)...
Reading input tree file gl_output_rmq.fasta.raxml.bestTree ...

NOTE: 8 MB RAM (0 GB) is required!
Estimate model parameters (epsilon = 0.010)
1. Initial log-likelihood: -41408.124
2. Current log-likelihood: -41323.613
3. Current log-likelihood: -41323.359
Optimal log-likelihood: -41323.356
Rate parameters:  A-C: 1.00000  A-G: 2.40134  A-T: 1.00000  C-G: 1.00000  C-T: 2.40134  G-T: 1.00000
Base frequencies:  A: 0.287  C: 0.206  G: 0.224  T: 0.284
Parameters optimization took 3 rounds (0.097 sec)
Wrote distance file to... 
BEST SCORE FOUND : -41323.356
Total tree length: 0.023

Total number of iterations: 0
CPU time used for tree search: 0.000 sec (0h:0m:0s)
Wall-clock time used for tree search: 0.000 sec (0h:0m:0s)
Total CPU time used: 311.611 sec (0h:5m:11s)
Total wall-clock time used: 117.371 sec (0h:1m:57s)

===> START JACKKNIFE REPLICATE NUMBER 572

Creating jackknife alignment (seed: 786298)...
Reading input tree file gl_output_rmq.fasta.raxml.bestTree ...

NOTE: 7 MB RAM (0 GB) is required!
Estimate model parameters (epsilon = 0.010)
1. Initial log-likelihood: -40616.836
2. Current log-likelihood: -40516.958
3. Current log-likelihood: -40516.947
Optimal log-likelihood: -40516.944
Rate parameters:  A-C: 1.00000  A-G: 2.49492  A-T: 1.00000  C-G: 1.00000  C-T: 2.49492  G-T: 1.00000
Base frequencies:  A: 0.285  C: 0.208  G: 0.227  T: 0.280
Parameters optimization took 3 rounds (0.082 sec)
Wrote distance file to... 
BEST SCORE FOUND : -40516.944
Total tree length: 0.020

Total number of iterations: 0
CPU time used for tree search: 0.000 sec (0h:0m:0s)
Wall-clock time used for tree search: 0.000 sec (0h:0m:0s)
Total CPU time used: 311.991 sec (0h:5m:11s)
Total wall-clock time used: 117.510 sec (0h:1m:57s)

===> START JACKKNIFE REPLICATE NUMBER 573

Creating jackknife alignment (seed: 786299)...
Reading input tree file gl_output_rmq.fasta.raxml.bestTree ...

NOTE: 8 MB RAM (0 GB) is required!
Estimate model parameters (epsilon = 0.010)
1. Initial log-likelihood: -41392.413
2. Current log-likelihood: -41322.822
3. Current log-likelihood: -41322.779
Optimal log-likelihood: -41322.778
Rate parameters:  A-C: 1.00000  A-G: 2.03940  A-T: 1.00000  C-G: 1.00000  C-T: 2.03940  G-T: 1.00000
Base frequencies:  A: 0.280  C: 0.211  G: 0.227  T: 0.282
Parameters optimization took 3 rounds (0.089 sec)
Wrote distance file to... 
BEST SCORE FOUND : -41322.778
Total tree length: 0.023

Total number of iterations: 0
CPU time used for tree search: 0.000 sec (0h:0m:0s)
Wall-clock time used for tree search: 0.000 sec (0h:0m:0s)
Total CPU time used: 312.394 sec (0h:5m:12s)
Total wall-clock time used: 117.657 sec (0h:1m:57s)

===> START JACKKNIFE REPLICATE NUMBER 574

Creating jackknife alignment (seed: 786300)...
Reading input tree file gl_output_rmq.fasta.raxml.bestTree ...

NOTE: 7 MB RAM (0 GB) is required!
Estimate model parameters (epsilon = 0.010)
1. Initial log-likelihood: -40913.101
2. Current log-likelihood: -40853.694
3. Current log-likelihood: -40839.479
4. Current log-likelihood: -40797.615
5. Current log-likelihood: -40797.580
Optimal log-likelihood: -40797.579
Rate parameters:  A-C: 1.00000  A-G: 3.08918  A-T: 1.00000  C-G: 1.00000  C-T: 3.08918  G-T: 1.00000
Base frequencies:  A: 0.285  C: 0.210  G: 0.223  T: 0.282
Parameters optimization took 5 rounds (0.149 sec)
Wrote distance file to... 
BEST SCORE FOUND : -40797.579
Total tree length: 0.021

Total number of iterations: 0
CPU time used for tree search: 0.000 sec (0h:0m:0s)
Wall-clock time used for tree search: 0.000 sec (0h:0m:0s)
Total CPU time used: 312.995 sec (0h:5m:12s)
Total wall-clock time used: 117.874 sec (0h:1m:57s)

===> START JACKKNIFE REPLICATE NUMBER 575

Creating jackknife alignment (seed: 786301)...
Reading input tree file gl_output_rmq.fasta.raxml.bestTree ...

NOTE: 7 MB RAM (0 GB) is required!
Estimate model parameters (epsilon = 0.010)
1. Initial log-likelihood: -40978.204
2. Current log-likelihood: -40894.861
3. Current log-likelihood: -40894.826
Optimal log-likelihood: -40894.826
Rate parameters:  A-C: 1.00000  A-G: 2.45118  A-T: 1.00000  C-G: 1.00000  C-T: 2.45118  G-T: 1.00000
Base frequencies:  A: 0.283  C: 0.212  G: 0.227  T: 0.278
Parameters optimization took 3 rounds (0.100 sec)
Wrote distance file to... 
BEST SCORE FOUND : -40894.826
Total tree length: 0.021

Total number of iterations: 0
CPU time used for tree search: 0.000 sec (0h:0m:0s)
Wall-clock time used for tree search: 0.000 sec (0h:0m:0s)
Total CPU time used: 313.428 sec (0h:5m:13s)
Total wall-clock time used: 118.031 sec (0h:1m:58s)

===> START JACKKNIFE REPLICATE NUMBER 576

Creating jackknife alignment (seed: 786302)...
Reading input tree file gl_output_rmq.fasta.raxml.bestTree ...

NOTE: 7 MB RAM (0 GB) is required!
Estimate model parameters (epsilon = 0.010)
1. Initial log-likelihood: -40913.140
2. Current log-likelihood: -40825.878
3. Current log-likelihood: -40825.495
Optimal log-likelihood: -40825.494
Rate parameters:  A-C: 1.00000  A-G: 2.52548  A-T: 1.00000  C-G: 1.00000  C-T: 2.52548  G-T: 1.00000
Base frequencies:  A: 0.281  C: 0.209  G: 0.227  T: 0.282
Parameters optimization took 3 rounds (0.102 sec)
Wrote distance file to... 
BEST SCORE FOUND : -40825.494
Total tree length: 0.021

Total number of iterations: 0
CPU time used for tree search: 0.000 sec (0h:0m:0s)
Wall-clock time used for tree search: 0.000 sec (0h:0m:0s)
Total CPU time used: 313.862 sec (0h:5m:13s)
Total wall-clock time used: 118.187 sec (0h:1m:58s)

===> START JACKKNIFE REPLICATE NUMBER 577

Creating jackknife alignment (seed: 786303)...
Reading input tree file gl_output_rmq.fasta.raxml.bestTree ...

NOTE: 7 MB RAM (0 GB) is required!
Estimate model parameters (epsilon = 0.010)
1. Initial log-likelihood: -41137.477
2. Current log-likelihood: -41052.236
3. Current log-likelihood: -41051.877
Optimal log-likelihood: -41051.877
Rate parameters:  A-C: 1.00000  A-G: 2.48808  A-T: 1.00000  C-G: 1.00000  C-T: 2.48808  G-T: 1.00000
Base frequencies:  A: 0.282  C: 0.211  G: 0.226  T: 0.281
Parameters optimization took 3 rounds (0.101 sec)
Wrote distance file to... 
BEST SCORE FOUND : -41051.877
Total tree length: 0.022

Total number of iterations: 0
CPU time used for tree search: 0.000 sec (0h:0m:0s)
Wall-clock time used for tree search: 0.000 sec (0h:0m:0s)
Total CPU time used: 314.297 sec (0h:5m:14s)
Total wall-clock time used: 118.344 sec (0h:1m:58s)

===> START JACKKNIFE REPLICATE NUMBER 578

Creating jackknife alignment (seed: 786304)...
Reading input tree file gl_output_rmq.fasta.raxml.bestTree ...

NOTE: 7 MB RAM (0 GB) is required!
Estimate model parameters (epsilon = 0.010)
1. Initial log-likelihood: -40968.188
2. Current log-likelihood: -40872.920
3. Current log-likelihood: -40872.723
Optimal log-likelihood: -40872.714
Rate parameters:  A-C: 1.00000  A-G: 2.67185  A-T: 1.00000  C-G: 1.00000  C-T: 2.67185  G-T: 1.00000
Base frequencies:  A: 0.285  C: 0.208  G: 0.227  T: 0.280
Parameters optimization took 3 rounds (0.096 sec)
Wrote distance file to... 
BEST SCORE FOUND : -40872.714
Total tree length: 0.021

Total number of iterations: 0
CPU time used for tree search: 0.000 sec (0h:0m:0s)
Wall-clock time used for tree search: 0.000 sec (0h:0m:0s)
Total CPU time used: 314.716 sec (0h:5m:14s)
Total wall-clock time used: 118.497 sec (0h:1m:58s)

===> START JACKKNIFE REPLICATE NUMBER 579

Creating jackknife alignment (seed: 786305)...
Reading input tree file gl_output_rmq.fasta.raxml.bestTree ...

NOTE: 7 MB RAM (0 GB) is required!
Estimate model parameters (epsilon = 0.010)
1. Initial log-likelihood: -40928.359
2. Current log-likelihood: -40854.900
3. Current log-likelihood: -40854.627
Optimal log-likelihood: -40854.623
Rate parameters:  A-C: 1.00000  A-G: 2.17465  A-T: 1.00000  C-G: 1.00000  C-T: 2.17465  G-T: 1.00000
Base frequencies:  A: 0.283  C: 0.212  G: 0.226  T: 0.279
Parameters optimization took 3 rounds (0.095 sec)
Wrote distance file to... 
BEST SCORE FOUND : -40854.623
Total tree length: 0.021

Total number of iterations: 0
CPU time used for tree search: 0.000 sec (0h:0m:0s)
Wall-clock time used for tree search: 0.000 sec (0h:0m:0s)
Total CPU time used: 315.134 sec (0h:5m:15s)
Total wall-clock time used: 118.648 sec (0h:1m:58s)

===> START JACKKNIFE REPLICATE NUMBER 580

Creating jackknife alignment (seed: 786306)...
Reading input tree file gl_output_rmq.fasta.raxml.bestTree ...

NOTE: 8 MB RAM (0 GB) is required!
Estimate model parameters (epsilon = 0.010)
1. Initial log-likelihood: -41353.365
2. Current log-likelihood: -41303.633
3. Current log-likelihood: -41285.144
4. Current log-likelihood: -41239.662
5. Current log-likelihood: -41239.641
Optimal log-likelihood: -41239.634
Rate parameters:  A-C: 1.00000  A-G: 3.00476  A-T: 1.00000  C-G: 1.00000  C-T: 3.00476  G-T: 1.00000
Base frequencies:  A: 0.285  C: 0.212  G: 0.226  T: 0.276
Parameters optimization took 5 rounds (0.172 sec)
Wrote distance file to... 
BEST SCORE FOUND : -41239.634
Total tree length: 0.023

Total number of iterations: 0
CPU time used for tree search: 0.000 sec (0h:0m:0s)
Wall-clock time used for tree search: 0.000 sec (0h:0m:0s)
Total CPU time used: 315.778 sec (0h:5m:15s)
Total wall-clock time used: 118.881 sec (0h:1m:58s)

===> START JACKKNIFE REPLICATE NUMBER 581

Creating jackknife alignment (seed: 786307)...
Reading input tree file gl_output_rmq.fasta.raxml.bestTree ...

NOTE: 7 MB RAM (0 GB) is required!
Estimate model parameters (epsilon = 0.010)
1. Initial log-likelihood: -40935.754
2. Current log-likelihood: -40838.734
3. Current log-likelihood: -40838.619
Optimal log-likelihood: -40838.617
Rate parameters:  A-C: 1.00000  A-G: 2.59090  A-T: 1.00000  C-G: 1.00000  C-T: 2.59090  G-T: 1.00000
Base frequencies:  A: 0.285  C: 0.211  G: 0.227  T: 0.277
Parameters optimization took 3 rounds (0.106 sec)
Wrote distance file to... 
BEST SCORE FOUND : -40838.617
Total tree length: 0.021

Total number of iterations: 0
CPU time used for tree search: 0.000 sec (0h:0m:0s)
Wall-clock time used for tree search: 0.000 sec (0h:0m:0s)
Total CPU time used: 316.232 sec (0h:5m:16s)
Total wall-clock time used: 119.044 sec (0h:1m:59s)

===> START JACKKNIFE REPLICATE NUMBER 582

Creating jackknife alignment (seed: 786308)...
Reading input tree file gl_output_rmq.fasta.raxml.bestTree ...

NOTE: 7 MB RAM (0 GB) is required!
Estimate model parameters (epsilon = 0.010)
1. Initial log-likelihood: -40913.225
2. Current log-likelihood: -40832.314
3. Current log-likelihood: -40831.784
Optimal log-likelihood: -40831.783
Rate parameters:  A-C: 1.00000  A-G: 2.26703  A-T: 1.00000  C-G: 1.00000  C-T: 2.26703  G-T: 1.00000
Base frequencies:  A: 0.282  C: 0.211  G: 0.226  T: 0.281
Parameters optimization took 3 rounds (0.114 sec)
Wrote distance file to... 
BEST SCORE FOUND : -40831.783
Total tree length: 0.021

Total number of iterations: 0
CPU time used for tree search: 0.000 sec (0h:0m:0s)
Wall-clock time used for tree search: 0.000 sec (0h:0m:0s)
Total CPU time used: 316.711 sec (0h:5m:16s)
Total wall-clock time used: 119.215 sec (0h:1m:59s)

===> START JACKKNIFE REPLICATE NUMBER 583

Creating jackknife alignment (seed: 786309)...
Reading input tree file gl_output_rmq.fasta.raxml.bestTree ...

NOTE: 7 MB RAM (0 GB) is required!
Estimate model parameters (epsilon = 0.010)
1. Initial log-likelihood: -40816.904
2. Current log-likelihood: -40718.938
3. Current log-likelihood: -40718.696
Optimal log-likelihood: -40718.693
Rate parameters:  A-C: 1.00000  A-G: 2.71416  A-T: 1.00000  C-G: 1.00000  C-T: 2.71416  G-T: 1.00000
Base frequencies:  A: 0.283  C: 0.207  G: 0.225  T: 0.285
Parameters optimization took 3 rounds (0.099 sec)
Wrote distance file to... 
BEST SCORE FOUND : -40718.693
Total tree length: 0.021

Total number of iterations: 0
CPU time used for tree search: 0.000 sec (0h:0m:0s)
Wall-clock time used for tree search: 0.000 sec (0h:0m:0s)
Total CPU time used: 317.147 sec (0h:5m:17s)
Total wall-clock time used: 119.373 sec (0h:1m:59s)

===> START JACKKNIFE REPLICATE NUMBER 584

Creating jackknife alignment (seed: 786310)...
Reading input tree file gl_output_rmq.fasta.raxml.bestTree ...

NOTE: 7 MB RAM (0 GB) is required!
Estimate model parameters (epsilon = 0.010)
1. Initial log-likelihood: -40946.100
2. Current log-likelihood: -40841.288
3. Current log-likelihood: -40841.242
Optimal log-likelihood: -40841.239
Rate parameters:  A-C: 1.00000  A-G: 2.63716  A-T: 1.00000  C-G: 1.00000  C-T: 2.63716  G-T: 1.00000
Base frequencies:  A: 0.284  C: 0.208  G: 0.226  T: 0.282
Parameters optimization took 3 rounds (0.101 sec)
Wrote distance file to... 
BEST SCORE FOUND : -40841.239
Total tree length: 0.021

Total number of iterations: 0
CPU time used for tree search: 0.000 sec (0h:0m:0s)
Wall-clock time used for tree search: 0.000 sec (0h:0m:0s)
Total CPU time used: 317.579 sec (0h:5m:17s)
Total wall-clock time used: 119.529 sec (0h:1m:59s)

===> START JACKKNIFE REPLICATE NUMBER 585

Creating jackknife alignment (seed: 786311)...
Reading input tree file gl_output_rmq.fasta.raxml.bestTree ...

NOTE: 8 MB RAM (0 GB) is required!
Estimate model parameters (epsilon = 0.010)
1. Initial log-likelihood: -41260.257
2. Current log-likelihood: -41169.576
3. Current log-likelihood: -41169.454
Optimal log-likelihood: -41169.454
Rate parameters:  A-C: 1.00000  A-G: 2.50834  A-T: 1.00000  C-G: 1.00000  C-T: 2.50834  G-T: 1.00000
Base frequencies:  A: 0.284  C: 0.209  G: 0.229  T: 0.278
Parameters optimization took 3 rounds (0.110 sec)
Wrote distance file to... 
BEST SCORE FOUND : -41169.454
Total tree length: 0.022

Total number of iterations: 0
CPU time used for tree search: 0.000 sec (0h:0m:0s)
Wall-clock time used for tree search: 0.000 sec (0h:0m:0s)
Total CPU time used: 318.049 sec (0h:5m:18s)
Total wall-clock time used: 119.698 sec (0h:1m:59s)

===> START JACKKNIFE REPLICATE NUMBER 586

Creating jackknife alignment (seed: 786312)...
Reading input tree file gl_output_rmq.fasta.raxml.bestTree ...

NOTE: 7 MB RAM (0 GB) is required!
Estimate model parameters (epsilon = 0.010)
1. Initial log-likelihood: -40433.864
2. Current log-likelihood: -40331.486
3. Current log-likelihood: -40331.031
Optimal log-likelihood: -40331.028
Rate parameters:  A-C: 1.00000  A-G: 2.67960  A-T: 1.00000  C-G: 1.00000  C-T: 2.67960  G-T: 1.00000
Base frequencies:  A: 0.284  C: 0.210  G: 0.226  T: 0.280
Parameters optimization took 3 rounds (0.099 sec)
Wrote distance file to... 
BEST SCORE FOUND : -40331.028
Total tree length: 0.019

Total number of iterations: 0
CPU time used for tree search: 0.000 sec (0h:0m:0s)
Wall-clock time used for tree search: 0.000 sec (0h:0m:0s)
Total CPU time used: 318.481 sec (0h:5m:18s)
Total wall-clock time used: 119.855 sec (0h:1m:59s)

===> START JACKKNIFE REPLICATE NUMBER 587

Creating jackknife alignment (seed: 786313)...
Reading input tree file gl_output_rmq.fasta.raxml.bestTree ...

NOTE: 7 MB RAM (0 GB) is required!
Estimate model parameters (epsilon = 0.010)
1. Initial log-likelihood: -40760.030
2. Current log-likelihood: -40679.092
3. Current log-likelihood: -40678.959
Optimal log-likelihood: -40678.959
Rate parameters:  A-C: 1.00000  A-G: 2.19725  A-T: 1.00000  C-G: 1.00000  C-T: 2.19725  G-T: 1.00000
Base frequencies:  A: 0.283  C: 0.207  G: 0.231  T: 0.279
Parameters optimization took 3 rounds (0.102 sec)
Wrote distance file to... 
BEST SCORE FOUND : -40678.959
Total tree length: 0.020

Total number of iterations: 0
CPU time used for tree search: 0.000 sec (0h:0m:0s)
Wall-clock time used for tree search: 0.000 sec (0h:0m:0s)
Total CPU time used: 318.932 sec (0h:5m:18s)
Total wall-clock time used: 120.021 sec (0h:2m:0s)

===> START JACKKNIFE REPLICATE NUMBER 588

Creating jackknife alignment (seed: 786314)...
Reading input tree file gl_output_rmq.fasta.raxml.bestTree ...

NOTE: 8 MB RAM (0 GB) is required!
Estimate model parameters (epsilon = 0.010)
1. Initial log-likelihood: -41099.755
2. Current log-likelihood: -41010.413
3. Current log-likelihood: -41010.299
Optimal log-likelihood: -41010.283
Rate parameters:  A-C: 1.00000  A-G: 2.42441  A-T: 1.00000  C-G: 1.00000  C-T: 2.42441  G-T: 1.00000
Base frequencies:  A: 0.285  C: 0.209  G: 0.230  T: 0.277
Parameters optimization took 3 rounds (0.095 sec)
Wrote distance file to... 
BEST SCORE FOUND : -41010.283
Total tree length: 0.022

Total number of iterations: 0
CPU time used for tree search: 0.000 sec (0h:0m:0s)
Wall-clock time used for tree search: 0.000 sec (0h:0m:0s)
Total CPU time used: 319.346 sec (0h:5m:19s)
Total wall-clock time used: 120.171 sec (0h:2m:0s)

===> START JACKKNIFE REPLICATE NUMBER 589

Creating jackknife alignment (seed: 786315)...
Reading input tree file gl_output_rmq.fasta.raxml.bestTree ...

NOTE: 7 MB RAM (0 GB) is required!
Estimate model parameters (epsilon = 0.010)
1. Initial log-likelihood: -40396.178
2. Current log-likelihood: -40308.136
3. Current log-likelihood: -40307.641
Optimal log-likelihood: -40307.641
Rate parameters:  A-C: 1.00000  A-G: 2.16447  A-T: 1.00000  C-G: 1.00000  C-T: 2.16447  G-T: 1.00000
Base frequencies:  A: 0.280  C: 0.209  G: 0.229  T: 0.281
Parameters optimization took 3 rounds (0.117 sec)
Wrote distance file to... 
BEST SCORE FOUND : -40307.641
Total tree length: 0.019

Total number of iterations: 0
CPU time used for tree search: 0.000 sec (0h:0m:0s)
Wall-clock time used for tree search: 0.000 sec (0h:0m:0s)
Total CPU time used: 319.834 sec (0h:5m:19s)
Total wall-clock time used: 120.346 sec (0h:2m:0s)

===> START JACKKNIFE REPLICATE NUMBER 590

Creating jackknife alignment (seed: 786316)...
Reading input tree file gl_output_rmq.fasta.raxml.bestTree ...

NOTE: 7 MB RAM (0 GB) is required!
Estimate model parameters (epsilon = 0.010)
1. Initial log-likelihood: -40836.130
2. Current log-likelihood: -40766.866
3. Current log-likelihood: -40766.807
Optimal log-likelihood: -40766.807
Rate parameters:  A-C: 1.00000  A-G: 2.07362  A-T: 1.00000  C-G: 1.00000  C-T: 2.07362  G-T: 1.00000
Base frequencies:  A: 0.282  C: 0.214  G: 0.225  T: 0.280
Parameters optimization took 3 rounds (0.092 sec)
Wrote distance file to... 
BEST SCORE FOUND : -40766.807
Total tree length: 0.020

Total number of iterations: 0
CPU time used for tree search: 0.000 sec (0h:0m:0s)
Wall-clock time used for tree search: 0.000 sec (0h:0m:0s)
Total CPU time used: 320.243 sec (0h:5m:20s)
Total wall-clock time used: 120.495 sec (0h:2m:0s)

===> START JACKKNIFE REPLICATE NUMBER 591

Creating jackknife alignment (seed: 786317)...
Reading input tree file gl_output_rmq.fasta.raxml.bestTree ...

NOTE: 7 MB RAM (0 GB) is required!
Estimate model parameters (epsilon = 0.010)
1. Initial log-likelihood: -41010.719
2. Current log-likelihood: -40930.690
3. Current log-likelihood: -40930.674
Optimal log-likelihood: -40930.674
Rate parameters:  A-C: 1.00000  A-G: 2.26341  A-T: 1.00000  C-G: 1.00000  C-T: 2.26341  G-T: 1.00000
Base frequencies:  A: 0.285  C: 0.207  G: 0.228  T: 0.280
Parameters optimization took 3 rounds (0.094 sec)
Wrote distance file to... 
BEST SCORE FOUND : -40930.674
Total tree length: 0.021

Total number of iterations: 0
CPU time used for tree search: 0.000 sec (0h:0m:0s)
Wall-clock time used for tree search: 0.000 sec (0h:0m:0s)
Total CPU time used: 320.664 sec (0h:5m:20s)
Total wall-clock time used: 120.647 sec (0h:2m:0s)

===> START JACKKNIFE REPLICATE NUMBER 592

Creating jackknife alignment (seed: 786318)...
Reading input tree file gl_output_rmq.fasta.raxml.bestTree ...

NOTE: 7 MB RAM (0 GB) is required!
Estimate model parameters (epsilon = 0.010)
1. Initial log-likelihood: -41091.447
2. Current log-likelihood: -40991.042
3. Current log-likelihood: -40990.645
4. Current log-likelihood: -40990.611
Optimal log-likelihood: -40990.608
Rate parameters:  A-C: 1.00000  A-G: 2.64959  A-T: 1.00000  C-G: 1.00000  C-T: 2.64959  G-T: 1.00000
Base frequencies:  A: 0.281  C: 0.211  G: 0.229  T: 0.278
Parameters optimization took 4 rounds (0.138 sec)
Wrote distance file to... 
BEST SCORE FOUND : -40990.608
Total tree length: 0.022

Total number of iterations: 0
CPU time used for tree search: 0.000 sec (0h:0m:0s)
Wall-clock time used for tree search: 0.000 sec (0h:0m:0s)
Total CPU time used: 321.204 sec (0h:5m:21s)
Total wall-clock time used: 120.840 sec (0h:2m:0s)

===> START JACKKNIFE REPLICATE NUMBER 593

Creating jackknife alignment (seed: 786319)...
Reading input tree file gl_output_rmq.fasta.raxml.bestTree ...

NOTE: 7 MB RAM (0 GB) is required!
Estimate model parameters (epsilon = 0.010)
1. Initial log-likelihood: -40838.296
2. Current log-likelihood: -40746.112
3. Current log-likelihood: -40745.901
Optimal log-likelihood: -40745.897
Rate parameters:  A-C: 1.00000  A-G: 2.40717  A-T: 1.00000  C-G: 1.00000  C-T: 2.40717  G-T: 1.00000
Base frequencies:  A: 0.283  C: 0.210  G: 0.227  T: 0.280
Parameters optimization took 3 rounds (0.090 sec)
Wrote distance file to... 
BEST SCORE FOUND : -40745.897
Total tree length: 0.021

Total number of iterations: 0
CPU time used for tree search: 0.000 sec (0h:0m:0s)
Wall-clock time used for tree search: 0.000 sec (0h:0m:0s)
Total CPU time used: 321.611 sec (0h:5m:21s)
Total wall-clock time used: 120.987 sec (0h:2m:0s)

===> START JACKKNIFE REPLICATE NUMBER 594

Creating jackknife alignment (seed: 786320)...
Reading input tree file gl_output_rmq.fasta.raxml.bestTree ...

NOTE: 7 MB RAM (0 GB) is required!
Estimate model parameters (epsilon = 0.010)
1. Initial log-likelihood: -40891.119
2. Current log-likelihood: -40805.651
3. Current log-likelihood: -40805.515
4. Current log-likelihood: -40805.037
Optimal log-likelihood: -40805.029
Rate parameters:  A-C: 1.00000  A-G: 2.29414  A-T: 1.00000  C-G: 1.00000  C-T: 2.29414  G-T: 1.00000
Base frequencies:  A: 0.282  C: 0.211  G: 0.228  T: 0.279
Parameters optimization took 4 rounds (0.125 sec)
Wrote distance file to... 
BEST SCORE FOUND : -40805.029
Total tree length: 0.021

Total number of iterations: 0
CPU time used for tree search: 0.000 sec (0h:0m:0s)
Wall-clock time used for tree search: 0.000 sec (0h:0m:0s)
Total CPU time used: 322.115 sec (0h:5m:22s)
Total wall-clock time used: 121.167 sec (0h:2m:1s)

===> START JACKKNIFE REPLICATE NUMBER 595

Creating jackknife alignment (seed: 786321)...
Reading input tree file gl_output_rmq.fasta.raxml.bestTree ...

NOTE: 7 MB RAM (0 GB) is required!
Estimate model parameters (epsilon = 0.010)
1. Initial log-likelihood: -40604.347
2. Current log-likelihood: -40533.007
3. Current log-likelihood: -40520.549
4. Current log-likelihood: -40480.586
5. Current log-likelihood: -40480.571
Optimal log-likelihood: -40480.571
Rate parameters:  A-C: 1.00000  A-G: 3.13631  A-T: 1.00000  C-G: 1.00000  C-T: 3.13631  G-T: 1.00000
Base frequencies:  A: 0.285  C: 0.209  G: 0.226  T: 0.281
Parameters optimization took 5 rounds (0.182 sec)
Wrote distance file to... 
BEST SCORE FOUND : -40480.571
Total tree length: 0.020

Total number of iterations: 0
CPU time used for tree search: 0.000 sec (0h:0m:0s)
Wall-clock time used for tree search: 0.000 sec (0h:0m:0s)
Total CPU time used: 322.785 sec (0h:5m:22s)
Total wall-clock time used: 121.403 sec (0h:2m:1s)

===> START JACKKNIFE REPLICATE NUMBER 596

Creating jackknife alignment (seed: 786322)...
Reading input tree file gl_output_rmq.fasta.raxml.bestTree ...

NOTE: 8 MB RAM (0 GB) is required!
Estimate model parameters (epsilon = 0.010)
1. Initial log-likelihood: -41303.536
2. Current log-likelihood: -41222.204
3. Current log-likelihood: -41222.184
Optimal log-likelihood: -41222.184
Rate parameters:  A-C: 1.00000  A-G: 2.30631  A-T: 1.00000  C-G: 1.00000  C-T: 2.30631  G-T: 1.00000
Base frequencies:  A: 0.280  C: 0.211  G: 0.229  T: 0.280
Parameters optimization took 3 rounds (0.089 sec)
Wrote distance file to... 
BEST SCORE FOUND : -41222.184
Total tree length: 0.022

Total number of iterations: 0
CPU time used for tree search: 0.000 sec (0h:0m:0s)
Wall-clock time used for tree search: 0.000 sec (0h:0m:0s)
Total CPU time used: 323.185 sec (0h:5m:23s)
Total wall-clock time used: 121.549 sec (0h:2m:1s)

===> START JACKKNIFE REPLICATE NUMBER 597

Creating jackknife alignment (seed: 786323)...
Reading input tree file gl_output_rmq.fasta.raxml.bestTree ...

NOTE: 7 MB RAM (0 GB) is required!
Estimate model parameters (epsilon = 0.010)
1. Initial log-likelihood: -40597.098
2. Current log-likelihood: -40482.495
3. Current log-likelihood: -40482.305
Optimal log-likelihood: -40482.304
Rate parameters:  A-C: 1.00000  A-G: 2.81320  A-T: 1.00000  C-G: 1.00000  C-T: 2.81320  G-T: 1.00000
Base frequencies:  A: 0.283  C: 0.210  G: 0.225  T: 0.282
Parameters optimization took 3 rounds (0.114 sec)
Wrote distance file to... 
BEST SCORE FOUND : -40482.304
Total tree length: 0.020

Total number of iterations: 0
CPU time used for tree search: 0.000 sec (0h:0m:0s)
Wall-clock time used for tree search: 0.000 sec (0h:0m:0s)
Total CPU time used: 323.658 sec (0h:5m:23s)
Total wall-clock time used: 121.723 sec (0h:2m:1s)

===> START JACKKNIFE REPLICATE NUMBER 598

Creating jackknife alignment (seed: 786324)...
Reading input tree file gl_output_rmq.fasta.raxml.bestTree ...

NOTE: 7 MB RAM (0 GB) is required!
Estimate model parameters (epsilon = 0.010)
1. Initial log-likelihood: -40841.327
2. Current log-likelihood: -40766.256
Optimal log-likelihood: -40766.250
Rate parameters:  A-C: 1.00000  A-G: 2.24315  A-T: 1.00000  C-G: 1.00000  C-T: 2.24315  G-T: 1.00000
Base frequencies:  A: 0.286  C: 0.209  G: 0.225  T: 0.280
Parameters optimization took 2 rounds (0.063 sec)
Wrote distance file to... 
BEST SCORE FOUND : -40766.250
Total tree length: 0.021

Total number of iterations: 0
CPU time used for tree search: 0.000 sec (0h:0m:0s)
Wall-clock time used for tree search: 0.000 sec (0h:0m:0s)
Total CPU time used: 323.980 sec (0h:5m:23s)
Total wall-clock time used: 121.842 sec (0h:2m:1s)

===> START JACKKNIFE REPLICATE NUMBER 599

Creating jackknife alignment (seed: 786325)...
Reading input tree file gl_output_rmq.fasta.raxml.bestTree ...

NOTE: 8 MB RAM (0 GB) is required!
Estimate model parameters (epsilon = 0.010)
1. Initial log-likelihood: -41538.233
2. Current log-likelihood: -41438.355
3. Current log-likelihood: -41438.004
Optimal log-likelihood: -41438.004
Rate parameters:  A-C: 1.00000  A-G: 2.52807  A-T: 1.00000  C-G: 1.00000  C-T: 2.52807  G-T: 1.00000
Base frequencies:  A: 0.281  C: 0.211  G: 0.225  T: 0.284
Parameters optimization took 3 rounds (0.100 sec)
Wrote distance file to... 
BEST SCORE FOUND : -41438.004
Total tree length: 0.024

Total number of iterations: 0
CPU time used for tree search: 0.000 sec (0h:0m:0s)
Wall-clock time used for tree search: 0.000 sec (0h:0m:0s)
Total CPU time used: 324.426 sec (0h:5m:24s)
Total wall-clock time used: 122.003 sec (0h:2m:2s)

===> START JACKKNIFE REPLICATE NUMBER 600

Creating jackknife alignment (seed: 786326)...
Reading input tree file gl_output_rmq.fasta.raxml.bestTree ...

NOTE: 8 MB RAM (0 GB) is required!
Estimate model parameters (epsilon = 0.010)
1. Initial log-likelihood: -41205.025
2. Current log-likelihood: -41133.105
3. Current log-likelihood: -41132.900
Optimal log-likelihood: -41132.899
Rate parameters:  A-C: 1.00000  A-G: 2.17298  A-T: 1.00000  C-G: 1.00000  C-T: 2.17298  G-T: 1.00000
Base frequencies:  A: 0.281  C: 0.213  G: 0.228  T: 0.278
Parameters optimization took 3 rounds (0.110 sec)
Wrote distance file to... 
BEST SCORE FOUND : -41132.899
Total tree length: 0.022

Total number of iterations: 0
CPU time used for tree search: 0.000 sec (0h:0m:0s)
Wall-clock time used for tree search: 0.000 sec (0h:0m:0s)
Total CPU time used: 324.886 sec (0h:5m:24s)
Total wall-clock time used: 122.169 sec (0h:2m:2s)

===> START JACKKNIFE REPLICATE NUMBER 601

Creating jackknife alignment (seed: 786327)...
Reading input tree file gl_output_rmq.fasta.raxml.bestTree ...

NOTE: 7 MB RAM (0 GB) is required!
Estimate model parameters (epsilon = 0.010)
1. Initial log-likelihood: -40861.036
2. Current log-likelihood: -40776.937
3. Current log-likelihood: -40776.819
Optimal log-likelihood: -40776.819
Rate parameters:  A-C: 1.00000  A-G: 2.27250  A-T: 1.00000  C-G: 1.00000  C-T: 2.27250  G-T: 1.00000
Base frequencies:  A: 0.281  C: 0.209  G: 0.227  T: 0.283
Parameters optimization took 3 rounds (0.104 sec)
Wrote distance file to... 
BEST SCORE FOUND : -40776.819
Total tree length: 0.021

Total number of iterations: 0
CPU time used for tree search: 0.000 sec (0h:0m:0s)
Wall-clock time used for tree search: 0.000 sec (0h:0m:0s)
Total CPU time used: 325.325 sec (0h:5m:25s)
Total wall-clock time used: 122.327 sec (0h:2m:2s)

===> START JACKKNIFE REPLICATE NUMBER 602

Creating jackknife alignment (seed: 786328)...
Reading input tree file gl_output_rmq.fasta.raxml.bestTree ...

NOTE: 7 MB RAM (0 GB) is required!
Estimate model parameters (epsilon = 0.010)
1. Initial log-likelihood: -40679.548
2. Current log-likelihood: -40582.155
3. Current log-likelihood: -40582.128
Optimal log-likelihood: -40582.125
Rate parameters:  A-C: 1.00000  A-G: 2.60247  A-T: 1.00000  C-G: 1.00000  C-T: 2.60247  G-T: 1.00000
Base frequencies:  A: 0.284  C: 0.208  G: 0.228  T: 0.280
Parameters optimization took 3 rounds (0.105 sec)
Wrote distance file to... 
BEST SCORE FOUND : -40582.125
Total tree length: 0.020

Total number of iterations: 0
CPU time used for tree search: 0.000 sec (0h:0m:0s)
Wall-clock time used for tree search: 0.000 sec (0h:0m:0s)
Total CPU time used: 325.764 sec (0h:5m:25s)
Total wall-clock time used: 122.486 sec (0h:2m:2s)

===> START JACKKNIFE REPLICATE NUMBER 603

Creating jackknife alignment (seed: 786329)...
Reading input tree file gl_output_rmq.fasta.raxml.bestTree ...

NOTE: 8 MB RAM (0 GB) is required!
Estimate model parameters (epsilon = 0.010)
1. Initial log-likelihood: -41093.869
2. Current log-likelihood: -41003.849
3. Current log-likelihood: -41003.680
Optimal log-likelihood: -41003.680
Rate parameters:  A-C: 1.00000  A-G: 2.43185  A-T: 1.00000  C-G: 1.00000  C-T: 2.43185  G-T: 1.00000
Base frequencies:  A: 0.283  C: 0.211  G: 0.225  T: 0.281
Parameters optimization took 3 rounds (0.103 sec)
Wrote distance file to... 
BEST SCORE FOUND : -41003.680
Total tree length: 0.022

Total number of iterations: 0
CPU time used for tree search: 0.000 sec (0h:0m:0s)
Wall-clock time used for tree search: 0.000 sec (0h:0m:0s)
Total CPU time used: 326.202 sec (0h:5m:26s)
Total wall-clock time used: 122.643 sec (0h:2m:2s)

===> START JACKKNIFE REPLICATE NUMBER 604

Creating jackknife alignment (seed: 786330)...
Reading input tree file gl_output_rmq.fasta.raxml.bestTree ...

NOTE: 8 MB RAM (0 GB) is required!
Estimate model parameters (epsilon = 0.010)
1. Initial log-likelihood: -41213.243
2. Current log-likelihood: -41128.232
3. Current log-likelihood: -41127.951
Optimal log-likelihood: -41127.951
Rate parameters:  A-C: 1.00000  A-G: 2.35453  A-T: 1.00000  C-G: 1.00000  C-T: 2.35453  G-T: 1.00000
Base frequencies:  A: 0.284  C: 0.211  G: 0.228  T: 0.277
Parameters optimization took 3 rounds (0.098 sec)
Wrote distance file to... 
BEST SCORE FOUND : -41127.951
Total tree length: 0.022

Total number of iterations: 0
CPU time used for tree search: 0.000 sec (0h:0m:0s)
Wall-clock time used for tree search: 0.000 sec (0h:0m:0s)
Total CPU time used: 326.630 sec (0h:5m:26s)
Total wall-clock time used: 122.798 sec (0h:2m:2s)

===> START JACKKNIFE REPLICATE NUMBER 605

Creating jackknife alignment (seed: 786331)...
Reading input tree file gl_output_rmq.fasta.raxml.bestTree ...

NOTE: 7 MB RAM (0 GB) is required!
Estimate model parameters (epsilon = 0.010)
1. Initial log-likelihood: -40890.265
2. Current log-likelihood: -40809.149
3. Current log-likelihood: -40808.830
4. Current log-likelihood: -40808.501
Optimal log-likelihood: -40808.501
Rate parameters:  A-C: 1.00000  A-G: 2.24908  A-T: 1.00000  C-G: 1.00000  C-T: 2.24908  G-T: 1.00000
Base frequencies:  A: 0.283  C: 0.209  G: 0.230  T: 0.278
Parameters optimization took 4 rounds (0.124 sec)
Wrote distance file to... 
BEST SCORE FOUND : -40808.501
Total tree length: 0.021

Total number of iterations: 0
CPU time used for tree search: 0.000 sec (0h:0m:0s)
Wall-clock time used for tree search: 0.000 sec (0h:0m:0s)
Total CPU time used: 327.133 sec (0h:5m:27s)
Total wall-clock time used: 122.980 sec (0h:2m:2s)

===> START JACKKNIFE REPLICATE NUMBER 606

Creating jackknife alignment (seed: 786332)...
Reading input tree file gl_output_rmq.fasta.raxml.bestTree ...

NOTE: 8 MB RAM (0 GB) is required!
Estimate model parameters (epsilon = 0.010)
1. Initial log-likelihood: -41328.424
2. Current log-likelihood: -41240.560
3. Current log-likelihood: -41240.428
Optimal log-likelihood: -41240.428
Rate parameters:  A-C: 1.00000  A-G: 2.25156  A-T: 1.00000  C-G: 1.00000  C-T: 2.25156  G-T: 1.00000
Base frequencies:  A: 0.280  C: 0.212  G: 0.230  T: 0.278
Parameters optimization took 3 rounds (0.110 sec)
Wrote distance file to... 
BEST SCORE FOUND : -41240.428
Total tree length: 0.023

Total number of iterations: 0
CPU time used for tree search: 0.000 sec (0h:0m:0s)
Wall-clock time used for tree search: 0.000 sec (0h:0m:0s)
Total CPU time used: 327.587 sec (0h:5m:27s)
Total wall-clock time used: 123.144 sec (0h:2m:3s)

===> START JACKKNIFE REPLICATE NUMBER 607

Creating jackknife alignment (seed: 786333)...
Reading input tree file gl_output_rmq.fasta.raxml.bestTree ...

NOTE: 7 MB RAM (0 GB) is required!
Estimate model parameters (epsilon = 0.010)
1. Initial log-likelihood: -41253.318
2. Current log-likelihood: -41166.879
3. Current log-likelihood: -41166.840
Optimal log-likelihood: -41166.840
Rate parameters:  A-C: 1.00000  A-G: 2.42858  A-T: 1.00000  C-G: 1.00000  C-T: 2.42858  G-T: 1.00000
Base frequencies:  A: 0.281  C: 0.211  G: 0.228  T: 0.280
Parameters optimization took 3 rounds (0.089 sec)
Wrote distance file to... 
BEST SCORE FOUND : -41166.840
Total tree length: 0.022

Total number of iterations: 0
CPU time used for tree search: 0.000 sec (0h:0m:0s)
Wall-clock time used for tree search: 0.000 sec (0h:0m:0s)
Total CPU time used: 327.990 sec (0h:5m:27s)
Total wall-clock time used: 123.291 sec (0h:2m:3s)

===> START JACKKNIFE REPLICATE NUMBER 608

Creating jackknife alignment (seed: 786334)...
Reading input tree file gl_output_rmq.fasta.raxml.bestTree ...

NOTE: 7 MB RAM (0 GB) is required!
Estimate model parameters (epsilon = 0.010)
1. Initial log-likelihood: -40500.491
2. Current log-likelihood: -40405.321
3. Current log-likelihood: -40405.113
4. Current log-likelihood: -40405.076
Optimal log-likelihood: -40405.074
Rate parameters:  A-C: 1.00000  A-G: 2.56215  A-T: 1.00000  C-G: 1.00000  C-T: 2.56215  G-T: 1.00000
Base frequencies:  A: 0.282  C: 0.212  G: 0.227  T: 0.280
Parameters optimization took 4 rounds (0.118 sec)
Wrote distance file to... 
BEST SCORE FOUND : -40405.074
Total tree length: 0.019

Total number of iterations: 0
CPU time used for tree search: 0.000 sec (0h:0m:0s)
Wall-clock time used for tree search: 0.000 sec (0h:0m:0s)
Total CPU time used: 328.514 sec (0h:5m:28s)
Total wall-clock time used: 123.490 sec (0h:2m:3s)

===> START JACKKNIFE REPLICATE NUMBER 609

Creating jackknife alignment (seed: 786335)...
Reading input tree file gl_output_rmq.fasta.raxml.bestTree ...

NOTE: 7 MB RAM (0 GB) is required!
Estimate model parameters (epsilon = 0.010)
1. Initial log-likelihood: -41057.142
2. Current log-likelihood: -40961.787
Optimal log-likelihood: -40961.782
Rate parameters:  A-C: 1.00000  A-G: 2.48557  A-T: 1.00000  C-G: 1.00000  C-T: 2.48557  G-T: 1.00000
Base frequencies:  A: 0.284  C: 0.209  G: 0.231  T: 0.276
Parameters optimization took 2 rounds (0.078 sec)
Wrote distance file to... 
BEST SCORE FOUND : -40961.782
Total tree length: 0.022

Total number of iterations: 0
CPU time used for tree search: 0.000 sec (0h:0m:0s)
Wall-clock time used for tree search: 0.000 sec (0h:0m:0s)
Total CPU time used: 328.886 sec (0h:5m:28s)
Total wall-clock time used: 123.626 sec (0h:2m:3s)

===> START JACKKNIFE REPLICATE NUMBER 610

Creating jackknife alignment (seed: 786336)...
Reading input tree file gl_output_rmq.fasta.raxml.bestTree ...

NOTE: 7 MB RAM (0 GB) is required!
Estimate model parameters (epsilon = 0.010)
1. Initial log-likelihood: -41045.092
2. Current log-likelihood: -40960.949
3. Current log-likelihood: -40960.710
4. Current log-likelihood: -40960.667
Optimal log-likelihood: -40960.660
Rate parameters:  A-C: 1.00000  A-G: 2.46842  A-T: 1.00000  C-G: 1.00000  C-T: 2.46842  G-T: 1.00000
Base frequencies:  A: 0.283  C: 0.212  G: 0.226  T: 0.278
Parameters optimization took 4 rounds (0.135 sec)
Wrote distance file to... 
BEST SCORE FOUND : -40960.660
Total tree length: 0.022

Total number of iterations: 0
CPU time used for tree search: 0.000 sec (0h:0m:0s)
Wall-clock time used for tree search: 0.000 sec (0h:0m:0s)
Total CPU time used: 329.424 sec (0h:5m:29s)
Total wall-clock time used: 123.819 sec (0h:2m:3s)

===> START JACKKNIFE REPLICATE NUMBER 611

Creating jackknife alignment (seed: 786337)...
Reading input tree file gl_output_rmq.fasta.raxml.bestTree ...

NOTE: 7 MB RAM (0 GB) is required!
Estimate model parameters (epsilon = 0.010)
1. Initial log-likelihood: -40645.466
2. Current log-likelihood: -40547.795
3. Current log-likelihood: -40547.662
Optimal log-likelihood: -40547.658
Rate parameters:  A-C: 1.00000  A-G: 2.60690  A-T: 1.00000  C-G: 1.00000  C-T: 2.60690  G-T: 1.00000
Base frequencies:  A: 0.283  C: 0.208  G: 0.228  T: 0.281
Parameters optimization took 3 rounds (0.088 sec)
Wrote distance file to... 
BEST SCORE FOUND : -40547.658
Total tree length: 0.020

Total number of iterations: 0
CPU time used for tree search: 0.000 sec (0h:0m:0s)
Wall-clock time used for tree search: 0.000 sec (0h:0m:0s)
Total CPU time used: 329.819 sec (0h:5m:29s)
Total wall-clock time used: 123.962 sec (0h:2m:3s)

===> START JACKKNIFE REPLICATE NUMBER 612

Creating jackknife alignment (seed: 786338)...
Reading input tree file gl_output_rmq.fasta.raxml.bestTree ...

NOTE: 7 MB RAM (0 GB) is required!
Estimate model parameters (epsilon = 0.010)
1. Initial log-likelihood: -40770.896
2. Current log-likelihood: -40680.804
3. Current log-likelihood: -40680.335
Optimal log-likelihood: -40680.334
Rate parameters:  A-C: 1.00000  A-G: 2.39026  A-T: 1.00000  C-G: 1.00000  C-T: 2.39026  G-T: 1.00000
Base frequencies:  A: 0.283  C: 0.211  G: 0.225  T: 0.280
Parameters optimization took 3 rounds (0.106 sec)
Wrote distance file to... 
BEST SCORE FOUND : -40680.334
Total tree length: 0.021

Total number of iterations: 0
CPU time used for tree search: 0.000 sec (0h:0m:0s)
Wall-clock time used for tree search: 0.000 sec (0h:0m:0s)
Total CPU time used: 330.267 sec (0h:5m:30s)
Total wall-clock time used: 124.124 sec (0h:2m:4s)

===> START JACKKNIFE REPLICATE NUMBER 613

Creating jackknife alignment (seed: 786339)...
Reading input tree file gl_output_rmq.fasta.raxml.bestTree ...

NOTE: 7 MB RAM (0 GB) is required!
Estimate model parameters (epsilon = 0.010)
1. Initial log-likelihood: -41130.783
2. Current log-likelihood: -41033.888
3. Current log-likelihood: -41033.836
Optimal log-likelihood: -41033.833
Rate parameters:  A-C: 1.00000  A-G: 2.67238  A-T: 1.00000  C-G: 1.00000  C-T: 2.67238  G-T: 1.00000
Base frequencies:  A: 0.281  C: 0.212  G: 0.227  T: 0.280
Parameters optimization took 3 rounds (0.115 sec)
Wrote distance file to... 
BEST SCORE FOUND : -41033.833
Total tree length: 0.022

Total number of iterations: 0
CPU time used for tree search: 0.000 sec (0h:0m:0s)
Wall-clock time used for tree search: 0.000 sec (0h:0m:0s)
Total CPU time used: 330.748 sec (0h:5m:30s)
Total wall-clock time used: 124.302 sec (0h:2m:4s)

===> START JACKKNIFE REPLICATE NUMBER 614

Creating jackknife alignment (seed: 786340)...
Reading input tree file gl_output_rmq.fasta.raxml.bestTree ...

NOTE: 8 MB RAM (0 GB) is required!
Estimate model parameters (epsilon = 0.010)
1. Initial log-likelihood: -41251.616
2. Current log-likelihood: -41161.473
3. Current log-likelihood: -41161.434
Optimal log-likelihood: -41161.432
Rate parameters:  A-C: 1.00000  A-G: 2.46303  A-T: 1.00000  C-G: 1.00000  C-T: 2.46303  G-T: 1.00000
Base frequencies:  A: 0.281  C: 0.212  G: 0.229  T: 0.278
Parameters optimization took 3 rounds (0.093 sec)
Wrote distance file to... 
BEST SCORE FOUND : -41161.432
Total tree length: 0.022

Total number of iterations: 0
CPU time used for tree search: 0.000 sec (0h:0m:0s)
Wall-clock time used for tree search: 0.000 sec (0h:0m:0s)
Total CPU time used: 331.160 sec (0h:5m:31s)
Total wall-clock time used: 124.451 sec (0h:2m:4s)

===> START JACKKNIFE REPLICATE NUMBER 615

Creating jackknife alignment (seed: 786341)...
Reading input tree file gl_output_rmq.fasta.raxml.bestTree ...

NOTE: 7 MB RAM (0 GB) is required!
Estimate model parameters (epsilon = 0.010)
1. Initial log-likelihood: -40836.785
2. Current log-likelihood: -40747.316
3. Current log-likelihood: -40747.270
Optimal log-likelihood: -40747.270
Rate parameters:  A-C: 1.00000  A-G: 2.50574  A-T: 1.00000  C-G: 1.00000  C-T: 2.50574  G-T: 1.00000
Base frequencies:  A: 0.284  C: 0.209  G: 0.230  T: 0.277
Parameters optimization took 3 rounds (0.090 sec)
Wrote distance file to... 
BEST SCORE FOUND : -40747.270
Total tree length: 0.020

Total number of iterations: 0
CPU time used for tree search: 0.000 sec (0h:0m:0s)
Wall-clock time used for tree search: 0.000 sec (0h:0m:0s)
Total CPU time used: 331.564 sec (0h:5m:31s)
Total wall-clock time used: 124.599 sec (0h:2m:4s)

===> START JACKKNIFE REPLICATE NUMBER 616

Creating jackknife alignment (seed: 786342)...
Reading input tree file gl_output_rmq.fasta.raxml.bestTree ...

NOTE: 7 MB RAM (0 GB) is required!
Estimate model parameters (epsilon = 0.010)
1. Initial log-likelihood: -41074.077
2. Current log-likelihood: -40976.930
3. Current log-likelihood: -40976.898
Optimal log-likelihood: -40976.896
Rate parameters:  A-C: 1.00000  A-G: 2.75223  A-T: 1.00000  C-G: 1.00000  C-T: 2.75223  G-T: 1.00000
Base frequencies:  A: 0.284  C: 0.210  G: 0.226  T: 0.280
Parameters optimization took 3 rounds (0.108 sec)
Wrote distance file to... 
BEST SCORE FOUND : -40976.896
Total tree length: 0.021

Total number of iterations: 0
CPU time used for tree search: 0.000 sec (0h:0m:0s)
Wall-clock time used for tree search: 0.000 sec (0h:0m:0s)
Total CPU time used: 332.026 sec (0h:5m:32s)
Total wall-clock time used: 124.765 sec (0h:2m:4s)

===> START JACKKNIFE REPLICATE NUMBER 617

Creating jackknife alignment (seed: 786343)...
Reading input tree file gl_output_rmq.fasta.raxml.bestTree ...

NOTE: 7 MB RAM (0 GB) is required!
Estimate model parameters (epsilon = 0.010)
1. Initial log-likelihood: -40559.307
2. Current log-likelihood: -40464.799
3. Current log-likelihood: -40464.614
Optimal log-likelihood: -40464.601
Rate parameters:  A-C: 1.00000  A-G: 2.52638  A-T: 1.00000  C-G: 1.00000  C-T: 2.52638  G-T: 1.00000
Base frequencies:  A: 0.282  C: 0.209  G: 0.227  T: 0.282
Parameters optimization took 3 rounds (0.095 sec)
Wrote distance file to... 
BEST SCORE FOUND : -40464.601
Total tree length: 0.020

Total number of iterations: 0
CPU time used for tree search: 0.000 sec (0h:0m:0s)
Wall-clock time used for tree search: 0.000 sec (0h:0m:0s)
Total CPU time used: 332.444 sec (0h:5m:32s)
Total wall-clock time used: 124.917 sec (0h:2m:4s)

===> START JACKKNIFE REPLICATE NUMBER 618

Creating jackknife alignment (seed: 786344)...
Reading input tree file gl_output_rmq.fasta.raxml.bestTree ...

NOTE: 8 MB RAM (0 GB) is required!
Estimate model parameters (epsilon = 0.010)
1. Initial log-likelihood: -41357.359
2. Current log-likelihood: -41262.942
3. Current log-likelihood: -41262.782
Optimal log-likelihood: -41262.782
Rate parameters:  A-C: 1.00000  A-G: 2.48354  A-T: 1.00000  C-G: 1.00000  C-T: 2.48354  G-T: 1.00000
Base frequencies:  A: 0.281  C: 0.213  G: 0.226  T: 0.280
Parameters optimization took 3 rounds (0.107 sec)
Wrote distance file to... 
BEST SCORE FOUND : -41262.782
Total tree length: 0.023

Total number of iterations: 0
CPU time used for tree search: 0.000 sec (0h:0m:0s)
Wall-clock time used for tree search: 0.000 sec (0h:0m:0s)
Total CPU time used: 332.894 sec (0h:5m:32s)
Total wall-clock time used: 125.081 sec (0h:2m:5s)

===> START JACKKNIFE REPLICATE NUMBER 619

Creating jackknife alignment (seed: 786345)...
Reading input tree file gl_output_rmq.fasta.raxml.bestTree ...

NOTE: 7 MB RAM (0 GB) is required!
Estimate model parameters (epsilon = 0.010)
1. Initial log-likelihood: -40866.599
2. Current log-likelihood: -40778.939
3. Current log-likelihood: -40778.895
Optimal log-likelihood: -40778.895
Rate parameters:  A-C: 1.00000  A-G: 2.40661  A-T: 1.00000  C-G: 1.00000  C-T: 2.40661  G-T: 1.00000
Base frequencies:  A: 0.282  C: 0.210  G: 0.226  T: 0.281
Parameters optimization took 3 rounds (0.111 sec)
Wrote distance file to... 
BEST SCORE FOUND : -40778.895
Total tree length: 0.021

Total number of iterations: 0
CPU time used for tree search: 0.000 sec (0h:0m:0s)
Wall-clock time used for tree search: 0.000 sec (0h:0m:0s)
Total CPU time used: 333.355 sec (0h:5m:33s)
Total wall-clock time used: 125.246 sec (0h:2m:5s)

===> START JACKKNIFE REPLICATE NUMBER 620

Creating jackknife alignment (seed: 786346)...
Reading input tree file gl_output_rmq.fasta.raxml.bestTree ...

NOTE: 7 MB RAM (0 GB) is required!
Estimate model parameters (epsilon = 0.010)
1. Initial log-likelihood: -40825.369
2. Current log-likelihood: -40725.357
3. Current log-likelihood: -40725.082
Optimal log-likelihood: -40725.066
Rate parameters:  A-C: 1.00000  A-G: 2.75390  A-T: 1.00000  C-G: 1.00000  C-T: 2.75390  G-T: 1.00000
Base frequencies:  A: 0.280  C: 0.212  G: 0.229  T: 0.279
Parameters optimization took 3 rounds (0.099 sec)
Wrote distance file to... 
BEST SCORE FOUND : -40725.066
Total tree length: 0.020

Total number of iterations: 0
CPU time used for tree search: 0.000 sec (0h:0m:0s)
Wall-clock time used for tree search: 0.000 sec (0h:0m:0s)
Total CPU time used: 333.787 sec (0h:5m:33s)
Total wall-clock time used: 125.402 sec (0h:2m:5s)

===> START JACKKNIFE REPLICATE NUMBER 621

Creating jackknife alignment (seed: 786347)...
Reading input tree file gl_output_rmq.fasta.raxml.bestTree ...

NOTE: 7 MB RAM (0 GB) is required!
Estimate model parameters (epsilon = 0.010)
1. Initial log-likelihood: -40977.652
2. Current log-likelihood: -40890.954
3. Current log-likelihood: -40890.892
Optimal log-likelihood: -40890.892
Rate parameters:  A-C: 1.00000  A-G: 2.43145  A-T: 1.00000  C-G: 1.00000  C-T: 2.43145  G-T: 1.00000
Base frequencies:  A: 0.284  C: 0.207  G: 0.230  T: 0.279
Parameters optimization took 3 rounds (0.095 sec)
Wrote distance file to... 
BEST SCORE FOUND : -40890.892
Total tree length: 0.021

Total number of iterations: 0
CPU time used for tree search: 0.000 sec (0h:0m:0s)
Wall-clock time used for tree search: 0.000 sec (0h:0m:0s)
Total CPU time used: 334.204 sec (0h:5m:34s)
Total wall-clock time used: 125.553 sec (0h:2m:5s)

===> START JACKKNIFE REPLICATE NUMBER 622

Creating jackknife alignment (seed: 786348)...
Reading input tree file gl_output_rmq.fasta.raxml.bestTree ...

NOTE: 8 MB RAM (0 GB) is required!
Estimate model parameters (epsilon = 0.010)
1. Initial log-likelihood: -41056.495
2. Current log-likelihood: -40971.227
3. Current log-likelihood: -40971.202
Optimal log-likelihood: -40971.202
Rate parameters:  A-C: 1.00000  A-G: 2.39268  A-T: 1.00000  C-G: 1.00000  C-T: 2.39268  G-T: 1.00000
Base frequencies:  A: 0.284  C: 0.211  G: 0.228  T: 0.277
Parameters optimization took 3 rounds (0.089 sec)
Wrote distance file to... 
BEST SCORE FOUND : -40971.202
Total tree length: 0.022

Total number of iterations: 0
CPU time used for tree search: 0.000 sec (0h:0m:0s)
Wall-clock time used for tree search: 0.000 sec (0h:0m:0s)
Total CPU time used: 334.598 sec (0h:5m:34s)
Total wall-clock time used: 125.697 sec (0h:2m:5s)

===> START JACKKNIFE REPLICATE NUMBER 623

Creating jackknife alignment (seed: 786349)...
Reading input tree file gl_output_rmq.fasta.raxml.bestTree ...

NOTE: 7 MB RAM (0 GB) is required!
Estimate model parameters (epsilon = 0.010)
1. Initial log-likelihood: -40841.840
2. Current log-likelihood: -40760.940
3. Current log-likelihood: -40760.863
Optimal log-likelihood: -40760.863
Rate parameters:  A-C: 1.00000  A-G: 2.19941  A-T: 1.00000  C-G: 1.00000  C-T: 2.19941  G-T: 1.00000
Base frequencies:  A: 0.284  C: 0.209  G: 0.226  T: 0.281
Parameters optimization took 3 rounds (0.121 sec)
Wrote distance file to... 
BEST SCORE FOUND : -40760.863
Total tree length: 0.021

Total number of iterations: 0
CPU time used for tree search: 0.000 sec (0h:0m:0s)
Wall-clock time used for tree search: 0.000 sec (0h:0m:0s)
Total CPU time used: 335.087 sec (0h:5m:35s)
Total wall-clock time used: 125.873 sec (0h:2m:5s)

===> START JACKKNIFE REPLICATE NUMBER 624

Creating jackknife alignment (seed: 786350)...
Reading input tree file gl_output_rmq.fasta.raxml.bestTree ...

NOTE: 8 MB RAM (0 GB) is required!
Estimate model parameters (epsilon = 0.010)
1. Initial log-likelihood: -41225.975
2. Current log-likelihood: -41139.197
3. Current log-likelihood: -41139.162
Optimal log-likelihood: -41139.161
Rate parameters:  A-C: 1.00000  A-G: 2.47016  A-T: 1.00000  C-G: 1.00000  C-T: 2.47016  G-T: 1.00000
Base frequencies:  A: 0.281  C: 0.208  G: 0.226  T: 0.286
Parameters optimization took 3 rounds (0.093 sec)
Wrote distance file to... 
BEST SCORE FOUND : -41139.161
Total tree length: 0.023

Total number of iterations: 0
CPU time used for tree search: 0.000 sec (0h:0m:0s)
Wall-clock time used for tree search: 0.000 sec (0h:0m:0s)
Total CPU time used: 335.501 sec (0h:5m:35s)
Total wall-clock time used: 126.022 sec (0h:2m:6s)

===> START JACKKNIFE REPLICATE NUMBER 625

Creating jackknife alignment (seed: 786351)...
Reading input tree file gl_output_rmq.fasta.raxml.bestTree ...

NOTE: 7 MB RAM (0 GB) is required!
Estimate model parameters (epsilon = 0.010)
1. Initial log-likelihood: -41022.307
2. Current log-likelihood: -40975.422
3. Current log-likelihood: -40958.910
4. Current log-likelihood: -40915.061
Optimal log-likelihood: -40915.055
Rate parameters:  A-C: 1.00000  A-G: 2.95070  A-T: 1.00000  C-G: 1.00000  C-T: 2.95070  G-T: 1.00000
Base frequencies:  A: 0.284  C: 0.210  G: 0.228  T: 0.278
Parameters optimization took 4 rounds (0.143 sec)
Wrote distance file to... 
BEST SCORE FOUND : -40915.055
Total tree length: 0.021

Total number of iterations: 0
CPU time used for tree search: 0.000 sec (0h:0m:0s)
Wall-clock time used for tree search: 0.000 sec (0h:0m:0s)
Total CPU time used: 336.074 sec (0h:5m:36s)
Total wall-clock time used: 126.226 sec (0h:2m:6s)

===> START JACKKNIFE REPLICATE NUMBER 626

Creating jackknife alignment (seed: 786352)...
Reading input tree file gl_output_rmq.fasta.raxml.bestTree ...

NOTE: 7 MB RAM (0 GB) is required!
Estimate model parameters (epsilon = 0.010)
1. Initial log-likelihood: -40759.651
2. Current log-likelihood: -40661.271
3. Current log-likelihood: -40661.183
4. Current log-likelihood: -40661.157
Optimal log-likelihood: -40661.147
Rate parameters:  A-C: 1.00000  A-G: 2.70992  A-T: 1.00000  C-G: 1.00000  C-T: 2.70992  G-T: 1.00000
Base frequencies:  A: 0.283  C: 0.209  G: 0.228  T: 0.280
Parameters optimization took 4 rounds (0.110 sec)
Wrote distance file to... 
BEST SCORE FOUND : -40661.147
Total tree length: 0.020

Total number of iterations: 0
CPU time used for tree search: 0.000 sec (0h:0m:0s)
Wall-clock time used for tree search: 0.000 sec (0h:0m:0s)
Total CPU time used: 336.547 sec (0h:5m:36s)
Total wall-clock time used: 126.398 sec (0h:2m:6s)

===> START JACKKNIFE REPLICATE NUMBER 627

Creating jackknife alignment (seed: 786353)...
Reading input tree file gl_output_rmq.fasta.raxml.bestTree ...

NOTE: 7 MB RAM (0 GB) is required!
Estimate model parameters (epsilon = 0.010)
1. Initial log-likelihood: -40977.517
2. Current log-likelihood: -40885.294
3. Current log-likelihood: -40885.106
Optimal log-likelihood: -40885.105
Rate parameters:  A-C: 1.00000  A-G: 2.56984  A-T: 1.00000  C-G: 1.00000  C-T: 2.56984  G-T: 1.00000
Base frequencies:  A: 0.282  C: 0.210  G: 0.227  T: 0.282
Parameters optimization took 3 rounds (0.097 sec)
Wrote distance file to... 
BEST SCORE FOUND : -40885.105
Total tree length: 0.021

Total number of iterations: 0
CPU time used for tree search: 0.000 sec (0h:0m:0s)
Wall-clock time used for tree search: 0.000 sec (0h:0m:0s)
Total CPU time used: 336.967 sec (0h:5m:36s)
Total wall-clock time used: 126.549 sec (0h:2m:6s)

===> START JACKKNIFE REPLICATE NUMBER 628

Creating jackknife alignment (seed: 786354)...
Reading input tree file gl_output_rmq.fasta.raxml.bestTree ...

NOTE: 7 MB RAM (0 GB) is required!
Estimate model parameters (epsilon = 0.010)
1. Initial log-likelihood: -41072.558
2. Current log-likelihood: -40980.960
Optimal log-likelihood: -40980.954
Rate parameters:  A-C: 1.00000  A-G: 2.52776  A-T: 1.00000  C-G: 1.00000  C-T: 2.52776  G-T: 1.00000
Base frequencies:  A: 0.281  C: 0.215  G: 0.227  T: 0.276
Parameters optimization took 2 rounds (0.062 sec)
Wrote distance file to... 
BEST SCORE FOUND : -40980.954
Total tree length: 0.021

Total number of iterations: 0
CPU time used for tree search: 0.000 sec (0h:0m:0s)
Wall-clock time used for tree search: 0.000 sec (0h:0m:0s)
Total CPU time used: 337.287 sec (0h:5m:37s)
Total wall-clock time used: 126.668 sec (0h:2m:6s)

===> START JACKKNIFE REPLICATE NUMBER 629

Creating jackknife alignment (seed: 786355)...
Reading input tree file gl_output_rmq.fasta.raxml.bestTree ...

NOTE: 7 MB RAM (0 GB) is required!
Estimate model parameters (epsilon = 0.010)
1. Initial log-likelihood: -40823.408
2. Current log-likelihood: -40730.031
3. Current log-likelihood: -40729.716
Optimal log-likelihood: -40729.708
Rate parameters:  A-C: 1.00000  A-G: 2.52698  A-T: 1.00000  C-G: 1.00000  C-T: 2.52698  G-T: 1.00000
Base frequencies:  A: 0.285  C: 0.209  G: 0.227  T: 0.280
Parameters optimization took 3 rounds (0.097 sec)
Wrote distance file to... 
BEST SCORE FOUND : -40729.708
Total tree length: 0.021

Total number of iterations: 0
CPU time used for tree search: 0.000 sec (0h:0m:0s)
Wall-clock time used for tree search: 0.000 sec (0h:0m:0s)
Total CPU time used: 337.710 sec (0h:5m:37s)
Total wall-clock time used: 126.822 sec (0h:2m:6s)

===> START JACKKNIFE REPLICATE NUMBER 630

Creating jackknife alignment (seed: 786356)...
Reading input tree file gl_output_rmq.fasta.raxml.bestTree ...

NOTE: 7 MB RAM (0 GB) is required!
Estimate model parameters (epsilon = 0.010)
1. Initial log-likelihood: -40932.262
2. Current log-likelihood: -40843.545
3. Current log-likelihood: -40843.401
Optimal log-likelihood: -40843.398
Rate parameters:  A-C: 1.00000  A-G: 2.42577  A-T: 1.00000  C-G: 1.00000  C-T: 2.42577  G-T: 1.00000
Base frequencies:  A: 0.284  C: 0.209  G: 0.228  T: 0.278
Parameters optimization took 3 rounds (0.097 sec)
Wrote distance file to... 
BEST SCORE FOUND : -40843.398
Total tree length: 0.021

Total number of iterations: 0
CPU time used for tree search: 0.000 sec (0h:0m:0s)
Wall-clock time used for tree search: 0.000 sec (0h:0m:0s)
Total CPU time used: 338.140 sec (0h:5m:38s)
Total wall-clock time used: 126.977 sec (0h:2m:6s)

===> START JACKKNIFE REPLICATE NUMBER 631

Creating jackknife alignment (seed: 786357)...
Reading input tree file gl_output_rmq.fasta.raxml.bestTree ...

NOTE: 7 MB RAM (0 GB) is required!
Estimate model parameters (epsilon = 0.010)
1. Initial log-likelihood: -40960.907
2. Current log-likelihood: -40878.390
3. Current log-likelihood: -40878.363
Optimal log-likelihood: -40878.363
Rate parameters:  A-C: 1.00000  A-G: 2.43326  A-T: 1.00000  C-G: 1.00000  C-T: 2.43326  G-T: 1.00000
Base frequencies:  A: 0.284  C: 0.209  G: 0.227  T: 0.279
Parameters optimization took 3 rounds (0.084 sec)
Wrote distance file to... 
BEST SCORE FOUND : -40878.363
Total tree length: 0.021

Total number of iterations: 0
CPU time used for tree search: 0.000 sec (0h:0m:0s)
Wall-clock time used for tree search: 0.000 sec (0h:0m:0s)
Total CPU time used: 338.531 sec (0h:5m:38s)
Total wall-clock time used: 127.119 sec (0h:2m:7s)

===> START JACKKNIFE REPLICATE NUMBER 632

Creating jackknife alignment (seed: 786358)...
Reading input tree file gl_output_rmq.fasta.raxml.bestTree ...

NOTE: 7 MB RAM (0 GB) is required!
Estimate model parameters (epsilon = 0.010)
1. Initial log-likelihood: -41291.868
2. Current log-likelihood: -41203.381
3. Current log-likelihood: -41203.311
Optimal log-likelihood: -41203.303
Rate parameters:  A-C: 1.00000  A-G: 2.40974  A-T: 1.00000  C-G: 1.00000  C-T: 2.40974  G-T: 1.00000
Base frequencies:  A: 0.284  C: 0.210  G: 0.225  T: 0.281
Parameters optimization took 3 rounds (0.102 sec)
Wrote distance file to... 
BEST SCORE FOUND : -41203.303
Total tree length: 0.022

Total number of iterations: 0
CPU time used for tree search: 0.000 sec (0h:0m:0s)
Wall-clock time used for tree search: 0.000 sec (0h:0m:0s)
Total CPU time used: 338.967 sec (0h:5m:38s)
Total wall-clock time used: 127.276 sec (0h:2m:7s)

===> START JACKKNIFE REPLICATE NUMBER 633

Creating jackknife alignment (seed: 786359)...
Reading input tree file gl_output_rmq.fasta.raxml.bestTree ...

NOTE: 7 MB RAM (0 GB) is required!
Estimate model parameters (epsilon = 0.010)
1. Initial log-likelihood: -41176.490
2. Current log-likelihood: -41095.219
3. Current log-likelihood: -41095.048
Optimal log-likelihood: -41095.048
Rate parameters:  A-C: 1.00000  A-G: 2.27037  A-T: 1.00000  C-G: 1.00000  C-T: 2.27037  G-T: 1.00000
Base frequencies:  A: 0.283  C: 0.213  G: 0.226  T: 0.277
Parameters optimization took 3 rounds (0.115 sec)
Wrote distance file to... 
BEST SCORE FOUND : -41095.048
Total tree length: 0.022

Total number of iterations: 0
CPU time used for tree search: 0.000 sec (0h:0m:0s)
Wall-clock time used for tree search: 0.000 sec (0h:0m:0s)
Total CPU time used: 339.445 sec (0h:5m:39s)
Total wall-clock time used: 127.448 sec (0h:2m:7s)

===> START JACKKNIFE REPLICATE NUMBER 634

Creating jackknife alignment (seed: 786360)...
Reading input tree file gl_output_rmq.fasta.raxml.bestTree ...

NOTE: 7 MB RAM (0 GB) is required!
Estimate model parameters (epsilon = 0.010)
1. Initial log-likelihood: -41256.608
2. Current log-likelihood: -41154.751
3. Current log-likelihood: -41154.740
Optimal log-likelihood: -41154.737
Rate parameters:  A-C: 1.00000  A-G: 2.69836  A-T: 1.00000  C-G: 1.00000  C-T: 2.69836  G-T: 1.00000
Base frequencies:  A: 0.280  C: 0.213  G: 0.225  T: 0.281
Parameters optimization took 3 rounds (0.091 sec)
Wrote distance file to... 
BEST SCORE FOUND : -41154.737
Total tree length: 0.022

Total number of iterations: 0
CPU time used for tree search: 0.000 sec (0h:0m:0s)
Wall-clock time used for tree search: 0.000 sec (0h:0m:0s)
Total CPU time used: 339.853 sec (0h:5m:39s)
Total wall-clock time used: 127.595 sec (0h:2m:7s)

===> START JACKKNIFE REPLICATE NUMBER 635

Creating jackknife alignment (seed: 786361)...
Reading input tree file gl_output_rmq.fasta.raxml.bestTree ...

NOTE: 7 MB RAM (0 GB) is required!
Estimate model parameters (epsilon = 0.010)
1. Initial log-likelihood: -41035.262
2. Current log-likelihood: -40939.109
3. Current log-likelihood: -40938.880
Optimal log-likelihood: -40938.878
Rate parameters:  A-C: 1.00000  A-G: 2.76285  A-T: 1.00000  C-G: 1.00000  C-T: 2.76285  G-T: 1.00000
Base frequencies:  A: 0.279  C: 0.209  G: 0.229  T: 0.283
Parameters optimization took 3 rounds (0.096 sec)
Wrote distance file to... 
BEST SCORE FOUND : -40938.878
Total tree length: 0.021

Total number of iterations: 0
CPU time used for tree search: 0.000 sec (0h:0m:0s)
Wall-clock time used for tree search: 0.000 sec (0h:0m:0s)
Total CPU time used: 340.277 sec (0h:5m:40s)
Total wall-clock time used: 127.750 sec (0h:2m:7s)

===> START JACKKNIFE REPLICATE NUMBER 636

Creating jackknife alignment (seed: 786362)...
Reading input tree file gl_output_rmq.fasta.raxml.bestTree ...

NOTE: 7 MB RAM (0 GB) is required!
Estimate model parameters (epsilon = 0.010)
1. Initial log-likelihood: -41047.041
2. Current log-likelihood: -40956.831
Optimal log-likelihood: -40956.825
Rate parameters:  A-C: 1.00000  A-G: 2.48162  A-T: 1.00000  C-G: 1.00000  C-T: 2.48162  G-T: 1.00000
Base frequencies:  A: 0.285  C: 0.210  G: 0.225  T: 0.280
Parameters optimization took 2 rounds (0.076 sec)
Wrote distance file to... 
BEST SCORE FOUND : -40956.825
Total tree length: 0.022

Total number of iterations: 0
CPU time used for tree search: 0.000 sec (0h:0m:0s)
Wall-clock time used for tree search: 0.000 sec (0h:0m:0s)
Total CPU time used: 340.635 sec (0h:5m:40s)
Total wall-clock time used: 127.883 sec (0h:2m:7s)

===> START JACKKNIFE REPLICATE NUMBER 637

Creating jackknife alignment (seed: 786363)...
Reading input tree file gl_output_rmq.fasta.raxml.bestTree ...

NOTE: 7 MB RAM (0 GB) is required!
Estimate model parameters (epsilon = 0.010)
1. Initial log-likelihood: -41145.237
2. Current log-likelihood: -41046.775
3. Current log-likelihood: -41046.756
Optimal log-likelihood: -41046.753
Rate parameters:  A-C: 1.00000  A-G: 2.72714  A-T: 1.00000  C-G: 1.00000  C-T: 2.72714  G-T: 1.00000
Base frequencies:  A: 0.282  C: 0.213  G: 0.225  T: 0.280
Parameters optimization took 3 rounds (0.100 sec)
Wrote distance file to... 
BEST SCORE FOUND : -41046.753
Total tree length: 0.022

Total number of iterations: 0
CPU time used for tree search: 0.000 sec (0h:0m:0s)
Wall-clock time used for tree search: 0.000 sec (0h:0m:0s)
Total CPU time used: 341.068 sec (0h:5m:41s)
Total wall-clock time used: 128.039 sec (0h:2m:8s)

===> START JACKKNIFE REPLICATE NUMBER 638

Creating jackknife alignment (seed: 786364)...
Reading input tree file gl_output_rmq.fasta.raxml.bestTree ...

NOTE: 7 MB RAM (0 GB) is required!
Estimate model parameters (epsilon = 0.010)
1. Initial log-likelihood: -41201.827
2. Current log-likelihood: -41116.820
3. Current log-likelihood: -41116.726
Optimal log-likelihood: -41116.725
Rate parameters:  A-C: 1.00000  A-G: 2.50206  A-T: 1.00000  C-G: 1.00000  C-T: 2.50206  G-T: 1.00000
Base frequencies:  A: 0.281  C: 0.209  G: 0.230  T: 0.281
Parameters optimization took 3 rounds (0.083 sec)
Wrote distance file to... 
BEST SCORE FOUND : -41116.725
Total tree length: 0.022

Total number of iterations: 0
CPU time used for tree search: 0.000 sec (0h:0m:0s)
Wall-clock time used for tree search: 0.000 sec (0h:0m:0s)
Total CPU time used: 341.462 sec (0h:5m:41s)
Total wall-clock time used: 128.190 sec (0h:2m:8s)

===> START JACKKNIFE REPLICATE NUMBER 639

Creating jackknife alignment (seed: 786365)...
Reading input tree file gl_output_rmq.fasta.raxml.bestTree ...

NOTE: 7 MB RAM (0 GB) is required!
Estimate model parameters (epsilon = 0.010)
1. Initial log-likelihood: -41001.008
2. Current log-likelihood: -40899.414
3. Current log-likelihood: -40899.367
Optimal log-likelihood: -40899.363
Rate parameters:  A-C: 1.00000  A-G: 2.70082  A-T: 1.00000  C-G: 1.00000  C-T: 2.70082  G-T: 1.00000
Base frequencies:  A: 0.286  C: 0.209  G: 0.227  T: 0.278
Parameters optimization took 3 rounds (0.092 sec)
Wrote distance file to... 
BEST SCORE FOUND : -40899.363
Total tree length: 0.021

Total number of iterations: 0
CPU time used for tree search: 0.000 sec (0h:0m:0s)
Wall-clock time used for tree search: 0.000 sec (0h:0m:0s)
Total CPU time used: 341.879 sec (0h:5m:41s)
Total wall-clock time used: 128.341 sec (0h:2m:8s)

===> START JACKKNIFE REPLICATE NUMBER 640

Creating jackknife alignment (seed: 786366)...
Reading input tree file gl_output_rmq.fasta.raxml.bestTree ...

NOTE: 7 MB RAM (0 GB) is required!
Estimate model parameters (epsilon = 0.010)
1. Initial log-likelihood: -41149.870
2. Current log-likelihood: -41059.699
3. Current log-likelihood: -41059.613
Optimal log-likelihood: -41059.611
Rate parameters:  A-C: 1.00000  A-G: 2.62655  A-T: 1.00000  C-G: 1.00000  C-T: 2.62655  G-T: 1.00000
Base frequencies:  A: 0.279  C: 0.212  G: 0.229  T: 0.281
Parameters optimization took 3 rounds (0.084 sec)
Wrote distance file to... 
BEST SCORE FOUND : -41059.611
Total tree length: 0.022

Total number of iterations: 0
CPU time used for tree search: 0.000 sec (0h:0m:0s)
Wall-clock time used for tree search: 0.000 sec (0h:0m:0s)
Total CPU time used: 342.263 sec (0h:5m:42s)
Total wall-clock time used: 128.481 sec (0h:2m:8s)

===> START JACKKNIFE REPLICATE NUMBER 641

Creating jackknife alignment (seed: 786367)...
Reading input tree file gl_output_rmq.fasta.raxml.bestTree ...

NOTE: 8 MB RAM (0 GB) is required!
Estimate model parameters (epsilon = 0.010)
1. Initial log-likelihood: -41395.963
2. Current log-likelihood: -41296.453
3. Current log-likelihood: -41296.278
Optimal log-likelihood: -41296.276
Rate parameters:  A-C: 1.00000  A-G: 2.70720  A-T: 1.00000  C-G: 1.00000  C-T: 2.70720  G-T: 1.00000
Base frequencies:  A: 0.281  C: 0.211  G: 0.228  T: 0.280
Parameters optimization took 3 rounds (0.105 sec)
Wrote distance file to... 
BEST SCORE FOUND : -41296.276
Total tree length: 0.023

Total number of iterations: 0
CPU time used for tree search: 0.000 sec (0h:0m:0s)
Wall-clock time used for tree search: 0.000 sec (0h:0m:0s)
Total CPU time used: 342.714 sec (0h:5m:42s)
Total wall-clock time used: 128.643 sec (0h:2m:8s)

===> START JACKKNIFE REPLICATE NUMBER 642

Creating jackknife alignment (seed: 786368)...
Reading input tree file gl_output_rmq.fasta.raxml.bestTree ...

NOTE: 7 MB RAM (0 GB) is required!
Estimate model parameters (epsilon = 0.010)
1. Initial log-likelihood: -41363.844
2. Current log-likelihood: -41288.664
3. Current log-likelihood: -41288.640
Optimal log-likelihood: -41288.640
Rate parameters:  A-C: 1.00000  A-G: 2.19550  A-T: 1.00000  C-G: 1.00000  C-T: 2.19550  G-T: 1.00000
Base frequencies:  A: 0.283  C: 0.209  G: 0.229  T: 0.278
Parameters optimization took 3 rounds (0.097 sec)
Wrote distance file to... 
BEST SCORE FOUND : -41288.640
Total tree length: 0.023

Total number of iterations: 0
CPU time used for tree search: 0.000 sec (0h:0m:0s)
Wall-clock time used for tree search: 0.000 sec (0h:0m:0s)
Total CPU time used: 343.142 sec (0h:5m:43s)
Total wall-clock time used: 128.798 sec (0h:2m:8s)

===> START JACKKNIFE REPLICATE NUMBER 643

Creating jackknife alignment (seed: 786369)...
Reading input tree file gl_output_rmq.fasta.raxml.bestTree ...

NOTE: 7 MB RAM (0 GB) is required!
Estimate model parameters (epsilon = 0.010)
1. Initial log-likelihood: -40932.522
2. Current log-likelihood: -40830.138
3. Current log-likelihood: -40830.128
Optimal log-likelihood: -40830.125
Rate parameters:  A-C: 1.00000  A-G: 2.72396  A-T: 1.00000  C-G: 1.00000  C-T: 2.72396  G-T: 1.00000
Base frequencies:  A: 0.282  C: 0.210  G: 0.227  T: 0.281
Parameters optimization took 3 rounds (0.102 sec)
Wrote distance file to... 
BEST SCORE FOUND : -40830.125
Total tree length: 0.021

Total number of iterations: 0
CPU time used for tree search: 0.000 sec (0h:0m:0s)
Wall-clock time used for tree search: 0.000 sec (0h:0m:0s)
Total CPU time used: 343.583 sec (0h:5m:43s)
Total wall-clock time used: 128.958 sec (0h:2m:8s)

===> START JACKKNIFE REPLICATE NUMBER 644

Creating jackknife alignment (seed: 786370)...
Reading input tree file gl_output_rmq.fasta.raxml.bestTree ...

NOTE: 7 MB RAM (0 GB) is required!
Estimate model parameters (epsilon = 0.010)
1. Initial log-likelihood: -40910.740
2. Current log-likelihood: -40832.586
3. Current log-likelihood: -40832.568
Optimal log-likelihood: -40832.568
Rate parameters:  A-C: 1.00000  A-G: 2.31502  A-T: 1.00000  C-G: 1.00000  C-T: 2.31502  G-T: 1.00000
Base frequencies:  A: 0.282  C: 0.210  G: 0.227  T: 0.280
Parameters optimization took 3 rounds (0.095 sec)
Wrote distance file to... 
BEST SCORE FOUND : -40832.568
Total tree length: 0.021

Total number of iterations: 0
CPU time used for tree search: 0.000 sec (0h:0m:0s)
Wall-clock time used for tree search: 0.000 sec (0h:0m:0s)
Total CPU time used: 344.003 sec (0h:5m:44s)
Total wall-clock time used: 129.111 sec (0h:2m:9s)

===> START JACKKNIFE REPLICATE NUMBER 645

Creating jackknife alignment (seed: 786371)...
Reading input tree file gl_output_rmq.fasta.raxml.bestTree ...

NOTE: 7 MB RAM (0 GB) is required!
Estimate model parameters (epsilon = 0.010)
1. Initial log-likelihood: -40842.253
2. Current log-likelihood: -40757.491
3. Current log-likelihood: -40757.343
Optimal log-likelihood: -40757.343
Rate parameters:  A-C: 1.00000  A-G: 2.29641  A-T: 1.00000  C-G: 1.00000  C-T: 2.29641  G-T: 1.00000
Base frequencies:  A: 0.282  C: 0.209  G: 0.224  T: 0.285
Parameters optimization took 3 rounds (0.106 sec)
Wrote distance file to... 
BEST SCORE FOUND : -40757.343
Total tree length: 0.020

Total number of iterations: 0
CPU time used for tree search: 0.000 sec (0h:0m:0s)
Wall-clock time used for tree search: 0.000 sec (0h:0m:0s)
Total CPU time used: 344.447 sec (0h:5m:44s)
Total wall-clock time used: 129.275 sec (0h:2m:9s)

===> START JACKKNIFE REPLICATE NUMBER 646

Creating jackknife alignment (seed: 786372)...
Reading input tree file gl_output_rmq.fasta.raxml.bestTree ...

NOTE: 8 MB RAM (0 GB) is required!
Estimate model parameters (epsilon = 0.010)
1. Initial log-likelihood: -41328.247
2. Current log-likelihood: -41237.867
3. Current log-likelihood: -41237.813
4. Current log-likelihood: -41237.795
Optimal log-likelihood: -41237.795
Rate parameters:  A-C: 1.00000  A-G: 2.57822  A-T: 1.00000  C-G: 1.00000  C-T: 2.57822  G-T: 1.00000
Base frequencies:  A: 0.282  C: 0.211  G: 0.227  T: 0.280
Parameters optimization took 4 rounds (0.141 sec)
Wrote distance file to... 
BEST SCORE FOUND : -41237.795
Total tree length: 0.023

Total number of iterations: 0
CPU time used for tree search: 0.000 sec (0h:0m:0s)
Wall-clock time used for tree search: 0.000 sec (0h:0m:0s)
Total CPU time used: 345.005 sec (0h:5m:45s)
Total wall-clock time used: 129.473 sec (0h:2m:9s)

===> START JACKKNIFE REPLICATE NUMBER 647

Creating jackknife alignment (seed: 786373)...
Reading input tree file gl_output_rmq.fasta.raxml.bestTree ...

NOTE: 7 MB RAM (0 GB) is required!
Estimate model parameters (epsilon = 0.010)
1. Initial log-likelihood: -40932.413
2. Current log-likelihood: -40845.472
3. Current log-likelihood: -40845.407
4. Current log-likelihood: -40845.387
Optimal log-likelihood: -40845.386
Rate parameters:  A-C: 1.00000  A-G: 2.47768  A-T: 1.00000  C-G: 1.00000  C-T: 2.47768  G-T: 1.00000
Base frequencies:  A: 0.285  C: 0.207  G: 0.226  T: 0.282
Parameters optimization took 4 rounds (0.118 sec)
Wrote distance file to... 
BEST SCORE FOUND : -40845.386
Total tree length: 0.021

Total number of iterations: 0
CPU time used for tree search: 0.000 sec (0h:0m:0s)
Wall-clock time used for tree search: 0.000 sec (0h:0m:0s)
Total CPU time used: 345.491 sec (0h:5m:45s)
Total wall-clock time used: 129.648 sec (0h:2m:9s)

===> START JACKKNIFE REPLICATE NUMBER 648

Creating jackknife alignment (seed: 786374)...
Reading input tree file gl_output_rmq.fasta.raxml.bestTree ...

NOTE: 8 MB RAM (0 GB) is required!
Estimate model parameters (epsilon = 0.010)
1. Initial log-likelihood: -41302.852
2. Current log-likelihood: -41212.890
3. Current log-likelihood: -41212.776
Optimal log-likelihood: -41212.776
Rate parameters:  A-C: 1.00000  A-G: 2.50979  A-T: 1.00000  C-G: 1.00000  C-T: 2.50979  G-T: 1.00000
Base frequencies:  A: 0.283  C: 0.208  G: 0.227  T: 0.282
Parameters optimization took 3 rounds (0.107 sec)
Wrote distance file to... 
BEST SCORE FOUND : -41212.776
Total tree length: 0.023

Total number of iterations: 0
CPU time used for tree search: 0.000 sec (0h:0m:0s)
Wall-clock time used for tree search: 0.000 sec (0h:0m:0s)
Total CPU time used: 345.942 sec (0h:5m:45s)
Total wall-clock time used: 129.811 sec (0h:2m:9s)

===> START JACKKNIFE REPLICATE NUMBER 649

Creating jackknife alignment (seed: 786375)...
Reading input tree file gl_output_rmq.fasta.raxml.bestTree ...

NOTE: 8 MB RAM (0 GB) is required!
Estimate model parameters (epsilon = 0.010)
1. Initial log-likelihood: -41224.720
2. Current log-likelihood: -41127.824
3. Current log-likelihood: -41127.217
Optimal log-likelihood: -41127.215
Rate parameters:  A-C: 1.00000  A-G: 2.75293  A-T: 1.00000  C-G: 1.00000  C-T: 2.75293  G-T: 1.00000
Base frequencies:  A: 0.282  C: 0.212  G: 0.226  T: 0.281
Parameters optimization took 3 rounds (0.089 sec)
Wrote distance file to... 
BEST SCORE FOUND : -41127.215
Total tree length: 0.022

Total number of iterations: 0
CPU time used for tree search: 0.000 sec (0h:0m:0s)
Wall-clock time used for tree search: 0.000 sec (0h:0m:0s)
Total CPU time used: 346.342 sec (0h:5m:46s)
Total wall-clock time used: 129.955 sec (0h:2m:9s)

===> START JACKKNIFE REPLICATE NUMBER 650

Creating jackknife alignment (seed: 786376)...
Reading input tree file gl_output_rmq.fasta.raxml.bestTree ...

NOTE: 8 MB RAM (0 GB) is required!
Estimate model parameters (epsilon = 0.010)
1. Initial log-likelihood: -41185.721
2. Current log-likelihood: -41101.786
3. Current log-likelihood: -41101.767
Optimal log-likelihood: -41101.767
Rate parameters:  A-C: 1.00000  A-G: 2.30442  A-T: 1.00000  C-G: 1.00000  C-T: 2.30442  G-T: 1.00000
Base frequencies:  A: 0.283  C: 0.209  G: 0.227  T: 0.281
Parameters optimization took 3 rounds (0.101 sec)
Wrote distance file to... 
BEST SCORE FOUND : -41101.767
Total tree length: 0.022

Total number of iterations: 0
CPU time used for tree search: 0.000 sec (0h:0m:0s)
Wall-clock time used for tree search: 0.000 sec (0h:0m:0s)
Total CPU time used: 346.789 sec (0h:5m:46s)
Total wall-clock time used: 130.117 sec (0h:2m:10s)

===> START JACKKNIFE REPLICATE NUMBER 651

Creating jackknife alignment (seed: 786377)...
Reading input tree file gl_output_rmq.fasta.raxml.bestTree ...

NOTE: 7 MB RAM (0 GB) is required!
Estimate model parameters (epsilon = 0.010)
1. Initial log-likelihood: -41041.709
2. Current log-likelihood: -40950.133
Optimal log-likelihood: -40950.122
Rate parameters:  A-C: 1.00000  A-G: 2.50160  A-T: 1.00000  C-G: 1.00000  C-T: 2.50160  G-T: 1.00000
Base frequencies:  A: 0.280  C: 0.211  G: 0.227  T: 0.282
Parameters optimization took 2 rounds (0.070 sec)
Wrote distance file to... 
BEST SCORE FOUND : -40950.122
Total tree length: 0.021

Total number of iterations: 0
CPU time used for tree search: 0.000 sec (0h:0m:0s)
Wall-clock time used for tree search: 0.000 sec (0h:0m:0s)
Total CPU time used: 347.131 sec (0h:5m:47s)
Total wall-clock time used: 130.244 sec (0h:2m:10s)

===> START JACKKNIFE REPLICATE NUMBER 652

Creating jackknife alignment (seed: 786378)...
Reading input tree file gl_output_rmq.fasta.raxml.bestTree ...

NOTE: 7 MB RAM (0 GB) is required!
Estimate model parameters (epsilon = 0.010)
1. Initial log-likelihood: -40732.497
2. Current log-likelihood: -40647.815
3. Current log-likelihood: -40647.757
Optimal log-likelihood: -40647.757
Rate parameters:  A-C: 1.00000  A-G: 2.25221  A-T: 1.00000  C-G: 1.00000  C-T: 2.25221  G-T: 1.00000
Base frequencies:  A: 0.282  C: 0.213  G: 0.229  T: 0.276
Parameters optimization took 3 rounds (0.078 sec)
Wrote distance file to... 
BEST SCORE FOUND : -40647.757
Total tree length: 0.020

Total number of iterations: 0
CPU time used for tree search: 0.000 sec (0h:0m:0s)
Wall-clock time used for tree search: 0.000 sec (0h:0m:0s)
Total CPU time used: 347.494 sec (0h:5m:47s)
Total wall-clock time used: 130.377 sec (0h:2m:10s)

===> START JACKKNIFE REPLICATE NUMBER 653

Creating jackknife alignment (seed: 786379)...
Reading input tree file gl_output_rmq.fasta.raxml.bestTree ...

NOTE: 8 MB RAM (0 GB) is required!
Estimate model parameters (epsilon = 0.010)
1. Initial log-likelihood: -41425.590
2. Current log-likelihood: -41345.836
3. Current log-likelihood: -41345.706
Optimal log-likelihood: -41345.706
Rate parameters:  A-C: 1.00000  A-G: 2.17526  A-T: 1.00000  C-G: 1.00000  C-T: 2.17526  G-T: 1.00000
Base frequencies:  A: 0.282  C: 0.212  G: 0.227  T: 0.278
Parameters optimization took 3 rounds (0.099 sec)
Wrote distance file to... 
BEST SCORE FOUND : -41345.706
Total tree length: 0.023

Total number of iterations: 0
CPU time used for tree search: 0.000 sec (0h:0m:0s)
Wall-clock time used for tree search: 0.000 sec (0h:0m:0s)
Total CPU time used: 347.921 sec (0h:5m:47s)
Total wall-clock time used: 130.533 sec (0h:2m:10s)

===> START JACKKNIFE REPLICATE NUMBER 654

Creating jackknife alignment (seed: 786380)...
Reading input tree file gl_output_rmq.fasta.raxml.bestTree ...

NOTE: 7 MB RAM (0 GB) is required!
Estimate model parameters (epsilon = 0.010)
1. Initial log-likelihood: -41057.530
2. Current log-likelihood: -40958.958
3. Current log-likelihood: -40958.912
Optimal log-likelihood: -40958.910
Rate parameters:  A-C: 1.00000  A-G: 2.77197  A-T: 1.00000  C-G: 1.00000  C-T: 2.77197  G-T: 1.00000
Base frequencies:  A: 0.285  C: 0.208  G: 0.225  T: 0.282
Parameters optimization took 3 rounds (0.106 sec)
Wrote distance file to... 
BEST SCORE FOUND : -40958.910
Total tree length: 0.022

Total number of iterations: 0
CPU time used for tree search: 0.000 sec (0h:0m:0s)
Wall-clock time used for tree search: 0.000 sec (0h:0m:0s)
Total CPU time used: 348.373 sec (0h:5m:48s)
Total wall-clock time used: 130.701 sec (0h:2m:10s)

===> START JACKKNIFE REPLICATE NUMBER 655

Creating jackknife alignment (seed: 786381)...
Reading input tree file gl_output_rmq.fasta.raxml.bestTree ...

NOTE: 7 MB RAM (0 GB) is required!
Estimate model parameters (epsilon = 0.010)
1. Initial log-likelihood: -40854.650
2. Current log-likelihood: -40773.117
3. Current log-likelihood: -40771.310
4. Current log-likelihood: -40771.290
Optimal log-likelihood: -40771.290
Rate parameters:  A-C: 1.00000  A-G: 2.33450  A-T: 1.00000  C-G: 1.00000  C-T: 2.33450  G-T: 1.00000
Base frequencies:  A: 0.286  C: 0.211  G: 0.226  T: 0.277
Parameters optimization took 4 rounds (0.157 sec)
Wrote distance file to... 
BEST SCORE FOUND : -40771.290
Total tree length: 0.021

Total number of iterations: 0
CPU time used for tree search: 0.000 sec (0h:0m:0s)
Wall-clock time used for tree search: 0.000 sec (0h:0m:0s)
Total CPU time used: 348.983 sec (0h:5m:48s)
Total wall-clock time used: 130.916 sec (0h:2m:10s)

===> START JACKKNIFE REPLICATE NUMBER 656

Creating jackknife alignment (seed: 786382)...
Reading input tree file gl_output_rmq.fasta.raxml.bestTree ...

NOTE: 7 MB RAM (0 GB) is required!
Estimate model parameters (epsilon = 0.010)
1. Initial log-likelihood: -40930.535
2. Current log-likelihood: -40851.692
3. Current log-likelihood: -40851.256
Optimal log-likelihood: -40851.256
Rate parameters:  A-C: 1.00000  A-G: 2.22005  A-T: 1.00000  C-G: 1.00000  C-T: 2.22005  G-T: 1.00000
Base frequencies:  A: 0.283  C: 0.212  G: 0.225  T: 0.279
Parameters optimization took 3 rounds (0.101 sec)
Wrote distance file to... 
BEST SCORE FOUND : -40851.256
Total tree length: 0.021

Total number of iterations: 0
CPU time used for tree search: 0.000 sec (0h:0m:0s)
Wall-clock time used for tree search: 0.000 sec (0h:0m:0s)
Total CPU time used: 349.424 sec (0h:5m:49s)
Total wall-clock time used: 131.076 sec (0h:2m:11s)

===> START JACKKNIFE REPLICATE NUMBER 657

Creating jackknife alignment (seed: 786383)...
Reading input tree file gl_output_rmq.fasta.raxml.bestTree ...

NOTE: 7 MB RAM (0 GB) is required!
Estimate model parameters (epsilon = 0.010)
1. Initial log-likelihood: -40870.408
2. Current log-likelihood: -40776.373
3. Current log-likelihood: -40776.360
Optimal log-likelihood: -40776.356
Rate parameters:  A-C: 1.00000  A-G: 2.65443  A-T: 1.00000  C-G: 1.00000  C-T: 2.65443  G-T: 1.00000
Base frequencies:  A: 0.282  C: 0.210  G: 0.228  T: 0.280
Parameters optimization took 3 rounds (0.083 sec)
Wrote distance file to... 
BEST SCORE FOUND : -40776.356
Total tree length: 0.021

Total number of iterations: 0
CPU time used for tree search: 0.000 sec (0h:0m:0s)
Wall-clock time used for tree search: 0.000 sec (0h:0m:0s)
Total CPU time used: 349.806 sec (0h:5m:49s)
Total wall-clock time used: 131.215 sec (0h:2m:11s)

===> START JACKKNIFE REPLICATE NUMBER 658

Creating jackknife alignment (seed: 786384)...
Reading input tree file gl_output_rmq.fasta.raxml.bestTree ...

NOTE: 7 MB RAM (0 GB) is required!
Estimate model parameters (epsilon = 0.010)
1. Initial log-likelihood: -41146.547
2. Current log-likelihood: -41058.795
3. Current log-likelihood: -41058.763
Optimal log-likelihood: -41058.763
Rate parameters:  A-C: 1.00000  A-G: 2.31800  A-T: 1.00000  C-G: 1.00000  C-T: 2.31800  G-T: 1.00000
Base frequencies:  A: 0.283  C: 0.208  G: 0.229  T: 0.280
Parameters optimization took 3 rounds (0.109 sec)
Wrote distance file to... 
BEST SCORE FOUND : -41058.763
Total tree length: 0.022

Total number of iterations: 0
CPU time used for tree search: 0.000 sec (0h:0m:0s)
Wall-clock time used for tree search: 0.000 sec (0h:0m:0s)
Total CPU time used: 350.270 sec (0h:5m:50s)
Total wall-clock time used: 131.381 sec (0h:2m:11s)

===> START JACKKNIFE REPLICATE NUMBER 659

Creating jackknife alignment (seed: 786385)...
Reading input tree file gl_output_rmq.fasta.raxml.bestTree ...

NOTE: 7 MB RAM (0 GB) is required!
Estimate model parameters (epsilon = 0.010)
1. Initial log-likelihood: -40793.479
2. Current log-likelihood: -40701.206
3. Current log-likelihood: -40700.977
Optimal log-likelihood: -40700.974
Rate parameters:  A-C: 1.00000  A-G: 2.65149  A-T: 1.00000  C-G: 1.00000  C-T: 2.65149  G-T: 1.00000
Base frequencies:  A: 0.281  C: 0.211  G: 0.226  T: 0.283
Parameters optimization took 3 rounds (0.086 sec)
Wrote distance file to... 
BEST SCORE FOUND : -40700.974
Total tree length: 0.021

Total number of iterations: 0
CPU time used for tree search: 0.000 sec (0h:0m:0s)
Wall-clock time used for tree search: 0.000 sec (0h:0m:0s)
Total CPU time used: 350.665 sec (0h:5m:50s)
Total wall-clock time used: 131.525 sec (0h:2m:11s)

===> START JACKKNIFE REPLICATE NUMBER 660

Creating jackknife alignment (seed: 786386)...
Reading input tree file gl_output_rmq.fasta.raxml.bestTree ...

NOTE: 7 MB RAM (0 GB) is required!
Estimate model parameters (epsilon = 0.010)
1. Initial log-likelihood: -40983.286
2. Current log-likelihood: -40900.930
3. Current log-likelihood: -40900.626
4. Current log-likelihood: -40900.200
Optimal log-likelihood: -40900.197
Rate parameters:  A-C: 1.00000  A-G: 2.47336  A-T: 1.00000  C-G: 1.00000  C-T: 2.47336  G-T: 1.00000
Base frequencies:  A: 0.283  C: 0.211  G: 0.225  T: 0.281
Parameters optimization took 4 rounds (0.127 sec)
Wrote distance file to... 
BEST SCORE FOUND : -40900.197
Total tree length: 0.021

Total number of iterations: 0
CPU time used for tree search: 0.000 sec (0h:0m:0s)
Wall-clock time used for tree search: 0.000 sec (0h:0m:0s)
Total CPU time used: 351.186 sec (0h:5m:51s)
Total wall-clock time used: 131.715 sec (0h:2m:11s)

===> START JACKKNIFE REPLICATE NUMBER 661

Creating jackknife alignment (seed: 786387)...
Reading input tree file gl_output_rmq.fasta.raxml.bestTree ...

NOTE: 7 MB RAM (0 GB) is required!
Estimate model parameters (epsilon = 0.010)
1. Initial log-likelihood: -40905.358
2. Current log-likelihood: -40814.700
3. Current log-likelihood: -40814.502
Optimal log-likelihood: -40814.485
Rate parameters:  A-C: 1.00000  A-G: 2.54748  A-T: 1.00000  C-G: 1.00000  C-T: 2.54748  G-T: 1.00000
Base frequencies:  A: 0.284  C: 0.213  G: 0.226  T: 0.277
Parameters optimization took 3 rounds (0.098 sec)
Wrote distance file to... 
BEST SCORE FOUND : -40814.485
Total tree length: 0.021

Total number of iterations: 0
CPU time used for tree search: 0.000 sec (0h:0m:0s)
Wall-clock time used for tree search: 0.000 sec (0h:0m:0s)
Total CPU time used: 351.613 sec (0h:5m:51s)
Total wall-clock time used: 131.870 sec (0h:2m:11s)

===> START JACKKNIFE REPLICATE NUMBER 662

Creating jackknife alignment (seed: 786388)...
Reading input tree file gl_output_rmq.fasta.raxml.bestTree ...

NOTE: 7 MB RAM (0 GB) is required!
Estimate model parameters (epsilon = 0.010)
1. Initial log-likelihood: -40598.719
2. Current log-likelihood: -40511.530
3. Current log-likelihood: -40511.426
Optimal log-likelihood: -40511.304
Rate parameters:  A-C: 1.00000  A-G: 2.31993  A-T: 1.00000  C-G: 1.00000  C-T: 2.31993  G-T: 1.00000
Base frequencies:  A: 0.284  C: 0.208  G: 0.226  T: 0.283
Parameters optimization took 3 rounds (0.139 sec)
Wrote distance file to... 
BEST SCORE FOUND : -40511.304
Total tree length: 0.019

Total number of iterations: 0
CPU time used for tree search: 0.000 sec (0h:0m:0s)
Wall-clock time used for tree search: 0.000 sec (0h:0m:0s)
Total CPU time used: 352.164 sec (0h:5m:52s)
Total wall-clock time used: 132.069 sec (0h:2m:12s)

===> START JACKKNIFE REPLICATE NUMBER 663

Creating jackknife alignment (seed: 786389)...
Reading input tree file gl_output_rmq.fasta.raxml.bestTree ...

NOTE: 7 MB RAM (0 GB) is required!
Estimate model parameters (epsilon = 0.010)
1. Initial log-likelihood: -41111.119
2. Current log-likelihood: -41009.459
3. Current log-likelihood: -41009.442
Optimal log-likelihood: -41009.440
Rate parameters:  A-C: 1.00000  A-G: 2.61857  A-T: 1.00000  C-G: 1.00000  C-T: 2.61857  G-T: 1.00000
Base frequencies:  A: 0.284  C: 0.210  G: 0.225  T: 0.280
Parameters optimization took 3 rounds (0.118 sec)
Wrote distance file to... 
BEST SCORE FOUND : -41009.440
Total tree length: 0.021

Total number of iterations: 0
CPU time used for tree search: 0.000 sec (0h:0m:0s)
Wall-clock time used for tree search: 0.000 sec (0h:0m:0s)
Total CPU time used: 352.655 sec (0h:5m:52s)
Total wall-clock time used: 132.245 sec (0h:2m:12s)

===> START JACKKNIFE REPLICATE NUMBER 664

Creating jackknife alignment (seed: 786390)...
Reading input tree file gl_output_rmq.fasta.raxml.bestTree ...

NOTE: 7 MB RAM (0 GB) is required!
Estimate model parameters (epsilon = 0.010)
1. Initial log-likelihood: -40674.291
2. Current log-likelihood: -40569.217
Optimal log-likelihood: -40569.207
Rate parameters:  A-C: 1.00000  A-G: 2.62361  A-T: 1.00000  C-G: 1.00000  C-T: 2.62361  G-T: 1.00000
Base frequencies:  A: 0.283  C: 0.208  G: 0.231  T: 0.278
Parameters optimization took 2 rounds (0.068 sec)
Wrote distance file to... 
BEST SCORE FOUND : -40569.207
Total tree length: 0.020

Total number of iterations: 0
CPU time used for tree search: 0.000 sec (0h:0m:0s)
Wall-clock time used for tree search: 0.000 sec (0h:0m:0s)
Total CPU time used: 352.993 sec (0h:5m:52s)
Total wall-clock time used: 132.369 sec (0h:2m:12s)

===> START JACKKNIFE REPLICATE NUMBER 665

Creating jackknife alignment (seed: 786391)...
Reading input tree file gl_output_rmq.fasta.raxml.bestTree ...

NOTE: 7 MB RAM (0 GB) is required!
Estimate model parameters (epsilon = 0.010)
1. Initial log-likelihood: -41203.191
2. Current log-likelihood: -41118.311
3. Current log-likelihood: -41117.901
Optimal log-likelihood: -41117.901
Rate parameters:  A-C: 1.00000  A-G: 2.30190  A-T: 1.00000  C-G: 1.00000  C-T: 2.30190  G-T: 1.00000
Base frequencies:  A: 0.287  C: 0.208  G: 0.223  T: 0.282
Parameters optimization took 3 rounds (0.092 sec)
Wrote distance file to... 
BEST SCORE FOUND : -41117.901
Total tree length: 0.022

Total number of iterations: 0
CPU time used for tree search: 0.000 sec (0h:0m:0s)
Wall-clock time used for tree search: 0.000 sec (0h:0m:0s)
Total CPU time used: 353.392 sec (0h:5m:53s)
Total wall-clock time used: 132.515 sec (0h:2m:12s)

===> START JACKKNIFE REPLICATE NUMBER 666

Creating jackknife alignment (seed: 786392)...
Reading input tree file gl_output_rmq.fasta.raxml.bestTree ...

NOTE: 7 MB RAM (0 GB) is required!
Estimate model parameters (epsilon = 0.010)
1. Initial log-likelihood: -40969.302
2. Current log-likelihood: -40894.112
3. Current log-likelihood: -40893.141
Optimal log-likelihood: -40893.141
Rate parameters:  A-C: 1.00000  A-G: 2.32336  A-T: 1.00000  C-G: 1.00000  C-T: 2.32336  G-T: 1.00000
Base frequencies:  A: 0.283  C: 0.210  G: 0.230  T: 0.277
Parameters optimization took 3 rounds (0.095 sec)
Wrote distance file to... 
BEST SCORE FOUND : -40893.141
Total tree length: 0.021

Total number of iterations: 0
CPU time used for tree search: 0.000 sec (0h:0m:0s)
Wall-clock time used for tree search: 0.000 sec (0h:0m:0s)
Total CPU time used: 353.808 sec (0h:5m:53s)
Total wall-clock time used: 132.665 sec (0h:2m:12s)

===> START JACKKNIFE REPLICATE NUMBER 667

Creating jackknife alignment (seed: 786393)...
Reading input tree file gl_output_rmq.fasta.raxml.bestTree ...

NOTE: 8 MB RAM (0 GB) is required!
Estimate model parameters (epsilon = 0.010)
1. Initial log-likelihood: -41173.213
2. Current log-likelihood: -41094.419
3. Current log-likelihood: -41093.559
Optimal log-likelihood: -41093.559
Rate parameters:  A-C: 1.00000  A-G: 2.29919  A-T: 1.00000  C-G: 1.00000  C-T: 2.29919  G-T: 1.00000
Base frequencies:  A: 0.282  C: 0.209  G: 0.226  T: 0.282
Parameters optimization took 3 rounds (0.095 sec)
Wrote distance file to... 
BEST SCORE FOUND : -41093.559
Total tree length: 0.022

Total number of iterations: 0
CPU time used for tree search: 0.000 sec (0h:0m:0s)
Wall-clock time used for tree search: 0.000 sec (0h:0m:0s)
Total CPU time used: 354.220 sec (0h:5m:54s)
Total wall-clock time used: 132.815 sec (0h:2m:12s)

===> START JACKKNIFE REPLICATE NUMBER 668

Creating jackknife alignment (seed: 786394)...
Reading input tree file gl_output_rmq.fasta.raxml.bestTree ...

NOTE: 7 MB RAM (0 GB) is required!
Estimate model parameters (epsilon = 0.010)
1. Initial log-likelihood: -40977.009
2. Current log-likelihood: -40932.900
3. Current log-likelihood: -40916.653
4. Current log-likelihood: -40873.012
Optimal log-likelihood: -40872.998
Rate parameters:  A-C: 1.00000  A-G: 2.94490  A-T: 1.00000  C-G: 1.00000  C-T: 2.94490  G-T: 1.00000
Base frequencies:  A: 0.283  C: 0.208  G: 0.230  T: 0.279
Parameters optimization took 4 rounds (0.167 sec)
Wrote distance file to... 
BEST SCORE FOUND : -40872.998
Total tree length: 0.021

Total number of iterations: 0
CPU time used for tree search: 0.000 sec (0h:0m:0s)
Wall-clock time used for tree search: 0.000 sec (0h:0m:0s)
Total CPU time used: 354.848 sec (0h:5m:54s)
Total wall-clock time used: 133.037 sec (0h:2m:13s)

===> START JACKKNIFE REPLICATE NUMBER 669

Creating jackknife alignment (seed: 786395)...
Reading input tree file gl_output_rmq.fasta.raxml.bestTree ...

NOTE: 8 MB RAM (0 GB) is required!
Estimate model parameters (epsilon = 0.010)
1. Initial log-likelihood: -41200.696
2. Current log-likelihood: -41109.956
3. Current log-likelihood: -41109.662
Optimal log-likelihood: -41109.662
Rate parameters:  A-C: 1.00000  A-G: 2.40518  A-T: 1.00000  C-G: 1.00000  C-T: 2.40518  G-T: 1.00000
Base frequencies:  A: 0.281  C: 0.209  G: 0.228  T: 0.282
Parameters optimization took 3 rounds (0.115 sec)
Wrote distance file to... 
BEST SCORE FOUND : -41109.662
Total tree length: 0.022

Total number of iterations: 0
CPU time used for tree search: 0.000 sec (0h:0m:0s)
Wall-clock time used for tree search: 0.000 sec (0h:0m:0s)
Total CPU time used: 355.327 sec (0h:5m:55s)
Total wall-clock time used: 133.209 sec (0h:2m:13s)

===> START JACKKNIFE REPLICATE NUMBER 670

Creating jackknife alignment (seed: 786396)...
Reading input tree file gl_output_rmq.fasta.raxml.bestTree ...

NOTE: 8 MB RAM (0 GB) is required!
Estimate model parameters (epsilon = 0.010)
1. Initial log-likelihood: -41220.309
2. Current log-likelihood: -41141.135
3. Current log-likelihood: -41140.876
Optimal log-likelihood: -41140.866
Rate parameters:  A-C: 1.00000  A-G: 2.20143  A-T: 1.00000  C-G: 1.00000  C-T: 2.20143  G-T: 1.00000
Base frequencies:  A: 0.282  C: 0.212  G: 0.225  T: 0.281
Parameters optimization took 3 rounds (0.093 sec)
Wrote distance file to... 
BEST SCORE FOUND : -41140.866
Total tree length: 0.022

Total number of iterations: 0
CPU time used for tree search: 0.000 sec (0h:0m:0s)
Wall-clock time used for tree search: 0.000 sec (0h:0m:0s)
Total CPU time used: 355.745 sec (0h:5m:55s)
Total wall-clock time used: 133.361 sec (0h:2m:13s)

===> START JACKKNIFE REPLICATE NUMBER 671

Creating jackknife alignment (seed: 786397)...
Reading input tree file gl_output_rmq.fasta.raxml.bestTree ...

NOTE: 7 MB RAM (0 GB) is required!
Estimate model parameters (epsilon = 0.010)
1. Initial log-likelihood: -40754.532
2. Current log-likelihood: -40658.114
3. Current log-likelihood: -40657.935
Optimal log-likelihood: -40657.932
Rate parameters:  A-C: 1.00000  A-G: 2.55229  A-T: 1.00000  C-G: 1.00000  C-T: 2.55229  G-T: 1.00000
Base frequencies:  A: 0.281  C: 0.210  G: 0.227  T: 0.281
Parameters optimization took 3 rounds (0.091 sec)
Wrote distance file to... 
BEST SCORE FOUND : -40657.932
Total tree length: 0.020

Total number of iterations: 0
CPU time used for tree search: 0.000 sec (0h:0m:0s)
Wall-clock time used for tree search: 0.000 sec (0h:0m:0s)
Total CPU time used: 356.157 sec (0h:5m:56s)
Total wall-clock time used: 133.511 sec (0h:2m:13s)

===> START JACKKNIFE REPLICATE NUMBER 672

Creating jackknife alignment (seed: 786398)...
Reading input tree file gl_output_rmq.fasta.raxml.bestTree ...

NOTE: 8 MB RAM (0 GB) is required!
Estimate model parameters (epsilon = 0.010)
1. Initial log-likelihood: -41320.396
2. Current log-likelihood: -41238.946
3. Current log-likelihood: -41238.744
Optimal log-likelihood: -41238.744
Rate parameters:  A-C: 1.00000  A-G: 2.21501  A-T: 1.00000  C-G: 1.00000  C-T: 2.21501  G-T: 1.00000
Base frequencies:  A: 0.283  C: 0.211  G: 0.226  T: 0.281
Parameters optimization took 3 rounds (0.113 sec)
Wrote distance file to... 
BEST SCORE FOUND : -41238.744
Total tree length: 0.023

Total number of iterations: 0
CPU time used for tree search: 0.000 sec (0h:0m:0s)
Wall-clock time used for tree search: 0.000 sec (0h:0m:0s)
Total CPU time used: 356.631 sec (0h:5m:56s)
Total wall-clock time used: 133.681 sec (0h:2m:13s)

===> START JACKKNIFE REPLICATE NUMBER 673

Creating jackknife alignment (seed: 786399)...
Reading input tree file gl_output_rmq.fasta.raxml.bestTree ...

NOTE: 7 MB RAM (0 GB) is required!
Estimate model parameters (epsilon = 0.010)
1. Initial log-likelihood: -40752.726
2. Current log-likelihood: -40652.715
3. Current log-likelihood: -40652.531
Optimal log-likelihood: -40652.531
Rate parameters:  A-C: 1.00000  A-G: 2.79671  A-T: 1.00000  C-G: 1.00000  C-T: 2.79671  G-T: 1.00000
Base frequencies:  A: 0.280  C: 0.209  G: 0.228  T: 0.283
Parameters optimization took 3 rounds (0.098 sec)
Wrote distance file to... 
BEST SCORE FOUND : -40652.531
Total tree length: 0.020

Total number of iterations: 0
CPU time used for tree search: 0.000 sec (0h:0m:0s)
Wall-clock time used for tree search: 0.000 sec (0h:0m:0s)
Total CPU time used: 357.065 sec (0h:5m:57s)
Total wall-clock time used: 133.843 sec (0h:2m:13s)

===> START JACKKNIFE REPLICATE NUMBER 674

Creating jackknife alignment (seed: 786400)...
Reading input tree file gl_output_rmq.fasta.raxml.bestTree ...

NOTE: 7 MB RAM (0 GB) is required!
Estimate model parameters (epsilon = 0.010)
1. Initial log-likelihood: -41030.999
2. Current log-likelihood: -40929.731
3. Current log-likelihood: -40929.414
Optimal log-likelihood: -40929.413
Rate parameters:  A-C: 1.00000  A-G: 2.78041  A-T: 1.00000  C-G: 1.00000  C-T: 2.78041  G-T: 1.00000
Base frequencies:  A: 0.286  C: 0.208  G: 0.225  T: 0.281
Parameters optimization took 3 rounds (0.102 sec)
Wrote distance file to... 
BEST SCORE FOUND : -40929.413
Total tree length: 0.022

Total number of iterations: 0
CPU time used for tree search: 0.000 sec (0h:0m:0s)
Wall-clock time used for tree search: 0.000 sec (0h:0m:0s)
Total CPU time used: 357.501 sec (0h:5m:57s)
Total wall-clock time used: 134.000 sec (0h:2m:13s)

===> START JACKKNIFE REPLICATE NUMBER 675

Creating jackknife alignment (seed: 786401)...
Reading input tree file gl_output_rmq.fasta.raxml.bestTree ...

NOTE: 7 MB RAM (0 GB) is required!
Estimate model parameters (epsilon = 0.010)
1. Initial log-likelihood: -41057.853
2. Current log-likelihood: -40982.249
3. Current log-likelihood: -40982.197
Optimal log-likelihood: -40982.197
Rate parameters:  A-C: 1.00000  A-G: 2.20321  A-T: 1.00000  C-G: 1.00000  C-T: 2.20321  G-T: 1.00000
Base frequencies:  A: 0.281  C: 0.209  G: 0.225  T: 0.284
Parameters optimization took 3 rounds (0.123 sec)
Wrote distance file to... 
BEST SCORE FOUND : -40982.197
Total tree length: 0.021

Total number of iterations: 0
CPU time used for tree search: 0.000 sec (0h:0m:0s)
Wall-clock time used for tree search: 0.000 sec (0h:0m:0s)
Total CPU time used: 358.005 sec (0h:5m:58s)
Total wall-clock time used: 134.181 sec (0h:2m:14s)

===> START JACKKNIFE REPLICATE NUMBER 676

Creating jackknife alignment (seed: 786402)...
Reading input tree file gl_output_rmq.fasta.raxml.bestTree ...

NOTE: 7 MB RAM (0 GB) is required!
Estimate model parameters (epsilon = 0.010)
1. Initial log-likelihood: -40724.787
2. Current log-likelihood: -40619.836
3. Current log-likelihood: -40619.777
4. Current log-likelihood: -40619.763
5. Current log-likelihood: -40619.751
6. Current log-likelihood: -40619.740
7. Current log-likelihood: -40619.729
Optimal log-likelihood: -40619.719
Rate parameters:  A-C: 1.00000  A-G: 2.60020  A-T: 1.00000  C-G: 1.00000  C-T: 2.60020  G-T: 1.00000
Base frequencies:  A: 0.285  C: 0.211  G: 0.225  T: 0.279
Parameters optimization took 7 rounds (0.172 sec)
Wrote distance file to... 
BEST SCORE FOUND : -40619.719
Total tree length: 0.021

Total number of iterations: 0
CPU time used for tree search: 0.000 sec (0h:0m:0s)
Wall-clock time used for tree search: 0.000 sec (0h:0m:0s)
Total CPU time used: 358.654 sec (0h:5m:58s)
Total wall-clock time used: 134.411 sec (0h:2m:14s)

===> START JACKKNIFE REPLICATE NUMBER 677

Creating jackknife alignment (seed: 786403)...
Reading input tree file gl_output_rmq.fasta.raxml.bestTree ...

NOTE: 7 MB RAM (0 GB) is required!
Estimate model parameters (epsilon = 0.010)
1. Initial log-likelihood: -40659.520
2. Current log-likelihood: -40586.766
3. Current log-likelihood: -40584.980
Optimal log-likelihood: -40584.970
Rate parameters:  A-C: 1.00000  A-G: 2.11416  A-T: 1.00000  C-G: 1.00000  C-T: 2.11416  G-T: 1.00000
Base frequencies:  A: 0.283  C: 0.207  G: 0.227  T: 0.282
Parameters optimization took 3 rounds (0.094 sec)
Wrote distance file to... 
BEST SCORE FOUND : -40584.970
Total tree length: 0.020

Total number of iterations: 0
CPU time used for tree search: 0.000 sec (0h:0m:0s)
Wall-clock time used for tree search: 0.000 sec (0h:0m:0s)
Total CPU time used: 359.070 sec (0h:5m:59s)
Total wall-clock time used: 134.562 sec (0h:2m:14s)

===> START JACKKNIFE REPLICATE NUMBER 678

Creating jackknife alignment (seed: 786404)...
Reading input tree file gl_output_rmq.fasta.raxml.bestTree ...

NOTE: 7 MB RAM (0 GB) is required!
Estimate model parameters (epsilon = 0.010)
1. Initial log-likelihood: -40511.534
2. Current log-likelihood: -40418.798
3. Current log-likelihood: -40418.527
Optimal log-likelihood: -40418.523
Rate parameters:  A-C: 1.00000  A-G: 2.52715  A-T: 1.00000  C-G: 1.00000  C-T: 2.52715  G-T: 1.00000
Base frequencies:  A: 0.282  C: 0.212  G: 0.227  T: 0.279
Parameters optimization took 3 rounds (0.090 sec)
Wrote distance file to... 
BEST SCORE FOUND : -40418.523
Total tree length: 0.019

Total number of iterations: 0
CPU time used for tree search: 0.000 sec (0h:0m:0s)
Wall-clock time used for tree search: 0.000 sec (0h:0m:0s)
Total CPU time used: 359.479 sec (0h:5m:59s)
Total wall-clock time used: 134.710 sec (0h:2m:14s)

===> START JACKKNIFE REPLICATE NUMBER 679

Creating jackknife alignment (seed: 786405)...
Reading input tree file gl_output_rmq.fasta.raxml.bestTree ...

NOTE: 7 MB RAM (0 GB) is required!
Estimate model parameters (epsilon = 0.010)
1. Initial log-likelihood: -41065.626
2. Current log-likelihood: -40966.554
3. Current log-likelihood: -40966.527
Optimal log-likelihood: -40966.523
Rate parameters:  A-C: 1.00000  A-G: 2.58935  A-T: 1.00000  C-G: 1.00000  C-T: 2.58935  G-T: 1.00000
Base frequencies:  A: 0.283  C: 0.211  G: 0.229  T: 0.278
Parameters optimization took 3 rounds (0.081 sec)
Wrote distance file to... 
BEST SCORE FOUND : -40966.523
Total tree length: 0.021

Total number of iterations: 0
CPU time used for tree search: 0.000 sec (0h:0m:0s)
Wall-clock time used for tree search: 0.000 sec (0h:0m:0s)
Total CPU time used: 359.856 sec (0h:5m:59s)
Total wall-clock time used: 134.848 sec (0h:2m:14s)

===> START JACKKNIFE REPLICATE NUMBER 680

Creating jackknife alignment (seed: 786406)...
Reading input tree file gl_output_rmq.fasta.raxml.bestTree ...

NOTE: 8 MB RAM (0 GB) is required!
Estimate model parameters (epsilon = 0.010)
1. Initial log-likelihood: -41055.884
2. Current log-likelihood: -40979.157
3. Current log-likelihood: -40979.035
Optimal log-likelihood: -40979.035
Rate parameters:  A-C: 1.00000  A-G: 2.20843  A-T: 1.00000  C-G: 1.00000  C-T: 2.20843  G-T: 1.00000
Base frequencies:  A: 0.282  C: 0.207  G: 0.227  T: 0.284
Parameters optimization took 3 rounds (0.097 sec)
Wrote distance file to... 
BEST SCORE FOUND : -40979.035
Total tree length: 0.022

Total number of iterations: 0
CPU time used for tree search: 0.000 sec (0h:0m:0s)
Wall-clock time used for tree search: 0.000 sec (0h:0m:0s)
Total CPU time used: 360.277 sec (0h:6m:0s)
Total wall-clock time used: 135.001 sec (0h:2m:15s)

===> START JACKKNIFE REPLICATE NUMBER 681

Creating jackknife alignment (seed: 786407)...
Reading input tree file gl_output_rmq.fasta.raxml.bestTree ...

NOTE: 7 MB RAM (0 GB) is required!
Estimate model parameters (epsilon = 0.010)
1. Initial log-likelihood: -41013.604
2. Current log-likelihood: -40928.924
3. Current log-likelihood: -40928.897
Optimal log-likelihood: -40928.892
Rate parameters:  A-C: 1.00000  A-G: 2.46080  A-T: 1.00000  C-G: 1.00000  C-T: 2.46080  G-T: 1.00000
Base frequencies:  A: 0.284  C: 0.210  G: 0.228  T: 0.278
Parameters optimization took 3 rounds (0.081 sec)
Wrote distance file to... 
BEST SCORE FOUND : -40928.892
Total tree length: 0.021

Total number of iterations: 0
CPU time used for tree search: 0.000 sec (0h:0m:0s)
Wall-clock time used for tree search: 0.000 sec (0h:0m:0s)
Total CPU time used: 360.658 sec (0h:6m:0s)
Total wall-clock time used: 135.139 sec (0h:2m:15s)

===> START JACKKNIFE REPLICATE NUMBER 682

Creating jackknife alignment (seed: 786408)...
Reading input tree file gl_output_rmq.fasta.raxml.bestTree ...

NOTE: 7 MB RAM (0 GB) is required!
Estimate model parameters (epsilon = 0.010)
1. Initial log-likelihood: -40851.603
2. Current log-likelihood: -40749.864
3. Current log-likelihood: -40749.836
Optimal log-likelihood: -40749.821
Rate parameters:  A-C: 1.00000  A-G: 2.69232  A-T: 1.00000  C-G: 1.00000  C-T: 2.69232  G-T: 1.00000
Base frequencies:  A: 0.279  C: 0.212  G: 0.226  T: 0.283
Parameters optimization took 3 rounds (0.084 sec)
Wrote distance file to... 
BEST SCORE FOUND : -40749.821
Total tree length: 0.021

Total number of iterations: 0
CPU time used for tree search: 0.000 sec (0h:0m:0s)
Wall-clock time used for tree search: 0.000 sec (0h:0m:0s)
Total CPU time used: 361.045 sec (0h:6m:1s)
Total wall-clock time used: 135.279 sec (0h:2m:15s)

===> START JACKKNIFE REPLICATE NUMBER 683

Creating jackknife alignment (seed: 786409)...
Reading input tree file gl_output_rmq.fasta.raxml.bestTree ...

NOTE: 7 MB RAM (0 GB) is required!
Estimate model parameters (epsilon = 0.010)
1. Initial log-likelihood: -40941.916
2. Current log-likelihood: -40851.864
3. Current log-likelihood: -40851.815
Optimal log-likelihood: -40851.815
Rate parameters:  A-C: 1.00000  A-G: 2.35596  A-T: 1.00000  C-G: 1.00000  C-T: 2.35596  G-T: 1.00000
Base frequencies:  A: 0.281  C: 0.212  G: 0.228  T: 0.278
Parameters optimization took 3 rounds (0.083 sec)
Wrote distance file to... 
BEST SCORE FOUND : -40851.815
Total tree length: 0.021

Total number of iterations: 0
CPU time used for tree search: 0.000 sec (0h:0m:0s)
Wall-clock time used for tree search: 0.000 sec (0h:0m:0s)
Total CPU time used: 361.429 sec (0h:6m:1s)
Total wall-clock time used: 135.419 sec (0h:2m:15s)

===> START JACKKNIFE REPLICATE NUMBER 684

Creating jackknife alignment (seed: 786410)...
Reading input tree file gl_output_rmq.fasta.raxml.bestTree ...

NOTE: 7 MB RAM (0 GB) is required!
Estimate model parameters (epsilon = 0.010)
1. Initial log-likelihood: -41231.007
2. Current log-likelihood: -41142.545
3. Current log-likelihood: -41142.466
Optimal log-likelihood: -41142.465
Rate parameters:  A-C: 1.00000  A-G: 2.49634  A-T: 1.00000  C-G: 1.00000  C-T: 2.49634  G-T: 1.00000
Base frequencies:  A: 0.280  C: 0.213  G: 0.225  T: 0.283
Parameters optimization took 3 rounds (0.091 sec)
Wrote distance file to... 
BEST SCORE FOUND : -41142.465
Total tree length: 0.022

Total number of iterations: 0
CPU time used for tree search: 0.000 sec (0h:0m:0s)
Wall-clock time used for tree search: 0.000 sec (0h:0m:0s)
Total CPU time used: 361.846 sec (0h:6m:1s)
Total wall-clock time used: 135.570 sec (0h:2m:15s)

===> START JACKKNIFE REPLICATE NUMBER 685

Creating jackknife alignment (seed: 786411)...
Reading input tree file gl_output_rmq.fasta.raxml.bestTree ...

NOTE: 7 MB RAM (0 GB) is required!
Estimate model parameters (epsilon = 0.010)
1. Initial log-likelihood: -41040.151
2. Current log-likelihood: -40926.274
3. Current log-likelihood: -40926.179
Optimal log-likelihood: -40926.178
Rate parameters:  A-C: 1.00000  A-G: 2.86231  A-T: 1.00000  C-G: 1.00000  C-T: 2.86231  G-T: 1.00000
Base frequencies:  A: 0.281  C: 0.211  G: 0.228  T: 0.280
Parameters optimization took 3 rounds (0.108 sec)
Wrote distance file to... 
BEST SCORE FOUND : -40926.178
Total tree length: 0.021

Total number of iterations: 0
CPU time used for tree search: 0.000 sec (0h:0m:0s)
Wall-clock time used for tree search: 0.000 sec (0h:0m:0s)
Total CPU time used: 362.306 sec (0h:6m:2s)
Total wall-clock time used: 135.736 sec (0h:2m:15s)

===> START JACKKNIFE REPLICATE NUMBER 686

Creating jackknife alignment (seed: 786412)...
Reading input tree file gl_output_rmq.fasta.raxml.bestTree ...

NOTE: 8 MB RAM (0 GB) is required!
Estimate model parameters (epsilon = 0.010)
1. Initial log-likelihood: -41473.366
2. Current log-likelihood: -41361.862
3. Current log-likelihood: -41361.806
Optimal log-likelihood: -41361.804
Rate parameters:  A-C: 1.00000  A-G: 2.79538  A-T: 1.00000  C-G: 1.00000  C-T: 2.79538  G-T: 1.00000
Base frequencies:  A: 0.282  C: 0.209  G: 0.226  T: 0.283
Parameters optimization took 3 rounds (0.093 sec)
Wrote distance file to... 
BEST SCORE FOUND : -41361.804
Total tree length: 0.024

Total number of iterations: 0
CPU time used for tree search: 0.000 sec (0h:0m:0s)
Wall-clock time used for tree search: 0.000 sec (0h:0m:0s)
Total CPU time used: 362.737 sec (0h:6m:2s)
Total wall-clock time used: 135.896 sec (0h:2m:15s)

===> START JACKKNIFE REPLICATE NUMBER 687

Creating jackknife alignment (seed: 786413)...
Reading input tree file gl_output_rmq.fasta.raxml.bestTree ...

NOTE: 7 MB RAM (0 GB) is required!
Estimate model parameters (epsilon = 0.010)
1. Initial log-likelihood: -40781.505
2. Current log-likelihood: -40688.670
3. Current log-likelihood: -40688.621
Optimal log-likelihood: -40688.619
Rate parameters:  A-C: 1.00000  A-G: 2.74741  A-T: 1.00000  C-G: 1.00000  C-T: 2.74741  G-T: 1.00000
Base frequencies:  A: 0.281  C: 0.210  G: 0.227  T: 0.282
Parameters optimization took 3 rounds (0.120 sec)
Wrote distance file to... 
BEST SCORE FOUND : -40688.619
Total tree length: 0.020

Total number of iterations: 0
CPU time used for tree search: 0.000 sec (0h:0m:0s)
Wall-clock time used for tree search: 0.000 sec (0h:0m:0s)
Total CPU time used: 363.227 sec (0h:6m:3s)
Total wall-clock time used: 136.073 sec (0h:2m:16s)

===> START JACKKNIFE REPLICATE NUMBER 688

Creating jackknife alignment (seed: 786414)...
Reading input tree file gl_output_rmq.fasta.raxml.bestTree ...

NOTE: 7 MB RAM (0 GB) is required!
Estimate model parameters (epsilon = 0.010)
1. Initial log-likelihood: -40823.544
2. Current log-likelihood: -40713.029
3. Current log-likelihood: -40712.975
Optimal log-likelihood: -40712.975
Rate parameters:  A-C: 1.00000  A-G: 2.86679  A-T: 1.00000  C-G: 1.00000  C-T: 2.86679  G-T: 1.00000
Base frequencies:  A: 0.286  C: 0.211  G: 0.227  T: 0.277
Parameters optimization took 3 rounds (0.106 sec)
Wrote distance file to... 
BEST SCORE FOUND : -40712.975
Total tree length: 0.021

Total number of iterations: 0
CPU time used for tree search: 0.000 sec (0h:0m:0s)
Wall-clock time used for tree search: 0.000 sec (0h:0m:0s)
Total CPU time used: 363.717 sec (0h:6m:3s)
Total wall-clock time used: 136.251 sec (0h:2m:16s)

===> START JACKKNIFE REPLICATE NUMBER 689

Creating jackknife alignment (seed: 786415)...
Reading input tree file gl_output_rmq.fasta.raxml.bestTree ...

NOTE: 7 MB RAM (0 GB) is required!
Estimate model parameters (epsilon = 0.010)
1. Initial log-likelihood: -40806.755
2. Current log-likelihood: -40729.224
3. Current log-likelihood: -40729.098
Optimal log-likelihood: -40729.098
Rate parameters:  A-C: 1.00000  A-G: 2.00979  A-T: 1.00000  C-G: 1.00000  C-T: 2.00979  G-T: 1.00000
Base frequencies:  A: 0.288  C: 0.209  G: 0.224  T: 0.279
Parameters optimization took 3 rounds (0.095 sec)
Wrote distance file to... 
BEST SCORE FOUND : -40729.098
Total tree length: 0.020

Total number of iterations: 0
CPU time used for tree search: 0.000 sec (0h:0m:0s)
Wall-clock time used for tree search: 0.000 sec (0h:0m:0s)
Total CPU time used: 364.145 sec (0h:6m:4s)
Total wall-clock time used: 136.406 sec (0h:2m:16s)

===> START JACKKNIFE REPLICATE NUMBER 690

Creating jackknife alignment (seed: 786416)...
Reading input tree file gl_output_rmq.fasta.raxml.bestTree ...

NOTE: 7 MB RAM (0 GB) is required!
Estimate model parameters (epsilon = 0.010)
1. Initial log-likelihood: -41014.227
2. Current log-likelihood: -40912.243
3. Current log-likelihood: -40912.191
Optimal log-likelihood: -40912.188
Rate parameters:  A-C: 1.00000  A-G: 2.68772  A-T: 1.00000  C-G: 1.00000  C-T: 2.68772  G-T: 1.00000
Base frequencies:  A: 0.288  C: 0.208  G: 0.223  T: 0.282
Parameters optimization took 3 rounds (0.107 sec)
Wrote distance file to... 
BEST SCORE FOUND : -40912.188
Total tree length: 0.022

Total number of iterations: 0
CPU time used for tree search: 0.000 sec (0h:0m:0s)
Wall-clock time used for tree search: 0.000 sec (0h:0m:0s)
Total CPU time used: 364.603 sec (0h:6m:4s)
Total wall-clock time used: 136.571 sec (0h:2m:16s)

===> START JACKKNIFE REPLICATE NUMBER 691

Creating jackknife alignment (seed: 786417)...
Reading input tree file gl_output_rmq.fasta.raxml.bestTree ...

NOTE: 7 MB RAM (0 GB) is required!
Estimate model parameters (epsilon = 0.010)
1. Initial log-likelihood: -40802.743
2. Current log-likelihood: -40703.943
3. Current log-likelihood: -40703.922
Optimal log-likelihood: -40703.919
Rate parameters:  A-C: 1.00000  A-G: 2.70767  A-T: 1.00000  C-G: 1.00000  C-T: 2.70767  G-T: 1.00000
Base frequencies:  A: 0.281  C: 0.210  G: 0.228  T: 0.281
Parameters optimization took 3 rounds (0.096 sec)
Wrote distance file to... 
BEST SCORE FOUND : -40703.919
Total tree length: 0.020

Total number of iterations: 0
CPU time used for tree search: 0.000 sec (0h:0m:0s)
Wall-clock time used for tree search: 0.000 sec (0h:0m:0s)
Total CPU time used: 365.036 sec (0h:6m:5s)
Total wall-clock time used: 136.729 sec (0h:2m:16s)

===> START JACKKNIFE REPLICATE NUMBER 692

Creating jackknife alignment (seed: 786418)...
Reading input tree file gl_output_rmq.fasta.raxml.bestTree ...

NOTE: 7 MB RAM (0 GB) is required!
Estimate model parameters (epsilon = 0.010)
1. Initial log-likelihood: -40801.071
2. Current log-likelihood: -40720.576
3. Current log-likelihood: -40720.150
4. Current log-likelihood: -40720.094
Optimal log-likelihood: -40720.091
Rate parameters:  A-C: 1.00000  A-G: 2.24763  A-T: 1.00000  C-G: 1.00000  C-T: 2.24763  G-T: 1.00000
Base frequencies:  A: 0.283  C: 0.208  G: 0.225  T: 0.284
Parameters optimization took 4 rounds (0.126 sec)
Wrote distance file to... 
BEST SCORE FOUND : -40720.091
Total tree length: 0.021

Total number of iterations: 0
CPU time used for tree search: 0.000 sec (0h:0m:0s)
Wall-clock time used for tree search: 0.000 sec (0h:0m:0s)
Total CPU time used: 365.538 sec (0h:6m:5s)
Total wall-clock time used: 136.910 sec (0h:2m:16s)

===> START JACKKNIFE REPLICATE NUMBER 693

Creating jackknife alignment (seed: 786419)...
Reading input tree file gl_output_rmq.fasta.raxml.bestTree ...

NOTE: 8 MB RAM (0 GB) is required!
Estimate model parameters (epsilon = 0.010)
1. Initial log-likelihood: -41006.585
2. Current log-likelihood: -40922.720
3. Current log-likelihood: -40922.404
Optimal log-likelihood: -40922.404
Rate parameters:  A-C: 1.00000  A-G: 2.37127  A-T: 1.00000  C-G: 1.00000  C-T: 2.37127  G-T: 1.00000
Base frequencies:  A: 0.287  C: 0.207  G: 0.227  T: 0.280
Parameters optimization took 3 rounds (0.098 sec)
Wrote distance file to... 
BEST SCORE FOUND : -40922.404
Total tree length: 0.022

Total number of iterations: 0
CPU time used for tree search: 0.000 sec (0h:0m:0s)
Wall-clock time used for tree search: 0.000 sec (0h:0m:0s)
Total CPU time used: 365.969 sec (0h:6m:5s)
Total wall-clock time used: 137.065 sec (0h:2m:17s)

===> START JACKKNIFE REPLICATE NUMBER 694

Creating jackknife alignment (seed: 786420)...
Reading input tree file gl_output_rmq.fasta.raxml.bestTree ...

NOTE: 7 MB RAM (0 GB) is required!
Estimate model parameters (epsilon = 0.010)
1. Initial log-likelihood: -40845.793
2. Current log-likelihood: -40761.341
3. Current log-likelihood: -40760.829
Optimal log-likelihood: -40760.819
Rate parameters:  A-C: 1.00000  A-G: 2.31719  A-T: 1.00000  C-G: 1.00000  C-T: 2.31719  G-T: 1.00000
Base frequencies:  A: 0.278  C: 0.213  G: 0.228  T: 0.282
Parameters optimization took 3 rounds (0.101 sec)
Wrote distance file to... 
BEST SCORE FOUND : -40760.819
Total tree length: 0.021

Total number of iterations: 0
CPU time used for tree search: 0.000 sec (0h:0m:0s)
Wall-clock time used for tree search: 0.000 sec (0h:0m:0s)
Total CPU time used: 366.403 sec (0h:6m:6s)
Total wall-clock time used: 137.222 sec (0h:2m:17s)

===> START JACKKNIFE REPLICATE NUMBER 695

Creating jackknife alignment (seed: 786421)...
Reading input tree file gl_output_rmq.fasta.raxml.bestTree ...

NOTE: 8 MB RAM (0 GB) is required!
Estimate model parameters (epsilon = 0.010)
1. Initial log-likelihood: -41339.503
2. Current log-likelihood: -41256.643
3. Current log-likelihood: -41255.888
Optimal log-likelihood: -41255.888
Rate parameters:  A-C: 1.00000  A-G: 2.49406  A-T: 1.00000  C-G: 1.00000  C-T: 2.49406  G-T: 1.00000
Base frequencies:  A: 0.283  C: 0.211  G: 0.225  T: 0.281
Parameters optimization took 3 rounds (0.095 sec)
Wrote distance file to... 
BEST SCORE FOUND : -41255.888
Total tree length: 0.023

Total number of iterations: 0
CPU time used for tree search: 0.000 sec (0h:0m:0s)
Wall-clock time used for tree search: 0.000 sec (0h:0m:0s)
Total CPU time used: 366.827 sec (0h:6m:6s)
Total wall-clock time used: 137.376 sec (0h:2m:17s)

===> START JACKKNIFE REPLICATE NUMBER 696

Creating jackknife alignment (seed: 786422)...
Reading input tree file gl_output_rmq.fasta.raxml.bestTree ...

NOTE: 7 MB RAM (0 GB) is required!
Estimate model parameters (epsilon = 0.010)
1. Initial log-likelihood: -41021.975
2. Current log-likelihood: -40922.490
3. Current log-likelihood: -40922.158
Optimal log-likelihood: -40922.155
Rate parameters:  A-C: 1.00000  A-G: 2.75784  A-T: 1.00000  C-G: 1.00000  C-T: 2.75784  G-T: 1.00000
Base frequencies:  A: 0.283  C: 0.211  G: 0.225  T: 0.281
Parameters optimization took 3 rounds (0.096 sec)
Wrote distance file to... 
BEST SCORE FOUND : -40922.155
Total tree length: 0.021

Total number of iterations: 0
CPU time used for tree search: 0.000 sec (0h:0m:0s)
Wall-clock time used for tree search: 0.000 sec (0h:0m:0s)
Total CPU time used: 367.259 sec (0h:6m:7s)
Total wall-clock time used: 137.533 sec (0h:2m:17s)

===> START JACKKNIFE REPLICATE NUMBER 697

Creating jackknife alignment (seed: 786423)...
Reading input tree file gl_output_rmq.fasta.raxml.bestTree ...

NOTE: 8 MB RAM (0 GB) is required!
Estimate model parameters (epsilon = 0.010)
1. Initial log-likelihood: -41225.596
2. Current log-likelihood: -41122.769
3. Current log-likelihood: -41122.590
Optimal log-likelihood: -41122.588
Rate parameters:  A-C: 1.00000  A-G: 2.75052  A-T: 1.00000  C-G: 1.00000  C-T: 2.75052  G-T: 1.00000
Base frequencies:  A: 0.285  C: 0.210  G: 0.221  T: 0.284
Parameters optimization took 3 rounds (0.098 sec)
Wrote distance file to... 
BEST SCORE FOUND : -41122.588
Total tree length: 0.022

Total number of iterations: 0
CPU time used for tree search: 0.000 sec (0h:0m:0s)
Wall-clock time used for tree search: 0.000 sec (0h:0m:0s)
Total CPU time used: 367.690 sec (0h:6m:7s)
Total wall-clock time used: 137.688 sec (0h:2m:17s)

===> START JACKKNIFE REPLICATE NUMBER 698

Creating jackknife alignment (seed: 786424)...
Reading input tree file gl_output_rmq.fasta.raxml.bestTree ...

NOTE: 8 MB RAM (0 GB) is required!
Estimate model parameters (epsilon = 0.010)
1. Initial log-likelihood: -41501.858
2. Current log-likelihood: -41398.340
Optimal log-likelihood: -41398.332
Rate parameters:  A-C: 1.00000  A-G: 2.62818  A-T: 1.00000  C-G: 1.00000  C-T: 2.62818  G-T: 1.00000
Base frequencies:  A: 0.280  C: 0.207  G: 0.230  T: 0.283
Parameters optimization took 2 rounds (0.064 sec)
Wrote distance file to... 
BEST SCORE FOUND : -41398.332
Total tree length: 0.023

Total number of iterations: 0
CPU time used for tree search: 0.000 sec (0h:0m:0s)
Wall-clock time used for tree search: 0.000 sec (0h:0m:0s)
Total CPU time used: 368.024 sec (0h:6m:8s)
Total wall-clock time used: 137.812 sec (0h:2m:17s)

===> START JACKKNIFE REPLICATE NUMBER 699

Creating jackknife alignment (seed: 786425)...
Reading input tree file gl_output_rmq.fasta.raxml.bestTree ...

NOTE: 7 MB RAM (0 GB) is required!
Estimate model parameters (epsilon = 0.010)
1. Initial log-likelihood: -40869.297
2. Current log-likelihood: -40782.266
3. Current log-likelihood: -40782.050
Optimal log-likelihood: -40782.050
Rate parameters:  A-C: 1.00000  A-G: 2.30878  A-T: 1.00000  C-G: 1.00000  C-T: 2.30878  G-T: 1.00000
Base frequencies:  A: 0.281  C: 0.210  G: 0.227  T: 0.282
Parameters optimization took 3 rounds (0.095 sec)
Wrote distance file to... 
BEST SCORE FOUND : -40782.050
Total tree length: 0.021

Total number of iterations: 0
CPU time used for tree search: 0.000 sec (0h:0m:0s)
Wall-clock time used for tree search: 0.000 sec (0h:0m:0s)
Total CPU time used: 368.445 sec (0h:6m:8s)
Total wall-clock time used: 137.965 sec (0h:2m:17s)

===> START JACKKNIFE REPLICATE NUMBER 700

Creating jackknife alignment (seed: 786426)...
Reading input tree file gl_output_rmq.fasta.raxml.bestTree ...

NOTE: 8 MB RAM (0 GB) is required!
Estimate model parameters (epsilon = 0.010)
1. Initial log-likelihood: -40953.968
2. Current log-likelihood: -40907.116
3. Current log-likelihood: -40890.693
4. Current log-likelihood: -40846.878
Optimal log-likelihood: -40846.875
Rate parameters:  A-C: 1.00000  A-G: 2.92871  A-T: 1.00000  C-G: 1.00000  C-T: 2.92871  G-T: 1.00000
Base frequencies:  A: 0.282  C: 0.211  G: 0.227  T: 0.280
Parameters optimization took 4 rounds (0.119 sec)
Wrote distance file to... 
BEST SCORE FOUND : -40846.875
Total tree length: 0.021

Total number of iterations: 0
CPU time used for tree search: 0.000 sec (0h:0m:0s)
Wall-clock time used for tree search: 0.000 sec (0h:0m:0s)
Total CPU time used: 368.933 sec (0h:6m:8s)
Total wall-clock time used: 138.141 sec (0h:2m:18s)

===> START JACKKNIFE REPLICATE NUMBER 701

Creating jackknife alignment (seed: 786427)...
Reading input tree file gl_output_rmq.fasta.raxml.bestTree ...

NOTE: 7 MB RAM (0 GB) is required!
Estimate model parameters (epsilon = 0.010)
1. Initial log-likelihood: -40928.978
2. Current log-likelihood: -40881.024
3. Current log-likelihood: -40865.246
4. Current log-likelihood: -40822.063
5. Current log-likelihood: -40822.041
Optimal log-likelihood: -40822.037
Rate parameters:  A-C: 1.00000  A-G: 2.94700  A-T: 1.00000  C-G: 1.00000  C-T: 2.94700  G-T: 1.00000
Base frequencies:  A: 0.283  C: 0.211  G: 0.227  T: 0.279
Parameters optimization took 5 rounds (0.151 sec)
Wrote distance file to... 
BEST SCORE FOUND : -40822.037
Total tree length: 0.021

Total number of iterations: 0
CPU time used for tree search: 0.000 sec (0h:0m:0s)
Wall-clock time used for tree search: 0.000 sec (0h:0m:0s)
Total CPU time used: 369.523 sec (0h:6m:9s)
Total wall-clock time used: 138.351 sec (0h:2m:18s)

===> START JACKKNIFE REPLICATE NUMBER 702

Creating jackknife alignment (seed: 786428)...
Reading input tree file gl_output_rmq.fasta.raxml.bestTree ...

NOTE: 7 MB RAM (0 GB) is required!
Estimate model parameters (epsilon = 0.010)
1. Initial log-likelihood: -40928.993
2. Current log-likelihood: -40842.015
3. Current log-likelihood: -40841.984
Optimal log-likelihood: -40841.977
Rate parameters:  A-C: 1.00000  A-G: 2.54675  A-T: 1.00000  C-G: 1.00000  C-T: 2.54675  G-T: 1.00000
Base frequencies:  A: 0.285  C: 0.211  G: 0.226  T: 0.278
Parameters optimization took 3 rounds (0.090 sec)
Wrote distance file to... 
BEST SCORE FOUND : -40841.977
Total tree length: 0.021

Total number of iterations: 0
CPU time used for tree search: 0.000 sec (0h:0m:0s)
Wall-clock time used for tree search: 0.000 sec (0h:0m:0s)
Total CPU time used: 369.932 sec (0h:6m:9s)
Total wall-clock time used: 138.500 sec (0h:2m:18s)

===> START JACKKNIFE REPLICATE NUMBER 703

Creating jackknife alignment (seed: 786429)...
Reading input tree file gl_output_rmq.fasta.raxml.bestTree ...

NOTE: 7 MB RAM (0 GB) is required!
Estimate model parameters (epsilon = 0.010)
1. Initial log-likelihood: -41105.070
2. Current log-likelihood: -41021.510
3. Current log-likelihood: -41021.256
Optimal log-likelihood: -41021.256
Rate parameters:  A-C: 1.00000  A-G: 2.35078  A-T: 1.00000  C-G: 1.00000  C-T: 2.35078  G-T: 1.00000
Base frequencies:  A: 0.283  C: 0.210  G: 0.224  T: 0.282
Parameters optimization took 3 rounds (0.116 sec)
Wrote distance file to... 
BEST SCORE FOUND : -41021.256
Total tree length: 0.022

Total number of iterations: 0
CPU time used for tree search: 0.000 sec (0h:0m:0s)
Wall-clock time used for tree search: 0.000 sec (0h:0m:0s)
Total CPU time used: 370.420 sec (0h:6m:10s)
Total wall-clock time used: 138.676 sec (0h:2m:18s)

===> START JACKKNIFE REPLICATE NUMBER 704

Creating jackknife alignment (seed: 786430)...
Reading input tree file gl_output_rmq.fasta.raxml.bestTree ...

NOTE: 7 MB RAM (0 GB) is required!
Estimate model parameters (epsilon = 0.010)
1. Initial log-likelihood: -40941.085
2. Current log-likelihood: -40847.809
3. Current log-likelihood: -40847.783
Optimal log-likelihood: -40847.782
Rate parameters:  A-C: 1.00000  A-G: 2.40248  A-T: 1.00000  C-G: 1.00000  C-T: 2.40248  G-T: 1.00000
Base frequencies:  A: 0.281  C: 0.206  G: 0.229  T: 0.284
Parameters optimization took 3 rounds (0.083 sec)
Wrote distance file to... 
BEST SCORE FOUND : -40847.782
Total tree length: 0.021

Total number of iterations: 0
CPU time used for tree search: 0.000 sec (0h:0m:0s)
Wall-clock time used for tree search: 0.000 sec (0h:0m:0s)
Total CPU time used: 370.812 sec (0h:6m:10s)
Total wall-clock time used: 138.819 sec (0h:2m:18s)

===> START JACKKNIFE REPLICATE NUMBER 705

Creating jackknife alignment (seed: 786431)...
Reading input tree file gl_output_rmq.fasta.raxml.bestTree ...

NOTE: 7 MB RAM (0 GB) is required!
Estimate model parameters (epsilon = 0.010)
1. Initial log-likelihood: -40819.167
2. Current log-likelihood: -40750.739
3. Current log-likelihood: -40750.345
Optimal log-likelihood: -40750.345
Rate parameters:  A-C: 1.00000  A-G: 2.04942  A-T: 1.00000  C-G: 1.00000  C-T: 2.04942  G-T: 1.00000
Base frequencies:  A: 0.280  C: 0.213  G: 0.224  T: 0.283
Parameters optimization took 3 rounds (0.111 sec)
Wrote distance file to... 
BEST SCORE FOUND : -40750.345
Total tree length: 0.020

Total number of iterations: 0
CPU time used for tree search: 0.000 sec (0h:0m:0s)
Wall-clock time used for tree search: 0.000 sec (0h:0m:0s)
Total CPU time used: 371.282 sec (0h:6m:11s)
Total wall-clock time used: 138.989 sec (0h:2m:18s)

===> START JACKKNIFE REPLICATE NUMBER 706

Creating jackknife alignment (seed: 786432)...
Reading input tree file gl_output_rmq.fasta.raxml.bestTree ...

NOTE: 7 MB RAM (0 GB) is required!
Estimate model parameters (epsilon = 0.010)
1. Initial log-likelihood: -40759.282
2. Current log-likelihood: -40676.904
3. Current log-likelihood: -40676.599
4. Current log-likelihood: -40676.582
Optimal log-likelihood: -40676.582
Rate parameters:  A-C: 1.00000  A-G: 2.39117  A-T: 1.00000  C-G: 1.00000  C-T: 2.39117  G-T: 1.00000
Base frequencies:  A: 0.282  C: 0.213  G: 0.226  T: 0.278
Parameters optimization took 4 rounds (0.133 sec)
Wrote distance file to... 
BEST SCORE FOUND : -40676.582
Total tree length: 0.020

Total number of iterations: 0
CPU time used for tree search: 0.000 sec (0h:0m:0s)
Wall-clock time used for tree search: 0.000 sec (0h:0m:0s)
Total CPU time used: 371.820 sec (0h:6m:11s)
Total wall-clock time used: 139.181 sec (0h:2m:19s)

===> START JACKKNIFE REPLICATE NUMBER 707

Creating jackknife alignment (seed: 786433)...
Reading input tree file gl_output_rmq.fasta.raxml.bestTree ...

NOTE: 7 MB RAM (0 GB) is required!
Estimate model parameters (epsilon = 0.010)
1. Initial log-likelihood: -41118.257
2. Current log-likelihood: -41041.353
3. Current log-likelihood: -41041.220
Optimal log-likelihood: -41041.220
Rate parameters:  A-C: 1.00000  A-G: 2.15138  A-T: 1.00000  C-G: 1.00000  C-T: 2.15138  G-T: 1.00000
Base frequencies:  A: 0.279  C: 0.212  G: 0.228  T: 0.281
Parameters optimization took 3 rounds (0.107 sec)
Wrote distance file to... 
BEST SCORE FOUND : -41041.220
Total tree length: 0.022

Total number of iterations: 0
CPU time used for tree search: 0.000 sec (0h:0m:0s)
Wall-clock time used for tree search: 0.000 sec (0h:0m:0s)
Total CPU time used: 372.269 sec (0h:6m:12s)
Total wall-clock time used: 139.342 sec (0h:2m:19s)

===> START JACKKNIFE REPLICATE NUMBER 708

Creating jackknife alignment (seed: 786434)...
Reading input tree file gl_output_rmq.fasta.raxml.bestTree ...

NOTE: 7 MB RAM (0 GB) is required!
Estimate model parameters (epsilon = 0.010)
1. Initial log-likelihood: -40860.773
2. Current log-likelihood: -40749.428
3. Current log-likelihood: -40749.303
4. Current log-likelihood: -40749.289
Optimal log-likelihood: -40749.287
Rate parameters:  A-C: 1.00000  A-G: 2.89483  A-T: 1.00000  C-G: 1.00000  C-T: 2.89483  G-T: 1.00000
Base frequencies:  A: 0.279  C: 0.211  G: 0.228  T: 0.282
Parameters optimization took 4 rounds (0.116 sec)
Wrote distance file to... 
BEST SCORE FOUND : -40749.287
Total tree length: 0.021

Total number of iterations: 0
CPU time used for tree search: 0.000 sec (0h:0m:0s)
Wall-clock time used for tree search: 0.000 sec (0h:0m:0s)
Total CPU time used: 372.749 sec (0h:6m:12s)
Total wall-clock time used: 139.515 sec (0h:2m:19s)

===> START JACKKNIFE REPLICATE NUMBER 709

Creating jackknife alignment (seed: 786435)...
Reading input tree file gl_output_rmq.fasta.raxml.bestTree ...

NOTE: 7 MB RAM (0 GB) is required!
Estimate model parameters (epsilon = 0.010)
1. Initial log-likelihood: -40555.569
2. Current log-likelihood: -40466.147
3. Current log-likelihood: -40466.136
Optimal log-likelihood: -40466.135
Rate parameters:  A-C: 1.00000  A-G: 2.45792  A-T: 1.00000  C-G: 1.00000  C-T: 2.45792  G-T: 1.00000
Base frequencies:  A: 0.285  C: 0.208  G: 0.228  T: 0.278
Parameters optimization took 3 rounds (0.076 sec)
Wrote distance file to... 
BEST SCORE FOUND : -40466.135
Total tree length: 0.019

Total number of iterations: 0
CPU time used for tree search: 0.000 sec (0h:0m:0s)
Wall-clock time used for tree search: 0.000 sec (0h:0m:0s)
Total CPU time used: 373.112 sec (0h:6m:13s)
Total wall-clock time used: 139.647 sec (0h:2m:19s)

===> START JACKKNIFE REPLICATE NUMBER 710

Creating jackknife alignment (seed: 786436)...
Reading input tree file gl_output_rmq.fasta.raxml.bestTree ...

NOTE: 7 MB RAM (0 GB) is required!
Estimate model parameters (epsilon = 0.010)
1. Initial log-likelihood: -41112.146
2. Current log-likelihood: -41027.995
3. Current log-likelihood: -41027.935
Optimal log-likelihood: -41027.934
Rate parameters:  A-C: 1.00000  A-G: 2.32130  A-T: 1.00000  C-G: 1.00000  C-T: 2.32130  G-T: 1.00000
Base frequencies:  A: 0.282  C: 0.211  G: 0.226  T: 0.281
Parameters optimization took 3 rounds (0.102 sec)
Wrote distance file to... 
BEST SCORE FOUND : -41027.934
Total tree length: 0.022

Total number of iterations: 0
CPU time used for tree search: 0.000 sec (0h:0m:0s)
Wall-clock time used for tree search: 0.000 sec (0h:0m:0s)
Total CPU time used: 373.548 sec (0h:6m:13s)
Total wall-clock time used: 139.804 sec (0h:2m:19s)

===> START JACKKNIFE REPLICATE NUMBER 711

Creating jackknife alignment (seed: 786437)...
Reading input tree file gl_output_rmq.fasta.raxml.bestTree ...

NOTE: 8 MB RAM (0 GB) is required!
Estimate model parameters (epsilon = 0.010)
1. Initial log-likelihood: -41166.466
2. Current log-likelihood: -41072.409
3. Current log-likelihood: -41072.373
Optimal log-likelihood: -41072.373
Rate parameters:  A-C: 1.00000  A-G: 2.45387  A-T: 1.00000  C-G: 1.00000  C-T: 2.45387  G-T: 1.00000
Base frequencies:  A: 0.279  C: 0.208  G: 0.228  T: 0.285
Parameters optimization took 3 rounds (0.092 sec)
Wrote distance file to... 
BEST SCORE FOUND : -41072.373
Total tree length: 0.022

Total number of iterations: 0
CPU time used for tree search: 0.000 sec (0h:0m:0s)
Wall-clock time used for tree search: 0.000 sec (0h:0m:0s)
Total CPU time used: 373.952 sec (0h:6m:13s)
Total wall-clock time used: 139.952 sec (0h:2m:19s)

===> START JACKKNIFE REPLICATE NUMBER 712

Creating jackknife alignment (seed: 786438)...
Reading input tree file gl_output_rmq.fasta.raxml.bestTree ...

NOTE: 7 MB RAM (0 GB) is required!
Estimate model parameters (epsilon = 0.010)
1. Initial log-likelihood: -40893.453
2. Current log-likelihood: -40807.736
3. Current log-likelihood: -40807.595
Optimal log-likelihood: -40807.594
Rate parameters:  A-C: 1.00000  A-G: 2.52526  A-T: 1.00000  C-G: 1.00000  C-T: 2.52526  G-T: 1.00000
Base frequencies:  A: 0.280  C: 0.211  G: 0.228  T: 0.282
Parameters optimization took 3 rounds (0.104 sec)
Wrote distance file to... 
BEST SCORE FOUND : -40807.594
Total tree length: 0.021

Total number of iterations: 0
CPU time used for tree search: 0.000 sec (0h:0m:0s)
Wall-clock time used for tree search: 0.000 sec (0h:0m:0s)
Total CPU time used: 374.423 sec (0h:6m:14s)
Total wall-clock time used: 140.126 sec (0h:2m:20s)

===> START JACKKNIFE REPLICATE NUMBER 713

Creating jackknife alignment (seed: 786439)...
Reading input tree file gl_output_rmq.fasta.raxml.bestTree ...

NOTE: 8 MB RAM (0 GB) is required!
Estimate model parameters (epsilon = 0.010)
1. Initial log-likelihood: -40999.997
2. Current log-likelihood: -40896.462
3. Current log-likelihood: -40896.415
Optimal log-likelihood: -40896.412
Rate parameters:  A-C: 1.00000  A-G: 2.62365  A-T: 1.00000  C-G: 1.00000  C-T: 2.62365  G-T: 1.00000
Base frequencies:  A: 0.282  C: 0.211  G: 0.225  T: 0.282
Parameters optimization took 3 rounds (0.096 sec)
Wrote distance file to... 
BEST SCORE FOUND : -40896.412
Total tree length: 0.021

Total number of iterations: 0
CPU time used for tree search: 0.000 sec (0h:0m:0s)
Wall-clock time used for tree search: 0.000 sec (0h:0m:0s)
Total CPU time used: 374.854 sec (0h:6m:14s)
Total wall-clock time used: 140.282 sec (0h:2m:20s)

===> START JACKKNIFE REPLICATE NUMBER 714

Creating jackknife alignment (seed: 786440)...
Reading input tree file gl_output_rmq.fasta.raxml.bestTree ...

NOTE: 8 MB RAM (0 GB) is required!
Estimate model parameters (epsilon = 0.010)
1. Initial log-likelihood: -40967.870
2. Current log-likelihood: -40878.982
3. Current log-likelihood: -40878.955
Optimal log-likelihood: -40878.953
Rate parameters:  A-C: 1.00000  A-G: 2.40999  A-T: 1.00000  C-G: 1.00000  C-T: 2.40999  G-T: 1.00000
Base frequencies:  A: 0.280  C: 0.213  G: 0.227  T: 0.281
Parameters optimization took 3 rounds (0.091 sec)
Wrote distance file to... 
BEST SCORE FOUND : -40878.953
Total tree length: 0.021

Total number of iterations: 0
CPU time used for tree search: 0.000 sec (0h:0m:0s)
Wall-clock time used for tree search: 0.000 sec (0h:0m:0s)
Total CPU time used: 375.262 sec (0h:6m:15s)
Total wall-clock time used: 140.429 sec (0h:2m:20s)

===> START JACKKNIFE REPLICATE NUMBER 715

Creating jackknife alignment (seed: 786441)...
Reading input tree file gl_output_rmq.fasta.raxml.bestTree ...

NOTE: 7 MB RAM (0 GB) is required!
Estimate model parameters (epsilon = 0.010)
1. Initial log-likelihood: -40974.329
2. Current log-likelihood: -40887.390
3. Current log-likelihood: -40887.365
Optimal log-likelihood: -40887.365
Rate parameters:  A-C: 1.00000  A-G: 2.34799  A-T: 1.00000  C-G: 1.00000  C-T: 2.34799  G-T: 1.00000
Base frequencies:  A: 0.282  C: 0.211  G: 0.224  T: 0.283
Parameters optimization took 3 rounds (0.088 sec)
Wrote distance file to... 
BEST SCORE FOUND : -40887.365
Total tree length: 0.021

Total number of iterations: 0
CPU time used for tree search: 0.000 sec (0h:0m:0s)
Wall-clock time used for tree search: 0.000 sec (0h:0m:0s)
Total CPU time used: 375.654 sec (0h:6m:15s)
Total wall-clock time used: 140.572 sec (0h:2m:20s)

===> START JACKKNIFE REPLICATE NUMBER 716

Creating jackknife alignment (seed: 786442)...
Reading input tree file gl_output_rmq.fasta.raxml.bestTree ...

NOTE: 7 MB RAM (0 GB) is required!
Estimate model parameters (epsilon = 0.010)
1. Initial log-likelihood: -40975.945
2. Current log-likelihood: -40882.971
3. Current log-likelihood: -40882.948
Optimal log-likelihood: -40882.944
Rate parameters:  A-C: 1.00000  A-G: 2.59911  A-T: 1.00000  C-G: 1.00000  C-T: 2.59911  G-T: 1.00000
Base frequencies:  A: 0.283  C: 0.211  G: 0.227  T: 0.279
Parameters optimization took 3 rounds (0.087 sec)
Wrote distance file to... 
BEST SCORE FOUND : -40882.944
Total tree length: 0.021

Total number of iterations: 0
CPU time used for tree search: 0.000 sec (0h:0m:0s)
Wall-clock time used for tree search: 0.000 sec (0h:0m:0s)
Total CPU time used: 376.044 sec (0h:6m:16s)
Total wall-clock time used: 140.713 sec (0h:2m:20s)

===> START JACKKNIFE REPLICATE NUMBER 717

Creating jackknife alignment (seed: 786443)...
Reading input tree file gl_output_rmq.fasta.raxml.bestTree ...

NOTE: 8 MB RAM (0 GB) is required!
Estimate model parameters (epsilon = 0.010)
1. Initial log-likelihood: -40976.073
2. Current log-likelihood: -40902.259
3. Current log-likelihood: -40901.725
Optimal log-likelihood: -40901.725
Rate parameters:  A-C: 1.00000  A-G: 2.18125  A-T: 1.00000  C-G: 1.00000  C-T: 2.18125  G-T: 1.00000
Base frequencies:  A: 0.281  C: 0.211  G: 0.228  T: 0.280
Parameters optimization took 3 rounds (0.105 sec)
Wrote distance file to... 
BEST SCORE FOUND : -40901.725
Total tree length: 0.021

Total number of iterations: 0
CPU time used for tree search: 0.000 sec (0h:0m:0s)
Wall-clock time used for tree search: 0.000 sec (0h:0m:0s)
Total CPU time used: 376.493 sec (0h:6m:16s)
Total wall-clock time used: 140.880 sec (0h:2m:20s)

===> START JACKKNIFE REPLICATE NUMBER 718

Creating jackknife alignment (seed: 786444)...
Reading input tree file gl_output_rmq.fasta.raxml.bestTree ...

NOTE: 7 MB RAM (0 GB) is required!
Estimate model parameters (epsilon = 0.010)
1. Initial log-likelihood: -41063.710
2. Current log-likelihood: -40972.202
3. Current log-likelihood: -40972.145
Optimal log-likelihood: -40972.145
Rate parameters:  A-C: 1.00000  A-G: 2.44487  A-T: 1.00000  C-G: 1.00000  C-T: 2.44487  G-T: 1.00000
Base frequencies:  A: 0.279  C: 0.210  G: 0.230  T: 0.281
Parameters optimization took 3 rounds (0.091 sec)
Wrote distance file to... 
BEST SCORE FOUND : -40972.145
Total tree length: 0.021

Total number of iterations: 0
CPU time used for tree search: 0.000 sec (0h:0m:0s)
Wall-clock time used for tree search: 0.000 sec (0h:0m:0s)
Total CPU time used: 376.900 sec (0h:6m:16s)
Total wall-clock time used: 141.027 sec (0h:2m:21s)

===> START JACKKNIFE REPLICATE NUMBER 719

Creating jackknife alignment (seed: 786445)...
Reading input tree file gl_output_rmq.fasta.raxml.bestTree ...

NOTE: 8 MB RAM (0 GB) is required!
Estimate model parameters (epsilon = 0.010)
1. Initial log-likelihood: -41060.835
2. Current log-likelihood: -40982.185
3. Current log-likelihood: -40982.156
Optimal log-likelihood: -40982.155
Rate parameters:  A-C: 1.00000  A-G: 2.18814  A-T: 1.00000  C-G: 1.00000  C-T: 2.18814  G-T: 1.00000
Base frequencies:  A: 0.284  C: 0.209  G: 0.227  T: 0.280
Parameters optimization took 3 rounds (0.100 sec)
Wrote distance file to... 
BEST SCORE FOUND : -40982.155
Total tree length: 0.022

Total number of iterations: 0
CPU time used for tree search: 0.000 sec (0h:0m:0s)
Wall-clock time used for tree search: 0.000 sec (0h:0m:0s)
Total CPU time used: 377.330 sec (0h:6m:17s)
Total wall-clock time used: 141.183 sec (0h:2m:21s)

===> START JACKKNIFE REPLICATE NUMBER 720

Creating jackknife alignment (seed: 786446)...
Reading input tree file gl_output_rmq.fasta.raxml.bestTree ...

NOTE: 8 MB RAM (0 GB) is required!
Estimate model parameters (epsilon = 0.010)
1. Initial log-likelihood: -41128.860
2. Current log-likelihood: -41050.228
3. Current log-likelihood: -41050.167
Optimal log-likelihood: -41050.167
Rate parameters:  A-C: 1.00000  A-G: 2.24677  A-T: 1.00000  C-G: 1.00000  C-T: 2.24677  G-T: 1.00000
Base frequencies:  A: 0.285  C: 0.213  G: 0.223  T: 0.279
Parameters optimization took 3 rounds (0.119 sec)
Wrote distance file to... 
BEST SCORE FOUND : -41050.167
Total tree length: 0.022

Total number of iterations: 0
CPU time used for tree search: 0.000 sec (0h:0m:0s)
Wall-clock time used for tree search: 0.000 sec (0h:0m:0s)
Total CPU time used: 377.821 sec (0h:6m:17s)
Total wall-clock time used: 141.357 sec (0h:2m:21s)

===> START JACKKNIFE REPLICATE NUMBER 721

Creating jackknife alignment (seed: 786447)...
Reading input tree file gl_output_rmq.fasta.raxml.bestTree ...

NOTE: 7 MB RAM (0 GB) is required!
Estimate model parameters (epsilon = 0.010)
1. Initial log-likelihood: -40850.578
2. Current log-likelihood: -40761.010
3. Current log-likelihood: -40760.762
4. Current log-likelihood: -40760.744
Optimal log-likelihood: -40760.744
Rate parameters:  A-C: 1.00000  A-G: 2.43832  A-T: 1.00000  C-G: 1.00000  C-T: 2.43832  G-T: 1.00000
Base frequencies:  A: 0.284  C: 0.210  G: 0.226  T: 0.281
Parameters optimization took 4 rounds (0.124 sec)
Wrote distance file to... 
BEST SCORE FOUND : -40760.744
Total tree length: 0.021

Total number of iterations: 0
CPU time used for tree search: 0.000 sec (0h:0m:0s)
Wall-clock time used for tree search: 0.000 sec (0h:0m:0s)
Total CPU time used: 378.329 sec (0h:6m:18s)
Total wall-clock time used: 141.538 sec (0h:2m:21s)

===> START JACKKNIFE REPLICATE NUMBER 722

Creating jackknife alignment (seed: 786448)...
Reading input tree file gl_output_rmq.fasta.raxml.bestTree ...

NOTE: 7 MB RAM (0 GB) is required!
Estimate model parameters (epsilon = 0.010)
1. Initial log-likelihood: -40866.983
2. Current log-likelihood: -40793.271
3. Current log-likelihood: -40793.083
Optimal log-likelihood: -40793.083
Rate parameters:  A-C: 1.00000  A-G: 2.14379  A-T: 1.00000  C-G: 1.00000  C-T: 2.14379  G-T: 1.00000
Base frequencies:  A: 0.283  C: 0.208  G: 0.228  T: 0.281
Parameters optimization took 3 rounds (0.108 sec)
Wrote distance file to... 
BEST SCORE FOUND : -40793.083
Total tree length: 0.021

Total number of iterations: 0
CPU time used for tree search: 0.000 sec (0h:0m:0s)
Wall-clock time used for tree search: 0.000 sec (0h:0m:0s)
Total CPU time used: 378.791 sec (0h:6m:18s)
Total wall-clock time used: 141.704 sec (0h:2m:21s)

===> START JACKKNIFE REPLICATE NUMBER 723

Creating jackknife alignment (seed: 786449)...
Reading input tree file gl_output_rmq.fasta.raxml.bestTree ...

NOTE: 7 MB RAM (0 GB) is required!
Estimate model parameters (epsilon = 0.010)
1. Initial log-likelihood: -40890.767
2. Current log-likelihood: -40830.149
3. Current log-likelihood: -40817.295
4. Current log-likelihood: -40776.747
Optimal log-likelihood: -40776.744
Rate parameters:  A-C: 1.00000  A-G: 3.18043  A-T: 1.00000  C-G: 1.00000  C-T: 3.18043  G-T: 1.00000
Base frequencies:  A: 0.283  C: 0.213  G: 0.223  T: 0.281
Parameters optimization took 4 rounds (0.162 sec)
Wrote distance file to... 
BEST SCORE FOUND : -40776.744
Total tree length: 0.021

Total number of iterations: 0
CPU time used for tree search: 0.000 sec (0h:0m:0s)
Wall-clock time used for tree search: 0.000 sec (0h:0m:0s)
Total CPU time used: 379.419 sec (0h:6m:19s)
Total wall-clock time used: 141.926 sec (0h:2m:21s)

===> START JACKKNIFE REPLICATE NUMBER 724

Creating jackknife alignment (seed: 786450)...
Reading input tree file gl_output_rmq.fasta.raxml.bestTree ...

NOTE: 8 MB RAM (0 GB) is required!
Estimate model parameters (epsilon = 0.010)
1. Initial log-likelihood: -41266.835
2. Current log-likelihood: -41179.708
3. Current log-likelihood: -41179.636
Optimal log-likelihood: -41179.636
Rate parameters:  A-C: 1.00000  A-G: 2.51479  A-T: 1.00000  C-G: 1.00000  C-T: 2.51479  G-T: 1.00000
Base frequencies:  A: 0.281  C: 0.207  G: 0.229  T: 0.283
Parameters optimization took 3 rounds (0.103 sec)
Wrote distance file to... 
BEST SCORE FOUND : -41179.636
Total tree length: 0.022

Total number of iterations: 0
CPU time used for tree search: 0.000 sec (0h:0m:0s)
Wall-clock time used for tree search: 0.000 sec (0h:0m:0s)
Total CPU time used: 379.864 sec (0h:6m:19s)
Total wall-clock time used: 142.089 sec (0h:2m:22s)

===> START JACKKNIFE REPLICATE NUMBER 725

Creating jackknife alignment (seed: 786451)...
Reading input tree file gl_output_rmq.fasta.raxml.bestTree ...

NOTE: 8 MB RAM (0 GB) is required!
Estimate model parameters (epsilon = 0.010)
1. Initial log-likelihood: -41325.248
2. Current log-likelihood: -41235.769
3. Current log-likelihood: -41235.617
Optimal log-likelihood: -41235.616
Rate parameters:  A-C: 1.00000  A-G: 2.52431  A-T: 1.00000  C-G: 1.00000  C-T: 2.52431  G-T: 1.00000
Base frequencies:  A: 0.285  C: 0.210  G: 0.224  T: 0.281
Parameters optimization took 3 rounds (0.093 sec)
Wrote distance file to... 
BEST SCORE FOUND : -41235.616
Total tree length: 0.023

Total number of iterations: 0
CPU time used for tree search: 0.000 sec (0h:0m:0s)
Wall-clock time used for tree search: 0.000 sec (0h:0m:0s)
Total CPU time used: 380.285 sec (0h:6m:20s)
Total wall-clock time used: 142.242 sec (0h:2m:22s)

===> START JACKKNIFE REPLICATE NUMBER 726

Creating jackknife alignment (seed: 786452)...
Reading input tree file gl_output_rmq.fasta.raxml.bestTree ...

NOTE: 8 MB RAM (0 GB) is required!
Estimate model parameters (epsilon = 0.010)
1. Initial log-likelihood: -41252.518
2. Current log-likelihood: -41146.170
3. Current log-likelihood: -41145.983
Optimal log-likelihood: -41145.983
Rate parameters:  A-C: 1.00000  A-G: 2.84647  A-T: 1.00000  C-G: 1.00000  C-T: 2.84647  G-T: 1.00000
Base frequencies:  A: 0.283  C: 0.208  G: 0.227  T: 0.282
Parameters optimization took 3 rounds (0.109 sec)
Wrote distance file to... 
BEST SCORE FOUND : -41145.983
Total tree length: 0.023

Total number of iterations: 0
CPU time used for tree search: 0.000 sec (0h:0m:0s)
Wall-clock time used for tree search: 0.000 sec (0h:0m:0s)
Total CPU time used: 380.741 sec (0h:6m:20s)
Total wall-clock time used: 142.407 sec (0h:2m:22s)

===> START JACKKNIFE REPLICATE NUMBER 727

Creating jackknife alignment (seed: 786453)...
Reading input tree file gl_output_rmq.fasta.raxml.bestTree ...

NOTE: 7 MB RAM (0 GB) is required!
Estimate model parameters (epsilon = 0.010)
1. Initial log-likelihood: -40659.501
2. Current log-likelihood: -40567.789
3. Current log-likelihood: -40567.771
4. Current log-likelihood: -40567.754
Optimal log-likelihood: -40567.754
Rate parameters:  A-C: 1.00000  A-G: 2.41359  A-T: 1.00000  C-G: 1.00000  C-T: 2.41359  G-T: 1.00000
Base frequencies:  A: 0.281  C: 0.209  G: 0.225  T: 0.285
Parameters optimization took 4 rounds (0.101 sec)
Wrote distance file to... 
BEST SCORE FOUND : -40567.754
Total tree length: 0.020

Total number of iterations: 0
CPU time used for tree search: 0.000 sec (0h:0m:0s)
Wall-clock time used for tree search: 0.000 sec (0h:0m:0s)
Total CPU time used: 381.177 sec (0h:6m:21s)
Total wall-clock time used: 142.566 sec (0h:2m:22s)

===> START JACKKNIFE REPLICATE NUMBER 728

Creating jackknife alignment (seed: 786454)...
Reading input tree file gl_output_rmq.fasta.raxml.bestTree ...

NOTE: 7 MB RAM (0 GB) is required!
Estimate model parameters (epsilon = 0.010)
1. Initial log-likelihood: -41135.916
2. Current log-likelihood: -41043.978
3. Current log-likelihood: -41043.022
Optimal log-likelihood: -41043.022
Rate parameters:  A-C: 1.00000  A-G: 2.38226  A-T: 1.00000  C-G: 1.00000  C-T: 2.38226  G-T: 1.00000
Base frequencies:  A: 0.282  C: 0.210  G: 0.226  T: 0.281
Parameters optimization took 3 rounds (0.098 sec)
Wrote distance file to... 
BEST SCORE FOUND : -41043.022
Total tree length: 0.022

Total number of iterations: 0
CPU time used for tree search: 0.000 sec (0h:0m:0s)
Wall-clock time used for tree search: 0.000 sec (0h:0m:0s)
Total CPU time used: 381.607 sec (0h:6m:21s)
Total wall-clock time used: 142.721 sec (0h:2m:22s)

===> START JACKKNIFE REPLICATE NUMBER 729

Creating jackknife alignment (seed: 786455)...
Reading input tree file gl_output_rmq.fasta.raxml.bestTree ...

NOTE: 8 MB RAM (0 GB) is required!
Estimate model parameters (epsilon = 0.010)
1. Initial log-likelihood: -41303.332
2. Current log-likelihood: -41208.471
3. Current log-likelihood: -41208.441
Optimal log-likelihood: -41208.425
Rate parameters:  A-C: 1.00000  A-G: 2.66451  A-T: 1.00000  C-G: 1.00000  C-T: 2.66451  G-T: 1.00000
Base frequencies:  A: 0.278  C: 0.212  G: 0.231  T: 0.279
Parameters optimization took 3 rounds (0.103 sec)
Wrote distance file to... 
BEST SCORE FOUND : -41208.425
Total tree length: 0.023

Total number of iterations: 0
CPU time used for tree search: 0.000 sec (0h:0m:0s)
Wall-clock time used for tree search: 0.000 sec (0h:0m:0s)
Total CPU time used: 382.046 sec (0h:6m:22s)
Total wall-clock time used: 142.879 sec (0h:2m:22s)

===> START JACKKNIFE REPLICATE NUMBER 730

Creating jackknife alignment (seed: 786456)...
Reading input tree file gl_output_rmq.fasta.raxml.bestTree ...

NOTE: 8 MB RAM (0 GB) is required!
Estimate model parameters (epsilon = 0.010)
1. Initial log-likelihood: -41111.024
2. Current log-likelihood: -41025.436
3. Current log-likelihood: -41025.377
Optimal log-likelihood: -41025.376
Rate parameters:  A-C: 1.00000  A-G: 2.35176  A-T: 1.00000  C-G: 1.00000  C-T: 2.35176  G-T: 1.00000
Base frequencies:  A: 0.281  C: 0.215  G: 0.226  T: 0.279
Parameters optimization took 3 rounds (0.103 sec)
Wrote distance file to... 
BEST SCORE FOUND : -41025.376
Total tree length: 0.022

Total number of iterations: 0
CPU time used for tree search: 0.000 sec (0h:0m:0s)
Wall-clock time used for tree search: 0.000 sec (0h:0m:0s)
Total CPU time used: 382.486 sec (0h:6m:22s)
Total wall-clock time used: 143.038 sec (0h:2m:23s)

===> START JACKKNIFE REPLICATE NUMBER 731

Creating jackknife alignment (seed: 786457)...
Reading input tree file gl_output_rmq.fasta.raxml.bestTree ...

NOTE: 7 MB RAM (0 GB) is required!
Estimate model parameters (epsilon = 0.010)
1. Initial log-likelihood: -41012.507
2. Current log-likelihood: -40934.962
3. Current log-likelihood: -40934.934
Optimal log-likelihood: -40934.934
Rate parameters:  A-C: 1.00000  A-G: 2.10542  A-T: 1.00000  C-G: 1.00000  C-T: 2.10542  G-T: 1.00000
Base frequencies:  A: 0.283  C: 0.211  G: 0.227  T: 0.279
Parameters optimization took 3 rounds (0.120 sec)
Wrote distance file to... 
BEST SCORE FOUND : -40934.934
Total tree length: 0.021

Total number of iterations: 0
CPU time used for tree search: 0.000 sec (0h:0m:0s)
Wall-clock time used for tree search: 0.000 sec (0h:0m:0s)
Total CPU time used: 382.973 sec (0h:6m:22s)
Total wall-clock time used: 143.212 sec (0h:2m:23s)

===> START JACKKNIFE REPLICATE NUMBER 732

Creating jackknife alignment (seed: 786458)...
Reading input tree file gl_output_rmq.fasta.raxml.bestTree ...

NOTE: 7 MB RAM (0 GB) is required!
Estimate model parameters (epsilon = 0.010)
1. Initial log-likelihood: -41336.799
2. Current log-likelihood: -41239.421
3. Current log-likelihood: -41239.263
Optimal log-likelihood: -41239.261
Rate parameters:  A-C: 1.00000  A-G: 2.74294  A-T: 1.00000  C-G: 1.00000  C-T: 2.74294  G-T: 1.00000
Base frequencies:  A: 0.280  C: 0.211  G: 0.229  T: 0.281
Parameters optimization took 3 rounds (0.090 sec)
Wrote distance file to... 
BEST SCORE FOUND : -41239.261
Total tree length: 0.023

Total number of iterations: 0
CPU time used for tree search: 0.000 sec (0h:0m:0s)
Wall-clock time used for tree search: 0.000 sec (0h:0m:0s)
Total CPU time used: 383.370 sec (0h:6m:23s)
Total wall-clock time used: 143.357 sec (0h:2m:23s)

===> START JACKKNIFE REPLICATE NUMBER 733

Creating jackknife alignment (seed: 786459)...
Reading input tree file gl_output_rmq.fasta.raxml.bestTree ...

NOTE: 7 MB RAM (0 GB) is required!
Estimate model parameters (epsilon = 0.010)
1. Initial log-likelihood: -40983.234
2. Current log-likelihood: -40933.566
3. Current log-likelihood: -40917.103
4. Current log-likelihood: -40873.270
Optimal log-likelihood: -40873.267
Rate parameters:  A-C: 1.00000  A-G: 2.92734  A-T: 1.00000  C-G: 1.00000  C-T: 2.92734  G-T: 1.00000
Base frequencies:  A: 0.283  C: 0.208  G: 0.230  T: 0.279
Parameters optimization took 4 rounds (0.123 sec)
Wrote distance file to... 
BEST SCORE FOUND : -40873.267
Total tree length: 0.021

Total number of iterations: 0
CPU time used for tree search: 0.000 sec (0h:0m:0s)
Wall-clock time used for tree search: 0.000 sec (0h:0m:0s)
Total CPU time used: 383.874 sec (0h:6m:23s)
Total wall-clock time used: 143.543 sec (0h:2m:23s)

===> START JACKKNIFE REPLICATE NUMBER 734

Creating jackknife alignment (seed: 786460)...
Reading input tree file gl_output_rmq.fasta.raxml.bestTree ...

NOTE: 7 MB RAM (0 GB) is required!
Estimate model parameters (epsilon = 0.010)
1. Initial log-likelihood: -41156.405
2. Current log-likelihood: -41085.300
3. Current log-likelihood: -41085.124
Optimal log-likelihood: -41085.124
Rate parameters:  A-C: 1.00000  A-G: 2.04901  A-T: 1.00000  C-G: 1.00000  C-T: 2.04901  G-T: 1.00000
Base frequencies:  A: 0.280  C: 0.212  G: 0.225  T: 0.283
Parameters optimization took 3 rounds (0.112 sec)
Wrote distance file to... 
BEST SCORE FOUND : -41085.124
Total tree length: 0.022

Total number of iterations: 0
CPU time used for tree search: 0.000 sec (0h:0m:0s)
Wall-clock time used for tree search: 0.000 sec (0h:0m:0s)
Total CPU time used: 384.348 sec (0h:6m:24s)
Total wall-clock time used: 143.714 sec (0h:2m:23s)

===> START JACKKNIFE REPLICATE NUMBER 735

Creating jackknife alignment (seed: 786461)...
Reading input tree file gl_output_rmq.fasta.raxml.bestTree ...

NOTE: 7 MB RAM (0 GB) is required!
Estimate model parameters (epsilon = 0.010)
1. Initial log-likelihood: -41039.677
2. Current log-likelihood: -40948.657
3. Current log-likelihood: -40948.596
Optimal log-likelihood: -40948.592
Rate parameters:  A-C: 1.00000  A-G: 2.60806  A-T: 1.00000  C-G: 1.00000  C-T: 2.60806  G-T: 1.00000
Base frequencies:  A: 0.282  C: 0.210  G: 0.226  T: 0.282
Parameters optimization took 3 rounds (0.081 sec)
Wrote distance file to... 
BEST SCORE FOUND : -40948.592
Total tree length: 0.022

Total number of iterations: 0
CPU time used for tree search: 0.000 sec (0h:0m:0s)
Wall-clock time used for tree search: 0.000 sec (0h:0m:0s)
Total CPU time used: 384.725 sec (0h:6m:24s)
Total wall-clock time used: 143.852 sec (0h:2m:23s)

===> START JACKKNIFE REPLICATE NUMBER 736

Creating jackknife alignment (seed: 786462)...
Reading input tree file gl_output_rmq.fasta.raxml.bestTree ...

NOTE: 7 MB RAM (0 GB) is required!
Estimate model parameters (epsilon = 0.010)
1. Initial log-likelihood: -41055.115
2. Current log-likelihood: -40949.216
Optimal log-likelihood: -40949.206
Rate parameters:  A-C: 1.00000  A-G: 2.74821  A-T: 1.00000  C-G: 1.00000  C-T: 2.74821  G-T: 1.00000
Base frequencies:  A: 0.278  C: 0.210  G: 0.228  T: 0.283
Parameters optimization took 2 rounds (0.066 sec)
Wrote distance file to... 
BEST SCORE FOUND : -40949.206
Total tree length: 0.021

Total number of iterations: 0
CPU time used for tree search: 0.000 sec (0h:0m:0s)
Wall-clock time used for tree search: 0.000 sec (0h:0m:0s)
Total CPU time used: 385.060 sec (0h:6m:25s)
Total wall-clock time used: 143.976 sec (0h:2m:23s)

===> START JACKKNIFE REPLICATE NUMBER 737

Creating jackknife alignment (seed: 786463)...
Reading input tree file gl_output_rmq.fasta.raxml.bestTree ...

NOTE: 7 MB RAM (0 GB) is required!
Estimate model parameters (epsilon = 0.010)
1. Initial log-likelihood: -41090.226
2. Current log-likelihood: -41005.396
3. Current log-likelihood: -41004.965
Optimal log-likelihood: -41004.965
Rate parameters:  A-C: 1.00000  A-G: 2.22309  A-T: 1.00000  C-G: 1.00000  C-T: 2.22309  G-T: 1.00000
Base frequencies:  A: 0.283  C: 0.208  G: 0.229  T: 0.280
Parameters optimization took 3 rounds (0.100 sec)
Wrote distance file to... 
BEST SCORE FOUND : -41004.965
Total tree length: 0.022

Total number of iterations: 0
CPU time used for tree search: 0.000 sec (0h:0m:0s)
Wall-clock time used for tree search: 0.000 sec (0h:0m:0s)
Total CPU time used: 385.493 sec (0h:6m:25s)
Total wall-clock time used: 144.132 sec (0h:2m:24s)

===> START JACKKNIFE REPLICATE NUMBER 738

Creating jackknife alignment (seed: 786464)...
Reading input tree file gl_output_rmq.fasta.raxml.bestTree ...

NOTE: 7 MB RAM (0 GB) is required!
Estimate model parameters (epsilon = 0.010)
1. Initial log-likelihood: -41509.985
2. Current log-likelihood: -41406.007
3. Current log-likelihood: -41405.846
Optimal log-likelihood: -41405.843
Rate parameters:  A-C: 1.00000  A-G: 2.74599  A-T: 1.00000  C-G: 1.00000  C-T: 2.74599  G-T: 1.00000
Base frequencies:  A: 0.280  C: 0.213  G: 0.230  T: 0.278
Parameters optimization took 3 rounds (0.095 sec)
Wrote distance file to... 
BEST SCORE FOUND : -41405.843
Total tree length: 0.023

Total number of iterations: 0
CPU time used for tree search: 0.000 sec (0h:0m:0s)
Wall-clock time used for tree search: 0.000 sec (0h:0m:0s)
Total CPU time used: 385.912 sec (0h:6m:25s)
Total wall-clock time used: 144.285 sec (0h:2m:24s)

===> START JACKKNIFE REPLICATE NUMBER 739

Creating jackknife alignment (seed: 786465)...
Reading input tree file gl_output_rmq.fasta.raxml.bestTree ...

NOTE: 7 MB RAM (0 GB) is required!
Estimate model parameters (epsilon = 0.010)
1. Initial log-likelihood: -41069.172
2. Current log-likelihood: -40967.767
3. Current log-likelihood: -40967.721
Optimal log-likelihood: -40967.715
Rate parameters:  A-C: 1.00000  A-G: 2.64483  A-T: 1.00000  C-G: 1.00000  C-T: 2.64483  G-T: 1.00000
Base frequencies:  A: 0.283  C: 0.211  G: 0.226  T: 0.280
Parameters optimization took 3 rounds (0.082 sec)
Wrote distance file to... 
BEST SCORE FOUND : -40967.715
Total tree length: 0.022

Total number of iterations: 0
CPU time used for tree search: 0.000 sec (0h:0m:0s)
Wall-clock time used for tree search: 0.000 sec (0h:0m:0s)
Total CPU time used: 386.285 sec (0h:6m:26s)
Total wall-clock time used: 144.423 sec (0h:2m:24s)

===> START JACKKNIFE REPLICATE NUMBER 740

Creating jackknife alignment (seed: 786466)...
Reading input tree file gl_output_rmq.fasta.raxml.bestTree ...

NOTE: 7 MB RAM (0 GB) is required!
Estimate model parameters (epsilon = 0.010)
1. Initial log-likelihood: -41162.580
2. Current log-likelihood: -41117.182
3. Current log-likelihood: -41100.180
4. Current log-likelihood: -41055.958
5. Current log-likelihood: -41055.917
Optimal log-likelihood: -41055.913
Rate parameters:  A-C: 1.00000  A-G: 3.02005  A-T: 1.00000  C-G: 1.00000  C-T: 3.02005  G-T: 1.00000
Base frequencies:  A: 0.282  C: 0.209  G: 0.228  T: 0.280
Parameters optimization took 5 rounds (0.173 sec)
Wrote distance file to... 
BEST SCORE FOUND : -41055.913
Total tree length: 0.022

Total number of iterations: 0
CPU time used for tree search: 0.000 sec (0h:0m:0s)
Wall-clock time used for tree search: 0.000 sec (0h:0m:0s)
Total CPU time used: 386.935 sec (0h:6m:26s)
Total wall-clock time used: 144.655 sec (0h:2m:24s)

===> START JACKKNIFE REPLICATE NUMBER 741

Creating jackknife alignment (seed: 786467)...
Reading input tree file gl_output_rmq.fasta.raxml.bestTree ...

NOTE: 7 MB RAM (0 GB) is required!
Estimate model parameters (epsilon = 0.010)
1. Initial log-likelihood: -40715.473
2. Current log-likelihood: -40616.814
3. Current log-likelihood: -40616.795
Optimal log-likelihood: -40616.795
Rate parameters:  A-C: 1.00000  A-G: 2.41607  A-T: 1.00000  C-G: 1.00000  C-T: 2.41607  G-T: 1.00000
Base frequencies:  A: 0.281  C: 0.210  G: 0.226  T: 0.284
Parameters optimization took 3 rounds (0.087 sec)
Wrote distance file to... 
BEST SCORE FOUND : -40616.795
Total tree length: 0.021

Total number of iterations: 0
CPU time used for tree search: 0.000 sec (0h:0m:0s)
Wall-clock time used for tree search: 0.000 sec (0h:0m:0s)
Total CPU time used: 387.331 sec (0h:6m:27s)
Total wall-clock time used: 144.799 sec (0h:2m:24s)

===> START JACKKNIFE REPLICATE NUMBER 742

Creating jackknife alignment (seed: 786468)...
Reading input tree file gl_output_rmq.fasta.raxml.bestTree ...

NOTE: 7 MB RAM (0 GB) is required!
Estimate model parameters (epsilon = 0.010)
1. Initial log-likelihood: -41075.372
2. Current log-likelihood: -40991.581
3. Current log-likelihood: -40991.440
Optimal log-likelihood: -40991.437
Rate parameters:  A-C: 1.00000  A-G: 2.40456  A-T: 1.00000  C-G: 1.00000  C-T: 2.40456  G-T: 1.00000
Base frequencies:  A: 0.278  C: 0.209  G: 0.230  T: 0.282
Parameters optimization took 3 rounds (0.093 sec)
Wrote distance file to... 
BEST SCORE FOUND : -40991.437
Total tree length: 0.022

Total number of iterations: 0
CPU time used for tree search: 0.000 sec (0h:0m:0s)
Wall-clock time used for tree search: 0.000 sec (0h:0m:0s)
Total CPU time used: 387.753 sec (0h:6m:27s)
Total wall-clock time used: 144.951 sec (0h:2m:24s)

===> START JACKKNIFE REPLICATE NUMBER 743

Creating jackknife alignment (seed: 786469)...
Reading input tree file gl_output_rmq.fasta.raxml.bestTree ...

NOTE: 7 MB RAM (0 GB) is required!
Estimate model parameters (epsilon = 0.010)
1. Initial log-likelihood: -41255.146
2. Current log-likelihood: -41169.522
3. Current log-likelihood: -41169.488
Optimal log-likelihood: -41169.488
Rate parameters:  A-C: 1.00000  A-G: 2.41387  A-T: 1.00000  C-G: 1.00000  C-T: 2.41387  G-T: 1.00000
Base frequencies:  A: 0.283  C: 0.208  G: 0.226  T: 0.283
Parameters optimization took 3 rounds (0.112 sec)
Wrote distance file to... 
BEST SCORE FOUND : -41169.488
Total tree length: 0.022

Total number of iterations: 0
CPU time used for tree search: 0.000 sec (0h:0m:0s)
Wall-clock time used for tree search: 0.000 sec (0h:0m:0s)
Total CPU time used: 388.229 sec (0h:6m:28s)
Total wall-clock time used: 145.123 sec (0h:2m:25s)

===> START JACKKNIFE REPLICATE NUMBER 744

Creating jackknife alignment (seed: 786470)...
Reading input tree file gl_output_rmq.fasta.raxml.bestTree ...

NOTE: 7 MB RAM (0 GB) is required!
Estimate model parameters (epsilon = 0.010)
1. Initial log-likelihood: -41027.238
2. Current log-likelihood: -40935.563
3. Current log-likelihood: -40935.524
Optimal log-likelihood: -40935.521
Rate parameters:  A-C: 1.00000  A-G: 2.73591  A-T: 1.00000  C-G: 1.00000  C-T: 2.73591  G-T: 1.00000
Base frequencies:  A: 0.282  C: 0.211  G: 0.224  T: 0.283
Parameters optimization took 3 rounds (0.090 sec)
Wrote distance file to... 
BEST SCORE FOUND : -40935.521
Total tree length: 0.021

Total number of iterations: 0
CPU time used for tree search: 0.000 sec (0h:0m:0s)
Wall-clock time used for tree search: 0.000 sec (0h:0m:0s)
Total CPU time used: 388.641 sec (0h:6m:28s)
Total wall-clock time used: 145.274 sec (0h:2m:25s)

===> START JACKKNIFE REPLICATE NUMBER 745

Creating jackknife alignment (seed: 786471)...
Reading input tree file gl_output_rmq.fasta.raxml.bestTree ...

NOTE: 7 MB RAM (0 GB) is required!
Estimate model parameters (epsilon = 0.010)
1. Initial log-likelihood: -41293.023
2. Current log-likelihood: -41197.643
3. Current log-likelihood: -41197.618
Optimal log-likelihood: -41197.618
Rate parameters:  A-C: 1.00000  A-G: 2.47725  A-T: 1.00000  C-G: 1.00000  C-T: 2.47725  G-T: 1.00000
Base frequencies:  A: 0.281  C: 0.210  G: 0.229  T: 0.280
Parameters optimization took 3 rounds (0.103 sec)
Wrote distance file to... 
BEST SCORE FOUND : -41197.618
Total tree length: 0.023

Total number of iterations: 0
CPU time used for tree search: 0.000 sec (0h:0m:0s)
Wall-clock time used for tree search: 0.000 sec (0h:0m:0s)
Total CPU time used: 389.086 sec (0h:6m:29s)
Total wall-clock time used: 145.434 sec (0h:2m:25s)

===> START JACKKNIFE REPLICATE NUMBER 746

Creating jackknife alignment (seed: 786472)...
Reading input tree file gl_output_rmq.fasta.raxml.bestTree ...

NOTE: 7 MB RAM (0 GB) is required!
Estimate model parameters (epsilon = 0.010)
1. Initial log-likelihood: -41198.612
2. Current log-likelihood: -41113.494
3. Current log-likelihood: -41113.429
Optimal log-likelihood: -41113.428
Rate parameters:  A-C: 1.00000  A-G: 2.33557  A-T: 1.00000  C-G: 1.00000  C-T: 2.33557  G-T: 1.00000
Base frequencies:  A: 0.283  C: 0.210  G: 0.224  T: 0.282
Parameters optimization took 3 rounds (0.099 sec)
Wrote distance file to... 
BEST SCORE FOUND : -41113.428
Total tree length: 0.022

Total number of iterations: 0
CPU time used for tree search: 0.000 sec (0h:0m:0s)
Wall-clock time used for tree search: 0.000 sec (0h:0m:0s)
Total CPU time used: 389.523 sec (0h:6m:29s)
Total wall-clock time used: 145.592 sec (0h:2m:25s)

===> START JACKKNIFE REPLICATE NUMBER 747

Creating jackknife alignment (seed: 786473)...
Reading input tree file gl_output_rmq.fasta.raxml.bestTree ...

NOTE: 7 MB RAM (0 GB) is required!
Estimate model parameters (epsilon = 0.010)
1. Initial log-likelihood: -40888.498
2. Current log-likelihood: -40782.922
3. Current log-likelihood: -40782.773
4. Current log-likelihood: -40782.760
5. Current log-likelihood: -40782.748
6. Current log-likelihood: -40782.737
7. Current log-likelihood: -40782.727
Optimal log-likelihood: -40782.717
Rate parameters:  A-C: 1.00000  A-G: 2.67482  A-T: 1.00000  C-G: 1.00000  C-T: 2.67482  G-T: 1.00000
Base frequencies:  A: 0.281  C: 0.210  G: 0.225  T: 0.284
Parameters optimization took 7 rounds (0.184 sec)
Wrote distance file to... 
BEST SCORE FOUND : -40782.717
Total tree length: 0.021

Total number of iterations: 0
CPU time used for tree search: 0.000 sec (0h:0m:0s)
Wall-clock time used for tree search: 0.000 sec (0h:0m:0s)
Total CPU time used: 390.210 sec (0h:6m:30s)
Total wall-clock time used: 145.833 sec (0h:2m:25s)

===> START JACKKNIFE REPLICATE NUMBER 748

Creating jackknife alignment (seed: 786474)...
Reading input tree file gl_output_rmq.fasta.raxml.bestTree ...

NOTE: 7 MB RAM (0 GB) is required!
Estimate model parameters (epsilon = 0.010)
1. Initial log-likelihood: -40943.728
2. Current log-likelihood: -40853.358
3. Current log-likelihood: -40853.284
Optimal log-likelihood: -40853.284
Rate parameters:  A-C: 1.00000  A-G: 2.52925  A-T: 1.00000  C-G: 1.00000  C-T: 2.52925  G-T: 1.00000
Base frequencies:  A: 0.282  C: 0.210  G: 0.230  T: 0.279
Parameters optimization took 3 rounds (0.097 sec)
Wrote distance file to... 
BEST SCORE FOUND : -40853.284
Total tree length: 0.021

Total number of iterations: 0
CPU time used for tree search: 0.000 sec (0h:0m:0s)
Wall-clock time used for tree search: 0.000 sec (0h:0m:0s)
Total CPU time used: 390.645 sec (0h:6m:30s)
Total wall-clock time used: 145.991 sec (0h:2m:25s)

===> START JACKKNIFE REPLICATE NUMBER 749

Creating jackknife alignment (seed: 786475)...
Reading input tree file gl_output_rmq.fasta.raxml.bestTree ...

NOTE: 7 MB RAM (0 GB) is required!
Estimate model parameters (epsilon = 0.010)
1. Initial log-likelihood: -40925.602
2. Current log-likelihood: -40856.711
3. Current log-likelihood: -40856.650
Optimal log-likelihood: -40856.650
Rate parameters:  A-C: 1.00000  A-G: 2.06683  A-T: 1.00000  C-G: 1.00000  C-T: 2.06683  G-T: 1.00000
Base frequencies:  A: 0.282  C: 0.211  G: 0.225  T: 0.282
Parameters optimization took 3 rounds (0.091 sec)
Wrote distance file to... 
BEST SCORE FOUND : -40856.650
Total tree length: 0.021

Total number of iterations: 0
CPU time used for tree search: 0.000 sec (0h:0m:0s)
Wall-clock time used for tree search: 0.000 sec (0h:0m:0s)
Total CPU time used: 391.051 sec (0h:6m:31s)
Total wall-clock time used: 146.172 sec (0h:2m:26s)

===> START JACKKNIFE REPLICATE NUMBER 750

Creating jackknife alignment (seed: 786476)...
Reading input tree file gl_output_rmq.fasta.raxml.bestTree ...

NOTE: 7 MB RAM (0 GB) is required!
Estimate model parameters (epsilon = 0.010)
1. Initial log-likelihood: -40784.631
2. Current log-likelihood: -40715.290
3. Current log-likelihood: -40703.551
4. Current log-likelihood: -40664.311
5. Current log-likelihood: -40664.291
Optimal log-likelihood: -40664.289
Rate parameters:  A-C: 1.00000  A-G: 3.21903  A-T: 1.00000  C-G: 1.00000  C-T: 3.21903  G-T: 1.00000
Base frequencies:  A: 0.283  C: 0.210  G: 0.225  T: 0.282
Parameters optimization took 5 rounds (0.158 sec)
Wrote distance file to... 
BEST SCORE FOUND : -40664.289
Total tree length: 0.020

Total number of iterations: 0
CPU time used for tree search: 0.000 sec (0h:0m:0s)
Wall-clock time used for tree search: 0.000 sec (0h:0m:0s)
Total CPU time used: 391.651 sec (0h:6m:31s)
Total wall-clock time used: 146.384 sec (0h:2m:26s)

===> START JACKKNIFE REPLICATE NUMBER 751

Creating jackknife alignment (seed: 786477)...
Reading input tree file gl_output_rmq.fasta.raxml.bestTree ...

NOTE: 7 MB RAM (0 GB) is required!
Estimate model parameters (epsilon = 0.010)
1. Initial log-likelihood: -41275.943
2. Current log-likelihood: -41196.347
3. Current log-likelihood: -41196.325
Optimal log-likelihood: -41196.325
Rate parameters:  A-C: 1.00000  A-G: 2.35345  A-T: 1.00000  C-G: 1.00000  C-T: 2.35345  G-T: 1.00000
Base frequencies:  A: 0.285  C: 0.206  G: 0.228  T: 0.282
Parameters optimization took 3 rounds (0.118 sec)
Wrote distance file to... 
BEST SCORE FOUND : -41196.325
Total tree length: 0.023

Total number of iterations: 0
CPU time used for tree search: 0.000 sec (0h:0m:0s)
Wall-clock time used for tree search: 0.000 sec (0h:0m:0s)
Total CPU time used: 392.139 sec (0h:6m:32s)
Total wall-clock time used: 146.559 sec (0h:2m:26s)

===> START JACKKNIFE REPLICATE NUMBER 752

Creating jackknife alignment (seed: 786478)...
Reading input tree file gl_output_rmq.fasta.raxml.bestTree ...

NOTE: 7 MB RAM (0 GB) is required!
Estimate model parameters (epsilon = 0.010)
1. Initial log-likelihood: -40866.034
2. Current log-likelihood: -40799.814
3. Current log-likelihood: -40799.691
Optimal log-likelihood: -40799.691
Rate parameters:  A-C: 1.00000  A-G: 1.94634  A-T: 1.00000  C-G: 1.00000  C-T: 1.94634  G-T: 1.00000
Base frequencies:  A: 0.283  C: 0.208  G: 0.225  T: 0.283
Parameters optimization took 3 rounds (0.086 sec)
Wrote distance file to... 
BEST SCORE FOUND : -40799.691
Total tree length: 0.021

Total number of iterations: 0
CPU time used for tree search: 0.002 sec (0h:0m:0s)
Wall-clock time used for tree search: 0.000 sec (0h:0m:0s)
Total CPU time used: 392.540 sec (0h:6m:32s)
Total wall-clock time used: 146.705 sec (0h:2m:26s)

===> START JACKKNIFE REPLICATE NUMBER 753

Creating jackknife alignment (seed: 786479)...
Reading input tree file gl_output_rmq.fasta.raxml.bestTree ...

NOTE: 8 MB RAM (0 GB) is required!
Estimate model parameters (epsilon = 0.010)
1. Initial log-likelihood: -41008.809
2. Current log-likelihood: -40909.638
3. Current log-likelihood: -40909.563
4. Current log-likelihood: -40909.539
Optimal log-likelihood: -40909.528
Rate parameters:  A-C: 1.00000  A-G: 2.49779  A-T: 1.00000  C-G: 1.00000  C-T: 2.49779  G-T: 1.00000
Base frequencies:  A: 0.282  C: 0.209  G: 0.227  T: 0.282
Parameters optimization took 4 rounds (0.111 sec)
Wrote distance file to... 
BEST SCORE FOUND : -40909.528
Total tree length: 0.022

Total number of iterations: 0
CPU time used for tree search: 0.000 sec (0h:0m:0s)
Wall-clock time used for tree search: 0.000 sec (0h:0m:0s)
Total CPU time used: 393.004 sec (0h:6m:33s)
Total wall-clock time used: 146.872 sec (0h:2m:26s)

===> START JACKKNIFE REPLICATE NUMBER 754

Creating jackknife alignment (seed: 786480)...
Reading input tree file gl_output_rmq.fasta.raxml.bestTree ...

NOTE: 7 MB RAM (0 GB) is required!
Estimate model parameters (epsilon = 0.010)
1. Initial log-likelihood: -41166.232
2. Current log-likelihood: -41078.567
3. Current log-likelihood: -41078.370
Optimal log-likelihood: -41078.370
Rate parameters:  A-C: 1.00000  A-G: 2.37522  A-T: 1.00000  C-G: 1.00000  C-T: 2.37522  G-T: 1.00000
Base frequencies:  A: 0.285  C: 0.210  G: 0.225  T: 0.280
Parameters optimization took 3 rounds (0.109 sec)
Wrote distance file to... 
BEST SCORE FOUND : -41078.370
Total tree length: 0.022

Total number of iterations: 0
CPU time used for tree search: 0.000 sec (0h:0m:0s)
Wall-clock time used for tree search: 0.000 sec (0h:0m:0s)
Total CPU time used: 393.465 sec (0h:6m:33s)
Total wall-clock time used: 147.037 sec (0h:2m:27s)

===> START JACKKNIFE REPLICATE NUMBER 755

Creating jackknife alignment (seed: 786481)...
Reading input tree file gl_output_rmq.fasta.raxml.bestTree ...

NOTE: 7 MB RAM (0 GB) is required!
Estimate model parameters (epsilon = 0.010)
1. Initial log-likelihood: -41053.673
2. Current log-likelihood: -40967.022
3. Current log-likelihood: -40966.985
Optimal log-likelihood: -40966.984
Rate parameters:  A-C: 1.00000  A-G: 2.38852  A-T: 1.00000  C-G: 1.00000  C-T: 2.38852  G-T: 1.00000
Base frequencies:  A: 0.283  C: 0.211  G: 0.223  T: 0.283
Parameters optimization took 3 rounds (0.096 sec)
Wrote distance file to... 
BEST SCORE FOUND : -40966.984
Total tree length: 0.022

Total number of iterations: 0
CPU time used for tree search: 0.000 sec (0h:0m:0s)
Wall-clock time used for tree search: 0.000 sec (0h:0m:0s)
Total CPU time used: 393.897 sec (0h:6m:33s)
Total wall-clock time used: 147.197 sec (0h:2m:27s)

===> START JACKKNIFE REPLICATE NUMBER 756

Creating jackknife alignment (seed: 786482)...
Reading input tree file gl_output_rmq.fasta.raxml.bestTree ...

NOTE: 7 MB RAM (0 GB) is required!
Estimate model parameters (epsilon = 0.010)
1. Initial log-likelihood: -40819.289
2. Current log-likelihood: -40720.257
3. Current log-likelihood: -40720.038
Optimal log-likelihood: -40720.033
Rate parameters:  A-C: 1.00000  A-G: 2.63307  A-T: 1.00000  C-G: 1.00000  C-T: 2.63307  G-T: 1.00000
Base frequencies:  A: 0.280  C: 0.211  G: 0.225  T: 0.283
Parameters optimization took 3 rounds (0.117 sec)
Wrote distance file to... 
BEST SCORE FOUND : -40720.033
Total tree length: 0.021

Total number of iterations: 0
CPU time used for tree search: 0.000 sec (0h:0m:0s)
Wall-clock time used for tree search: 0.000 sec (0h:0m:0s)
Total CPU time used: 394.383 sec (0h:6m:34s)
Total wall-clock time used: 147.372 sec (0h:2m:27s)

===> START JACKKNIFE REPLICATE NUMBER 757

Creating jackknife alignment (seed: 786483)...
Reading input tree file gl_output_rmq.fasta.raxml.bestTree ...

NOTE: 8 MB RAM (0 GB) is required!
Estimate model parameters (epsilon = 0.010)
1. Initial log-likelihood: -41262.974
2. Current log-likelihood: -41171.453
3. Current log-likelihood: -41171.344
Optimal log-likelihood: -41171.340
Rate parameters:  A-C: 1.00000  A-G: 2.48037  A-T: 1.00000  C-G: 1.00000  C-T: 2.48037  G-T: 1.00000
Base frequencies:  A: 0.284  C: 0.207  G: 0.229  T: 0.281
Parameters optimization took 3 rounds (0.116 sec)
Wrote distance file to... 
BEST SCORE FOUND : -41171.340
Total tree length: 0.023

Total number of iterations: 0
CPU time used for tree search: 0.000 sec (0h:0m:0s)
Wall-clock time used for tree search: 0.000 sec (0h:0m:0s)
Total CPU time used: 394.866 sec (0h:6m:34s)
Total wall-clock time used: 147.550 sec (0h:2m:27s)

===> START JACKKNIFE REPLICATE NUMBER 758

Creating jackknife alignment (seed: 786484)...
Reading input tree file gl_output_rmq.fasta.raxml.bestTree ...

NOTE: 8 MB RAM (0 GB) is required!
Estimate model parameters (epsilon = 0.010)
1. Initial log-likelihood: -40985.167
2. Current log-likelihood: -40889.290
3. Current log-likelihood: -40889.112
Optimal log-likelihood: -40889.110
Rate parameters:  A-C: 1.00000  A-G: 2.59770  A-T: 1.00000  C-G: 1.00000  C-T: 2.59770  G-T: 1.00000
Base frequencies:  A: 0.281  C: 0.210  G: 0.227  T: 0.281
Parameters optimization took 3 rounds (0.115 sec)
Wrote distance file to... 
BEST SCORE FOUND : -40889.110
Total tree length: 0.021

Total number of iterations: 0
CPU time used for tree search: 0.000 sec (0h:0m:0s)
Wall-clock time used for tree search: 0.000 sec (0h:0m:0s)
Total CPU time used: 395.348 sec (0h:6m:35s)
Total wall-clock time used: 147.722 sec (0h:2m:27s)

===> START JACKKNIFE REPLICATE NUMBER 759

Creating jackknife alignment (seed: 786485)...
Reading input tree file gl_output_rmq.fasta.raxml.bestTree ...

NOTE: 7 MB RAM (0 GB) is required!
Estimate model parameters (epsilon = 0.010)
1. Initial log-likelihood: -40851.154
2. Current log-likelihood: -40753.453
3. Current log-likelihood: -40752.939
4. Current log-likelihood: -40752.929
Optimal log-likelihood: -40752.914
Rate parameters:  A-C: 1.00000  A-G: 2.66989  A-T: 1.00000  C-G: 1.00000  C-T: 2.66989  G-T: 1.00000
Base frequencies:  A: 0.284  C: 0.210  G: 0.224  T: 0.282
Parameters optimization took 4 rounds (0.117 sec)
Wrote distance file to... 
BEST SCORE FOUND : -40752.914
Total tree length: 0.021

Total number of iterations: 0
CPU time used for tree search: 0.000 sec (0h:0m:0s)
Wall-clock time used for tree search: 0.000 sec (0h:0m:0s)
Total CPU time used: 395.831 sec (0h:6m:35s)
Total wall-clock time used: 147.895 sec (0h:2m:27s)

===> START JACKKNIFE REPLICATE NUMBER 760

Creating jackknife alignment (seed: 786486)...
Reading input tree file gl_output_rmq.fasta.raxml.bestTree ...

NOTE: 7 MB RAM (0 GB) is required!
Estimate model parameters (epsilon = 0.010)
1. Initial log-likelihood: -41004.002
2. Current log-likelihood: -40917.365
3. Current log-likelihood: -40917.338
Optimal log-likelihood: -40917.338
Rate parameters:  A-C: 1.00000  A-G: 2.42255  A-T: 1.00000  C-G: 1.00000  C-T: 2.42255  G-T: 1.00000
Base frequencies:  A: 0.284  C: 0.209  G: 0.227  T: 0.281
Parameters optimization took 3 rounds (0.100 sec)
Wrote distance file to... 
BEST SCORE FOUND : -40917.338
Total tree length: 0.021

Total number of iterations: 0
CPU time used for tree search: 0.000 sec (0h:0m:0s)
Wall-clock time used for tree search: 0.000 sec (0h:0m:0s)
Total CPU time used: 396.263 sec (0h:6m:36s)
Total wall-clock time used: 148.050 sec (0h:2m:28s)

===> START JACKKNIFE REPLICATE NUMBER 761

Creating jackknife alignment (seed: 786487)...
Reading input tree file gl_output_rmq.fasta.raxml.bestTree ...

NOTE: 7 MB RAM (0 GB) is required!
Estimate model parameters (epsilon = 0.010)
1. Initial log-likelihood: -41311.575
2. Current log-likelihood: -41221.944
3. Current log-likelihood: -41221.872
Optimal log-likelihood: -41221.869
Rate parameters:  A-C: 1.00000  A-G: 2.42513  A-T: 1.00000  C-G: 1.00000  C-T: 2.42513  G-T: 1.00000
Base frequencies:  A: 0.281  C: 0.214  G: 0.220  T: 0.285
Parameters optimization took 3 rounds (0.085 sec)
Wrote distance file to... 
BEST SCORE FOUND : -41221.869
Total tree length: 0.023

Total number of iterations: 0
CPU time used for tree search: 0.000 sec (0h:0m:0s)
Wall-clock time used for tree search: 0.000 sec (0h:0m:0s)
Total CPU time used: 396.651 sec (0h:6m:36s)
Total wall-clock time used: 148.191 sec (0h:2m:28s)

===> START JACKKNIFE REPLICATE NUMBER 762

Creating jackknife alignment (seed: 786488)...
Reading input tree file gl_output_rmq.fasta.raxml.bestTree ...

NOTE: 7 MB RAM (0 GB) is required!
Estimate model parameters (epsilon = 0.010)
1. Initial log-likelihood: -40916.561
2. Current log-likelihood: -40816.968
3. Current log-likelihood: -40816.915
Optimal log-likelihood: -40816.910
Rate parameters:  A-C: 1.00000  A-G: 2.69831  A-T: 1.00000  C-G: 1.00000  C-T: 2.69831  G-T: 1.00000
Base frequencies:  A: 0.282  C: 0.210  G: 0.229  T: 0.280
Parameters optimization took 3 rounds (0.098 sec)
Wrote distance file to... 
BEST SCORE FOUND : -40816.910
Total tree length: 0.021

Total number of iterations: 0
CPU time used for tree search: 0.000 sec (0h:0m:0s)
Wall-clock time used for tree search: 0.000 sec (0h:0m:0s)
Total CPU time used: 397.075 sec (0h:6m:37s)
Total wall-clock time used: 148.344 sec (0h:2m:28s)

===> START JACKKNIFE REPLICATE NUMBER 763

Creating jackknife alignment (seed: 786489)...
Reading input tree file gl_output_rmq.fasta.raxml.bestTree ...

NOTE: 7 MB RAM (0 GB) is required!
Estimate model parameters (epsilon = 0.010)
1. Initial log-likelihood: -40820.987
2. Current log-likelihood: -40767.979
3. Current log-likelihood: -40752.715
4. Current log-likelihood: -40709.932
Optimal log-likelihood: -40709.927
Rate parameters:  A-C: 1.00000  A-G: 2.94843  A-T: 1.00000  C-G: 1.00000  C-T: 2.94843  G-T: 1.00000
Base frequencies:  A: 0.282  C: 0.212  G: 0.227  T: 0.279
Parameters optimization took 4 rounds (0.154 sec)
Wrote distance file to... 
BEST SCORE FOUND : -40709.927
Total tree length: 0.021

Total number of iterations: 0
CPU time used for tree search: 0.000 sec (0h:0m:0s)
Wall-clock time used for tree search: 0.000 sec (0h:0m:0s)
Total CPU time used: 397.666 sec (0h:6m:37s)
Total wall-clock time used: 148.553 sec (0h:2m:28s)

===> START JACKKNIFE REPLICATE NUMBER 764

Creating jackknife alignment (seed: 786490)...
Reading input tree file gl_output_rmq.fasta.raxml.bestTree ...

NOTE: 7 MB RAM (0 GB) is required!
Estimate model parameters (epsilon = 0.010)
1. Initial log-likelihood: -40829.215
2. Current log-likelihood: -40739.121
3. Current log-likelihood: -40738.853
Optimal log-likelihood: -40738.851
Rate parameters:  A-C: 1.00000  A-G: 2.53823  A-T: 1.00000  C-G: 1.00000  C-T: 2.53823  G-T: 1.00000
Base frequencies:  A: 0.281  C: 0.210  G: 0.226  T: 0.282
Parameters optimization took 3 rounds (0.102 sec)
Wrote distance file to... 
BEST SCORE FOUND : -40738.851
Total tree length: 0.020

Total number of iterations: 0
CPU time used for tree search: 0.000 sec (0h:0m:0s)
Wall-clock time used for tree search: 0.000 sec (0h:0m:0s)
Total CPU time used: 398.102 sec (0h:6m:38s)
Total wall-clock time used: 148.711 sec (0h:2m:28s)

===> START JACKKNIFE REPLICATE NUMBER 765

Creating jackknife alignment (seed: 786491)...
Reading input tree file gl_output_rmq.fasta.raxml.bestTree ...

NOTE: 8 MB RAM (0 GB) is required!
Estimate model parameters (epsilon = 0.010)
1. Initial log-likelihood: -41313.223
2. Current log-likelihood: -41208.888
3. Current log-likelihood: -41208.509
Optimal log-likelihood: -41208.508
Rate parameters:  A-C: 1.00000  A-G: 2.83022  A-T: 1.00000  C-G: 1.00000  C-T: 2.83022  G-T: 1.00000
Base frequencies:  A: 0.285  C: 0.207  G: 0.231  T: 0.277
Parameters optimization took 3 rounds (0.115 sec)
Wrote distance file to... 
BEST SCORE FOUND : -41208.508
Total tree length: 0.023

Total number of iterations: 0
CPU time used for tree search: 0.000 sec (0h:0m:0s)
Wall-clock time used for tree search: 0.000 sec (0h:0m:0s)
Total CPU time used: 398.583 sec (0h:6m:38s)
Total wall-clock time used: 148.884 sec (0h:2m:28s)

===> START JACKKNIFE REPLICATE NUMBER 766

Creating jackknife alignment (seed: 786492)...
Reading input tree file gl_output_rmq.fasta.raxml.bestTree ...

NOTE: 7 MB RAM (0 GB) is required!
Estimate model parameters (epsilon = 0.010)
1. Initial log-likelihood: -41161.709
2. Current log-likelihood: -41091.620
3. Current log-likelihood: -41091.481
Optimal log-likelihood: -41091.481
Rate parameters:  A-C: 1.00000  A-G: 2.13449  A-T: 1.00000  C-G: 1.00000  C-T: 2.13449  G-T: 1.00000
Base frequencies:  A: 0.276  C: 0.214  G: 0.227  T: 0.283
Parameters optimization took 3 rounds (0.108 sec)
Wrote distance file to... 
BEST SCORE FOUND : -41091.481
Total tree length: 0.022

Total number of iterations: 0
CPU time used for tree search: 0.000 sec (0h:0m:0s)
Wall-clock time used for tree search: 0.000 sec (0h:0m:0s)
Total CPU time used: 399.049 sec (0h:6m:39s)
Total wall-clock time used: 149.053 sec (0h:2m:29s)

===> START JACKKNIFE REPLICATE NUMBER 767

Creating jackknife alignment (seed: 786493)...
Reading input tree file gl_output_rmq.fasta.raxml.bestTree ...

NOTE: 7 MB RAM (0 GB) is required!
Estimate model parameters (epsilon = 0.010)
1. Initial log-likelihood: -40729.964
2. Current log-likelihood: -40631.317
3. Current log-likelihood: -40631.250
Optimal log-likelihood: -40631.247
Rate parameters:  A-C: 1.00000  A-G: 2.65501  A-T: 1.00000  C-G: 1.00000  C-T: 2.65501  G-T: 1.00000
Base frequencies:  A: 0.285  C: 0.209  G: 0.226  T: 0.280
Parameters optimization took 3 rounds (0.091 sec)
Wrote distance file to... 
BEST SCORE FOUND : -40631.247
Total tree length: 0.020

Total number of iterations: 0
CPU time used for tree search: 0.000 sec (0h:0m:0s)
Wall-clock time used for tree search: 0.000 sec (0h:0m:0s)
Total CPU time used: 399.458 sec (0h:6m:39s)
Total wall-clock time used: 149.202 sec (0h:2m:29s)

===> START JACKKNIFE REPLICATE NUMBER 768

Creating jackknife alignment (seed: 786494)...
Reading input tree file gl_output_rmq.fasta.raxml.bestTree ...

NOTE: 8 MB RAM (0 GB) is required!
Estimate model parameters (epsilon = 0.010)
1. Initial log-likelihood: -41371.085
2. Current log-likelihood: -41274.865
3. Current log-likelihood: -41274.720
Optimal log-likelihood: -41274.703
Rate parameters:  A-C: 1.00000  A-G: 2.65128  A-T: 1.00000  C-G: 1.00000  C-T: 2.65128  G-T: 1.00000
Base frequencies:  A: 0.283  C: 0.211  G: 0.227  T: 0.280
Parameters optimization took 3 rounds (0.087 sec)
Wrote distance file to... 
BEST SCORE FOUND : -41274.703
Total tree length: 0.023

Total number of iterations: 0
CPU time used for tree search: 0.000 sec (0h:0m:0s)
Wall-clock time used for tree search: 0.000 sec (0h:0m:0s)
Total CPU time used: 399.851 sec (0h:6m:39s)
Total wall-clock time used: 149.345 sec (0h:2m:29s)

===> START JACKKNIFE REPLICATE NUMBER 769

Creating jackknife alignment (seed: 786495)...
Reading input tree file gl_output_rmq.fasta.raxml.bestTree ...

NOTE: 7 MB RAM (0 GB) is required!
Estimate model parameters (epsilon = 0.010)
1. Initial log-likelihood: -40792.907
2. Current log-likelihood: -40712.365
Optimal log-likelihood: -40712.357
Rate parameters:  A-C: 1.00000  A-G: 2.28152  A-T: 1.00000  C-G: 1.00000  C-T: 2.28152  G-T: 1.00000
Base frequencies:  A: 0.285  C: 0.206  G: 0.223  T: 0.285
Parameters optimization took 2 rounds (0.072 sec)
Wrote distance file to... 
BEST SCORE FOUND : -40712.357
Total tree length: 0.021

Total number of iterations: 0
CPU time used for tree search: 0.000 sec (0h:0m:0s)
Wall-clock time used for tree search: 0.000 sec (0h:0m:0s)
Total CPU time used: 400.200 sec (0h:6m:40s)
Total wall-clock time used: 149.473 sec (0h:2m:29s)

===> START JACKKNIFE REPLICATE NUMBER 770

Creating jackknife alignment (seed: 786496)...
Reading input tree file gl_output_rmq.fasta.raxml.bestTree ...

NOTE: 7 MB RAM (0 GB) is required!
Estimate model parameters (epsilon = 0.010)
1. Initial log-likelihood: -41251.909
2. Current log-likelihood: -41174.446
3. Current log-likelihood: -41174.255
Optimal log-likelihood: -41174.255
Rate parameters:  A-C: 1.00000  A-G: 2.15720  A-T: 1.00000  C-G: 1.00000  C-T: 2.15720  G-T: 1.00000
Base frequencies:  A: 0.286  C: 0.212  G: 0.226  T: 0.277
Parameters optimization took 3 rounds (0.107 sec)
Wrote distance file to... 
BEST SCORE FOUND : -41174.255
Total tree length: 0.022

Total number of iterations: 0
CPU time used for tree search: 0.000 sec (0h:0m:0s)
Wall-clock time used for tree search: 0.000 sec (0h:0m:0s)
Total CPU time used: 400.656 sec (0h:6m:40s)
Total wall-clock time used: 149.643 sec (0h:2m:29s)

===> START JACKKNIFE REPLICATE NUMBER 771

Creating jackknife alignment (seed: 786497)...
Reading input tree file gl_output_rmq.fasta.raxml.bestTree ...

NOTE: 7 MB RAM (0 GB) is required!
Estimate model parameters (epsilon = 0.010)
1. Initial log-likelihood: -40817.718
2. Current log-likelihood: -40741.650
3. Current log-likelihood: -40741.616
Optimal log-likelihood: -40741.615
Rate parameters:  A-C: 1.00000  A-G: 2.02009  A-T: 1.00000  C-G: 1.00000  C-T: 2.02009  G-T: 1.00000
Base frequencies:  A: 0.283  C: 0.208  G: 0.225  T: 0.284
Parameters optimization took 3 rounds (0.082 sec)
Wrote distance file to... 
BEST SCORE FOUND : -40741.615
Total tree length: 0.021

Total number of iterations: 0
CPU time used for tree search: 0.000 sec (0h:0m:0s)
Wall-clock time used for tree search: 0.000 sec (0h:0m:0s)
Total CPU time used: 401.033 sec (0h:6m:41s)
Total wall-clock time used: 149.781 sec (0h:2m:29s)

===> START JACKKNIFE REPLICATE NUMBER 772

Creating jackknife alignment (seed: 786498)...
Reading input tree file gl_output_rmq.fasta.raxml.bestTree ...

NOTE: 7 MB RAM (0 GB) is required!
Estimate model parameters (epsilon = 0.010)
1. Initial log-likelihood: -40883.657
2. Current log-likelihood: -40795.567
3. Current log-likelihood: -40795.543
Optimal log-likelihood: -40795.541
Rate parameters:  A-C: 1.00000  A-G: 2.36649  A-T: 1.00000  C-G: 1.00000  C-T: 2.36649  G-T: 1.00000
Base frequencies:  A: 0.284  C: 0.211  G: 0.226  T: 0.280
Parameters optimization took 3 rounds (0.095 sec)
Wrote distance file to... 
BEST SCORE FOUND : -40795.541
Total tree length: 0.021

Total number of iterations: 0
CPU time used for tree search: 0.000 sec (0h:0m:0s)
Wall-clock time used for tree search: 0.000 sec (0h:0m:0s)
Total CPU time used: 401.463 sec (0h:6m:41s)
Total wall-clock time used: 149.937 sec (0h:2m:29s)

===> START JACKKNIFE REPLICATE NUMBER 773

Creating jackknife alignment (seed: 786499)...
Reading input tree file gl_output_rmq.fasta.raxml.bestTree ...

NOTE: 7 MB RAM (0 GB) is required!
Estimate model parameters (epsilon = 0.010)
1. Initial log-likelihood: -41110.325
2. Current log-likelihood: -41049.314
3. Current log-likelihood: -41032.608
4. Current log-likelihood: -40988.581
5. Current log-likelihood: -40988.545
Optimal log-likelihood: -40988.540
Rate parameters:  A-C: 1.00000  A-G: 3.02200  A-T: 1.00000  C-G: 1.00000  C-T: 3.02200  G-T: 1.00000
Base frequencies:  A: 0.284  C: 0.205  G: 0.227  T: 0.284
Parameters optimization took 5 rounds (0.146 sec)
Wrote distance file to... 
BEST SCORE FOUND : -40988.540
Total tree length: 0.022

Total number of iterations: 0
CPU time used for tree search: 0.000 sec (0h:0m:0s)
Wall-clock time used for tree search: 0.000 sec (0h:0m:0s)
Total CPU time used: 402.030 sec (0h:6m:42s)
Total wall-clock time used: 150.141 sec (0h:2m:30s)

===> START JACKKNIFE REPLICATE NUMBER 774

Creating jackknife alignment (seed: 786500)...
Reading input tree file gl_output_rmq.fasta.raxml.bestTree ...

NOTE: 7 MB RAM (0 GB) is required!
Estimate model parameters (epsilon = 0.010)
1. Initial log-likelihood: -40915.690
2. Current log-likelihood: -40834.582
3. Current log-likelihood: -40834.494
Optimal log-likelihood: -40834.494
Rate parameters:  A-C: 1.00000  A-G: 2.37931  A-T: 1.00000  C-G: 1.00000  C-T: 2.37931  G-T: 1.00000
Base frequencies:  A: 0.280  C: 0.212  G: 0.225  T: 0.283
Parameters optimization took 3 rounds (0.105 sec)
Wrote distance file to... 
BEST SCORE FOUND : -40834.494
Total tree length: 0.021

Total number of iterations: 0
CPU time used for tree search: 0.000 sec (0h:0m:0s)
Wall-clock time used for tree search: 0.000 sec (0h:0m:0s)
Total CPU time used: 402.475 sec (0h:6m:42s)
Total wall-clock time used: 150.302 sec (0h:2m:30s)

===> START JACKKNIFE REPLICATE NUMBER 775

Creating jackknife alignment (seed: 786501)...
Reading input tree file gl_output_rmq.fasta.raxml.bestTree ...

NOTE: 7 MB RAM (0 GB) is required!
Estimate model parameters (epsilon = 0.010)
1. Initial log-likelihood: -40962.568
2. Current log-likelihood: -40878.733
3. Current log-likelihood: -40878.618
Optimal log-likelihood: -40878.618
Rate parameters:  A-C: 1.00000  A-G: 2.33085  A-T: 1.00000  C-G: 1.00000  C-T: 2.33085  G-T: 1.00000
Base frequencies:  A: 0.282  C: 0.213  G: 0.227  T: 0.278
Parameters optimization took 3 rounds (0.103 sec)
Wrote distance file to... 
BEST SCORE FOUND : -40878.618
Total tree length: 0.021

Total number of iterations: 0
CPU time used for tree search: 0.000 sec (0h:0m:0s)
Wall-clock time used for tree search: 0.000 sec (0h:0m:0s)
Total CPU time used: 402.923 sec (0h:6m:42s)
Total wall-clock time used: 150.464 sec (0h:2m:30s)

===> START JACKKNIFE REPLICATE NUMBER 776

Creating jackknife alignment (seed: 786502)...
Reading input tree file gl_output_rmq.fasta.raxml.bestTree ...

NOTE: 7 MB RAM (0 GB) is required!
Estimate model parameters (epsilon = 0.010)
1. Initial log-likelihood: -40874.972
2. Current log-likelihood: -40778.110
Optimal log-likelihood: -40778.103
Rate parameters:  A-C: 1.00000  A-G: 2.48267  A-T: 1.00000  C-G: 1.00000  C-T: 2.48267  G-T: 1.00000
Base frequencies:  A: 0.280  C: 0.213  G: 0.225  T: 0.282
Parameters optimization took 2 rounds (0.073 sec)
Wrote distance file to... 
BEST SCORE FOUND : -40778.103
Total tree length: 0.021

Total number of iterations: 0
CPU time used for tree search: 0.000 sec (0h:0m:0s)
Wall-clock time used for tree search: 0.000 sec (0h:0m:0s)
Total CPU time used: 403.273 sec (0h:6m:43s)
Total wall-clock time used: 150.593 sec (0h:2m:30s)

===> START JACKKNIFE REPLICATE NUMBER 777

Creating jackknife alignment (seed: 786503)...
Reading input tree file gl_output_rmq.fasta.raxml.bestTree ...

NOTE: 7 MB RAM (0 GB) is required!
Estimate model parameters (epsilon = 0.010)
1. Initial log-likelihood: -40881.788
2. Current log-likelihood: -40803.839
3. Current log-likelihood: -40803.816
Optimal log-likelihood: -40803.812
Rate parameters:  A-C: 1.00000  A-G: 2.34210  A-T: 1.00000  C-G: 1.00000  C-T: 2.34210  G-T: 1.00000
Base frequencies:  A: 0.281  C: 0.210  G: 0.228  T: 0.280
Parameters optimization took 3 rounds (0.077 sec)
Wrote distance file to... 
BEST SCORE FOUND : -40803.812
Total tree length: 0.021

Total number of iterations: 0
CPU time used for tree search: 0.000 sec (0h:0m:0s)
Wall-clock time used for tree search: 0.000 sec (0h:0m:0s)
Total CPU time used: 403.635 sec (0h:6m:43s)
Total wall-clock time used: 150.724 sec (0h:2m:30s)

===> START JACKKNIFE REPLICATE NUMBER 778

Creating jackknife alignment (seed: 786504)...
Reading input tree file gl_output_rmq.fasta.raxml.bestTree ...

NOTE: 7 MB RAM (0 GB) is required!
Estimate model parameters (epsilon = 0.010)
1. Initial log-likelihood: -41246.195
2. Current log-likelihood: -41171.347
3. Current log-likelihood: -41171.256
Optimal log-likelihood: -41171.252
Rate parameters:  A-C: 1.00000  A-G: 2.24788  A-T: 1.00000  C-G: 1.00000  C-T: 2.24788  G-T: 1.00000
Base frequencies:  A: 0.285  C: 0.212  G: 0.225  T: 0.277
Parameters optimization took 3 rounds (0.103 sec)
Wrote distance file to... 
BEST SCORE FOUND : -41171.252
Total tree length: 0.022

Total number of iterations: 0
CPU time used for tree search: 0.000 sec (0h:0m:0s)
Wall-clock time used for tree search: 0.000 sec (0h:0m:0s)
Total CPU time used: 404.072 sec (0h:6m:44s)
Total wall-clock time used: 150.887 sec (0h:2m:30s)

===> START JACKKNIFE REPLICATE NUMBER 779

Creating jackknife alignment (seed: 786505)...
Reading input tree file gl_output_rmq.fasta.raxml.bestTree ...

NOTE: 7 MB RAM (0 GB) is required!
Estimate model parameters (epsilon = 0.010)
1. Initial log-likelihood: -41126.388
2. Current log-likelihood: -41057.602
3. Current log-likelihood: -41056.736
Optimal log-likelihood: -41056.736
Rate parameters:  A-C: 1.00000  A-G: 2.06688  A-T: 1.00000  C-G: 1.00000  C-T: 2.06688  G-T: 1.00000
Base frequencies:  A: 0.282  C: 0.208  G: 0.227  T: 0.283
Parameters optimization took 3 rounds (0.096 sec)
Wrote distance file to... 
BEST SCORE FOUND : -41056.736
Total tree length: 0.022

Total number of iterations: 0
CPU time used for tree search: 0.000 sec (0h:0m:0s)
Wall-clock time used for tree search: 0.000 sec (0h:0m:0s)
Total CPU time used: 404.496 sec (0h:6m:44s)
Total wall-clock time used: 151.040 sec (0h:2m:31s)

===> START JACKKNIFE REPLICATE NUMBER 780

Creating jackknife alignment (seed: 786506)...
Reading input tree file gl_output_rmq.fasta.raxml.bestTree ...

NOTE: 7 MB RAM (0 GB) is required!
Estimate model parameters (epsilon = 0.010)
1. Initial log-likelihood: -41010.788
2. Current log-likelihood: -40928.044
3. Current log-likelihood: -40927.954
Optimal log-likelihood: -40927.954
Rate parameters:  A-C: 1.00000  A-G: 2.43905  A-T: 1.00000  C-G: 1.00000  C-T: 2.43905  G-T: 1.00000
Base frequencies:  A: 0.286  C: 0.208  G: 0.227  T: 0.279
Parameters optimization took 3 rounds (0.090 sec)
Wrote distance file to... 
BEST SCORE FOUND : -40927.954
Total tree length: 0.022

Total number of iterations: 0
CPU time used for tree search: 0.000 sec (0h:0m:0s)
Wall-clock time used for tree search: 0.000 sec (0h:0m:0s)
Total CPU time used: 404.898 sec (0h:6m:44s)
Total wall-clock time used: 151.188 sec (0h:2m:31s)

===> START JACKKNIFE REPLICATE NUMBER 781

Creating jackknife alignment (seed: 786507)...
Reading input tree file gl_output_rmq.fasta.raxml.bestTree ...

NOTE: 7 MB RAM (0 GB) is required!
Estimate model parameters (epsilon = 0.010)
1. Initial log-likelihood: -41048.971
2. Current log-likelihood: -40970.844
3. Current log-likelihood: -40970.732
Optimal log-likelihood: -40970.716
Rate parameters:  A-C: 1.00000  A-G: 2.28771  A-T: 1.00000  C-G: 1.00000  C-T: 2.28771  G-T: 1.00000
Base frequencies:  A: 0.281  C: 0.209  G: 0.229  T: 0.281
Parameters optimization took 3 rounds (0.089 sec)
Wrote distance file to... 
BEST SCORE FOUND : -40970.716
Total tree length: 0.021

Total number of iterations: 0
CPU time used for tree search: 0.000 sec (0h:0m:0s)
Wall-clock time used for tree search: 0.000 sec (0h:0m:0s)
Total CPU time used: 405.296 sec (0h:6m:45s)
Total wall-clock time used: 151.333 sec (0h:2m:31s)

===> START JACKKNIFE REPLICATE NUMBER 782

Creating jackknife alignment (seed: 786508)...
Reading input tree file gl_output_rmq.fasta.raxml.bestTree ...

NOTE: 7 MB RAM (0 GB) is required!
Estimate model parameters (epsilon = 0.010)
1. Initial log-likelihood: -40878.522
2. Current log-likelihood: -40791.539
3. Current log-likelihood: -40791.427
Optimal log-likelihood: -40791.427
Rate parameters:  A-C: 1.00000  A-G: 2.43490  A-T: 1.00000  C-G: 1.00000  C-T: 2.43490  G-T: 1.00000
Base frequencies:  A: 0.285  C: 0.211  G: 0.226  T: 0.277
Parameters optimization took 3 rounds (0.102 sec)
Wrote distance file to... 
BEST SCORE FOUND : -40791.427
Total tree length: 0.021

Total number of iterations: 0
CPU time used for tree search: 0.000 sec (0h:0m:0s)
Wall-clock time used for tree search: 0.000 sec (0h:0m:0s)
Total CPU time used: 405.729 sec (0h:6m:45s)
Total wall-clock time used: 151.489 sec (0h:2m:31s)

===> START JACKKNIFE REPLICATE NUMBER 783

Creating jackknife alignment (seed: 786509)...
Reading input tree file gl_output_rmq.fasta.raxml.bestTree ...

NOTE: 7 MB RAM (0 GB) is required!
Estimate model parameters (epsilon = 0.010)
1. Initial log-likelihood: -40913.607
2. Current log-likelihood: -40802.334
3. Current log-likelihood: -40802.191
Optimal log-likelihood: -40802.186
Rate parameters:  A-C: 1.00000  A-G: 2.82518  A-T: 1.00000  C-G: 1.00000  C-T: 2.82518  G-T: 1.00000
Base frequencies:  A: 0.281  C: 0.212  G: 0.226  T: 0.281
Parameters optimization took 3 rounds (0.088 sec)
Wrote distance file to... 
BEST SCORE FOUND : -40802.186
Total tree length: 0.021

Total number of iterations: 0
CPU time used for tree search: 0.000 sec (0h:0m:0s)
Wall-clock time used for tree search: 0.000 sec (0h:0m:0s)
Total CPU time used: 406.124 sec (0h:6m:46s)
Total wall-clock time used: 151.633 sec (0h:2m:31s)

===> START JACKKNIFE REPLICATE NUMBER 784

Creating jackknife alignment (seed: 786510)...
Reading input tree file gl_output_rmq.fasta.raxml.bestTree ...

NOTE: 7 MB RAM (0 GB) is required!
Estimate model parameters (epsilon = 0.010)
1. Initial log-likelihood: -41212.567
2. Current log-likelihood: -41125.825
3. Current log-likelihood: -41125.708
Optimal log-likelihood: -41125.696
Rate parameters:  A-C: 1.00000  A-G: 2.45400  A-T: 1.00000  C-G: 1.00000  C-T: 2.45400  G-T: 1.00000
Base frequencies:  A: 0.279  C: 0.207  G: 0.227  T: 0.286
Parameters optimization took 3 rounds (0.092 sec)
Wrote distance file to... 
BEST SCORE FOUND : -41125.696
Total tree length: 0.022

Total number of iterations: 0
CPU time used for tree search: 0.000 sec (0h:0m:0s)
Wall-clock time used for tree search: 0.000 sec (0h:0m:0s)
Total CPU time used: 406.528 sec (0h:6m:46s)
Total wall-clock time used: 151.781 sec (0h:2m:31s)

===> START JACKKNIFE REPLICATE NUMBER 785

Creating jackknife alignment (seed: 786511)...
Reading input tree file gl_output_rmq.fasta.raxml.bestTree ...

NOTE: 8 MB RAM (0 GB) is required!
Estimate model parameters (epsilon = 0.010)
1. Initial log-likelihood: -41346.849
2. Current log-likelihood: -41248.887
3. Current log-likelihood: -41248.862
Optimal log-likelihood: -41248.862
Rate parameters:  A-C: 1.00000  A-G: 2.55183  A-T: 1.00000  C-G: 1.00000  C-T: 2.55183  G-T: 1.00000
Base frequencies:  A: 0.284  C: 0.207  G: 0.228  T: 0.282
Parameters optimization took 3 rounds (0.085 sec)
Wrote distance file to... 
BEST SCORE FOUND : -41248.862
Total tree length: 0.023

Total number of iterations: 0
CPU time used for tree search: 0.000 sec (0h:0m:0s)
Wall-clock time used for tree search: 0.000 sec (0h:0m:0s)
Total CPU time used: 406.918 sec (0h:6m:46s)
Total wall-clock time used: 151.923 sec (0h:2m:31s)

===> START JACKKNIFE REPLICATE NUMBER 786

Creating jackknife alignment (seed: 786512)...
Reading input tree file gl_output_rmq.fasta.raxml.bestTree ...

NOTE: 7 MB RAM (0 GB) is required!
Estimate model parameters (epsilon = 0.010)
1. Initial log-likelihood: -40621.883
2. Current log-likelihood: -40539.080
3. Current log-likelihood: -40539.003
Optimal log-likelihood: -40539.000
Rate parameters:  A-C: 1.00000  A-G: 2.29594  A-T: 1.00000  C-G: 1.00000  C-T: 2.29594  G-T: 1.00000
Base frequencies:  A: 0.281  C: 0.210  G: 0.227  T: 0.282
Parameters optimization took 3 rounds (0.075 sec)
Wrote distance file to... 
BEST SCORE FOUND : -40539.000
Total tree length: 0.019

Total number of iterations: 0
CPU time used for tree search: 0.000 sec (0h:0m:0s)
Wall-clock time used for tree search: 0.000 sec (0h:0m:0s)
Total CPU time used: 407.276 sec (0h:6m:47s)
Total wall-clock time used: 152.056 sec (0h:2m:32s)

===> START JACKKNIFE REPLICATE NUMBER 787

Creating jackknife alignment (seed: 786513)...
Reading input tree file gl_output_rmq.fasta.raxml.bestTree ...

NOTE: 7 MB RAM (0 GB) is required!
Estimate model parameters (epsilon = 0.010)
1. Initial log-likelihood: -41107.600
2. Current log-likelihood: -40997.869
3. Current log-likelihood: -40997.809
Optimal log-likelihood: -40997.809
Rate parameters:  A-C: 1.00000  A-G: 2.81924  A-T: 1.00000  C-G: 1.00000  C-T: 2.81924  G-T: 1.00000
Base frequencies:  A: 0.282  C: 0.210  G: 0.224  T: 0.285
Parameters optimization took 3 rounds (0.104 sec)
Wrote distance file to... 
BEST SCORE FOUND : -40997.809
Total tree length: 0.022

Total number of iterations: 0
CPU time used for tree search: 0.000 sec (0h:0m:0s)
Wall-clock time used for tree search: 0.000 sec (0h:0m:0s)
Total CPU time used: 407.724 sec (0h:6m:47s)
Total wall-clock time used: 152.217 sec (0h:2m:32s)

===> START JACKKNIFE REPLICATE NUMBER 788

Creating jackknife alignment (seed: 786514)...
Reading input tree file gl_output_rmq.fasta.raxml.bestTree ...

NOTE: 7 MB RAM (0 GB) is required!
Estimate model parameters (epsilon = 0.010)
1. Initial log-likelihood: -41087.801
2. Current log-likelihood: -41003.809
3. Current log-likelihood: -41003.660
Optimal log-likelihood: -41003.660
Rate parameters:  A-C: 1.00000  A-G: 2.35304  A-T: 1.00000  C-G: 1.00000  C-T: 2.35304  G-T: 1.00000
Base frequencies:  A: 0.281  C: 0.215  G: 0.227  T: 0.277
Parameters optimization took 3 rounds (0.097 sec)
Wrote distance file to... 
BEST SCORE FOUND : -41003.660
Total tree length: 0.022

Total number of iterations: 0
CPU time used for tree search: 0.000 sec (0h:0m:0s)
Wall-clock time used for tree search: 0.000 sec (0h:0m:0s)
Total CPU time used: 408.151 sec (0h:6m:48s)
Total wall-clock time used: 152.371 sec (0h:2m:32s)

===> START JACKKNIFE REPLICATE NUMBER 789

Creating jackknife alignment (seed: 786515)...
Reading input tree file gl_output_rmq.fasta.raxml.bestTree ...

NOTE: 7 MB RAM (0 GB) is required!
Estimate model parameters (epsilon = 0.010)
1. Initial log-likelihood: -40795.320
2. Current log-likelihood: -40697.014
3. Current log-likelihood: -40696.953
4. Current log-likelihood: -40696.943
Optimal log-likelihood: -40696.941
Rate parameters:  A-C: 1.00000  A-G: 2.66524  A-T: 1.00000  C-G: 1.00000  C-T: 2.66524  G-T: 1.00000
Base frequencies:  A: 0.283  C: 0.213  G: 0.227  T: 0.278
Parameters optimization took 4 rounds (0.109 sec)
Wrote distance file to... 
BEST SCORE FOUND : -40696.941
Total tree length: 0.020

Total number of iterations: 0
CPU time used for tree search: 0.000 sec (0h:0m:0s)
Wall-clock time used for tree search: 0.000 sec (0h:0m:0s)
Total CPU time used: 408.605 sec (0h:6m:48s)
Total wall-clock time used: 152.535 sec (0h:2m:32s)

===> START JACKKNIFE REPLICATE NUMBER 790

Creating jackknife alignment (seed: 786516)...
Reading input tree file gl_output_rmq.fasta.raxml.bestTree ...

NOTE: 8 MB RAM (0 GB) is required!
Estimate model parameters (epsilon = 0.010)
1. Initial log-likelihood: -41349.188
2. Current log-likelihood: -41302.716
3. Current log-likelihood: -41283.930
4. Current log-likelihood: -41238.271
5. Current log-likelihood: -41238.249
Optimal log-likelihood: -41238.245
Rate parameters:  A-C: 1.00000  A-G: 2.99024  A-T: 1.00000  C-G: 1.00000  C-T: 2.99024  G-T: 1.00000
Base frequencies:  A: 0.284  C: 0.209  G: 0.227  T: 0.281
Parameters optimization took 5 rounds (0.216 sec)
Wrote distance file to... 
BEST SCORE FOUND : -41238.245
Total tree length: 0.023

Total number of iterations: 0
CPU time used for tree search: 0.000 sec (0h:0m:0s)
Wall-clock time used for tree search: 0.000 sec (0h:0m:0s)
Total CPU time used: 409.379 sec (0h:6m:49s)
Total wall-clock time used: 152.805 sec (0h:2m:32s)

===> START JACKKNIFE REPLICATE NUMBER 791

Creating jackknife alignment (seed: 786517)...
Reading input tree file gl_output_rmq.fasta.raxml.bestTree ...

NOTE: 7 MB RAM (0 GB) is required!
Estimate model parameters (epsilon = 0.010)
1. Initial log-likelihood: -40930.586
2. Current log-likelihood: -40838.750
3. Current log-likelihood: -40838.684
Optimal log-likelihood: -40838.680
Rate parameters:  A-C: 1.00000  A-G: 2.56522  A-T: 1.00000  C-G: 1.00000  C-T: 2.56522  G-T: 1.00000
Base frequencies:  A: 0.285  C: 0.207  G: 0.230  T: 0.278
Parameters optimization took 3 rounds (0.096 sec)
Wrote distance file to... 
BEST SCORE FOUND : -40838.680
Total tree length: 0.021

Total number of iterations: 0
CPU time used for tree search: 0.000 sec (0h:0m:0s)
Wall-clock time used for tree search: 0.000 sec (0h:0m:0s)
Total CPU time used: 409.803 sec (0h:6m:49s)
Total wall-clock time used: 152.960 sec (0h:2m:32s)

===> START JACKKNIFE REPLICATE NUMBER 792

Creating jackknife alignment (seed: 786518)...
Reading input tree file gl_output_rmq.fasta.raxml.bestTree ...

NOTE: 7 MB RAM (0 GB) is required!
Estimate model parameters (epsilon = 0.010)
1. Initial log-likelihood: -40723.822
2. Current log-likelihood: -40667.048
3. Current log-likelihood: -40652.527
4. Current log-likelihood: -40610.410
Optimal log-likelihood: -40610.409
Rate parameters:  A-C: 1.00000  A-G: 2.95286  A-T: 1.00000  C-G: 1.00000  C-T: 2.95286  G-T: 1.00000
Base frequencies:  A: 0.284  C: 0.208  G: 0.231  T: 0.276
Parameters optimization took 4 rounds (0.141 sec)
Wrote distance file to... 
BEST SCORE FOUND : -40610.409
Total tree length: 0.020

Total number of iterations: 0
CPU time used for tree search: 0.000 sec (0h:0m:0s)
Wall-clock time used for tree search: 0.000 sec (0h:0m:0s)
Total CPU time used: 410.364 sec (0h:6m:50s)
Total wall-clock time used: 153.160 sec (0h:2m:33s)

===> START JACKKNIFE REPLICATE NUMBER 793

Creating jackknife alignment (seed: 786519)...
Reading input tree file gl_output_rmq.fasta.raxml.bestTree ...

NOTE: 7 MB RAM (0 GB) is required!
Estimate model parameters (epsilon = 0.010)
1. Initial log-likelihood: -41234.863
2. Current log-likelihood: -41145.169
3. Current log-likelihood: -41144.759
Optimal log-likelihood: -41144.758
Rate parameters:  A-C: 1.00000  A-G: 2.43941  A-T: 1.00000  C-G: 1.00000  C-T: 2.43941  G-T: 1.00000
Base frequencies:  A: 0.284  C: 0.207  G: 0.227  T: 0.281
Parameters optimization took 3 rounds (0.105 sec)
Wrote distance file to... 
BEST SCORE FOUND : -41144.758
Total tree length: 0.022

Total number of iterations: 0
CPU time used for tree search: 0.000 sec (0h:0m:0s)
Wall-clock time used for tree search: 0.000 sec (0h:0m:0s)
Total CPU time used: 410.823 sec (0h:6m:50s)
Total wall-clock time used: 153.330 sec (0h:2m:33s)

===> START JACKKNIFE REPLICATE NUMBER 794

Creating jackknife alignment (seed: 786520)...
Reading input tree file gl_output_rmq.fasta.raxml.bestTree ...

NOTE: 7 MB RAM (0 GB) is required!
Estimate model parameters (epsilon = 0.010)
1. Initial log-likelihood: -40714.823
2. Current log-likelihood: -40638.932
3. Current log-likelihood: -40638.655
Optimal log-likelihood: -40638.651
Rate parameters:  A-C: 1.00000  A-G: 2.13791  A-T: 1.00000  C-G: 1.00000  C-T: 2.13791  G-T: 1.00000
Base frequencies:  A: 0.281  C: 0.212  G: 0.226  T: 0.281
Parameters optimization took 3 rounds (0.096 sec)
Wrote distance file to... 
BEST SCORE FOUND : -40638.651
Total tree length: 0.020

Total number of iterations: 0
CPU time used for tree search: 0.000 sec (0h:0m:0s)
Wall-clock time used for tree search: 0.000 sec (0h:0m:0s)
Total CPU time used: 411.243 sec (0h:6m:51s)
Total wall-clock time used: 153.483 sec (0h:2m:33s)

===> START JACKKNIFE REPLICATE NUMBER 795

Creating jackknife alignment (seed: 786521)...
Reading input tree file gl_output_rmq.fasta.raxml.bestTree ...

NOTE: 7 MB RAM (0 GB) is required!
Estimate model parameters (epsilon = 0.010)
1. Initial log-likelihood: -40856.535
2. Current log-likelihood: -40749.589
3. Current log-likelihood: -40749.517
Optimal log-likelihood: -40749.517
Rate parameters:  A-C: 1.00000  A-G: 2.83113  A-T: 1.00000  C-G: 1.00000  C-T: 2.83113  G-T: 1.00000
Base frequencies:  A: 0.285  C: 0.210  G: 0.227  T: 0.278
Parameters optimization took 3 rounds (0.122 sec)
Wrote distance file to... 
BEST SCORE FOUND : -40749.517
Total tree length: 0.021

Total number of iterations: 0
CPU time used for tree search: 0.000 sec (0h:0m:0s)
Wall-clock time used for tree search: 0.000 sec (0h:0m:0s)
Total CPU time used: 411.738 sec (0h:6m:51s)
Total wall-clock time used: 153.661 sec (0h:2m:33s)

===> START JACKKNIFE REPLICATE NUMBER 796

Creating jackknife alignment (seed: 786522)...
Reading input tree file gl_output_rmq.fasta.raxml.bestTree ...

NOTE: 7 MB RAM (0 GB) is required!
Estimate model parameters (epsilon = 0.010)
1. Initial log-likelihood: -40880.821
2. Current log-likelihood: -40805.826
3. Current log-likelihood: -40805.425
Optimal log-likelihood: -40805.425
Rate parameters:  A-C: 1.00000  A-G: 2.13172  A-T: 1.00000  C-G: 1.00000  C-T: 2.13172  G-T: 1.00000
Base frequencies:  A: 0.284  C: 0.210  G: 0.229  T: 0.278
Parameters optimization took 3 rounds (0.111 sec)
Wrote distance file to... 
BEST SCORE FOUND : -40805.425
Total tree length: 0.021

Total number of iterations: 0
CPU time used for tree search: 0.000 sec (0h:0m:0s)
Wall-clock time used for tree search: 0.000 sec (0h:0m:0s)
Total CPU time used: 412.206 sec (0h:6m:52s)
Total wall-clock time used: 153.830 sec (0h:2m:33s)

===> START JACKKNIFE REPLICATE NUMBER 797

Creating jackknife alignment (seed: 786523)...
Reading input tree file gl_output_rmq.fasta.raxml.bestTree ...

NOTE: 7 MB RAM (0 GB) is required!
Estimate model parameters (epsilon = 0.010)
1. Initial log-likelihood: -40895.326
2. Current log-likelihood: -40806.477
3. Current log-likelihood: -40806.462
Optimal log-likelihood: -40806.462
Rate parameters:  A-C: 1.00000  A-G: 2.53085  A-T: 1.00000  C-G: 1.00000  C-T: 2.53085  G-T: 1.00000
Base frequencies:  A: 0.278  C: 0.213  G: 0.226  T: 0.282
Parameters optimization took 3 rounds (0.120 sec)
Wrote distance file to... 
BEST SCORE FOUND : -40806.462
Total tree length: 0.021

Total number of iterations: 0
CPU time used for tree search: 0.000 sec (0h:0m:0s)
Wall-clock time used for tree search: 0.000 sec (0h:0m:0s)
Total CPU time used: 412.698 sec (0h:6m:52s)
Total wall-clock time used: 154.006 sec (0h:2m:34s)

===> START JACKKNIFE REPLICATE NUMBER 798

Creating jackknife alignment (seed: 786524)...
Reading input tree file gl_output_rmq.fasta.raxml.bestTree ...

NOTE: 7 MB RAM (0 GB) is required!
Estimate model parameters (epsilon = 0.010)
1. Initial log-likelihood: -41044.607
2. Current log-likelihood: -40951.236
3. Current log-likelihood: -40951.156
Optimal log-likelihood: -40951.152
Rate parameters:  A-C: 1.00000  A-G: 2.63139  A-T: 1.00000  C-G: 1.00000  C-T: 2.63139  G-T: 1.00000
Base frequencies:  A: 0.287  C: 0.207  G: 0.226  T: 0.280
Parameters optimization took 3 rounds (0.104 sec)
Wrote distance file to... 
BEST SCORE FOUND : -40951.152
Total tree length: 0.021

Total number of iterations: 0
CPU time used for tree search: 0.000 sec (0h:0m:0s)
Wall-clock time used for tree search: 0.000 sec (0h:0m:0s)
Total CPU time used: 413.150 sec (0h:6m:53s)
Total wall-clock time used: 154.168 sec (0h:2m:34s)

===> START JACKKNIFE REPLICATE NUMBER 799

Creating jackknife alignment (seed: 786525)...
Reading input tree file gl_output_rmq.fasta.raxml.bestTree ...

NOTE: 8 MB RAM (0 GB) is required!
Estimate model parameters (epsilon = 0.010)
1. Initial log-likelihood: -41196.612
2. Current log-likelihood: -41116.372
3. Current log-likelihood: -41116.352
Optimal log-likelihood: -41116.350
Rate parameters:  A-C: 1.00000  A-G: 2.35457  A-T: 1.00000  C-G: 1.00000  C-T: 2.35457  G-T: 1.00000
Base frequencies:  A: 0.288  C: 0.209  G: 0.229  T: 0.274
Parameters optimization took 3 rounds (0.074 sec)
Wrote distance file to... 
BEST SCORE FOUND : -41116.350
Total tree length: 0.022

Total number of iterations: 0
CPU time used for tree search: 0.000 sec (0h:0m:0s)
Wall-clock time used for tree search: 0.000 sec (0h:0m:0s)
Total CPU time used: 413.504 sec (0h:6m:53s)
Total wall-clock time used: 154.298 sec (0h:2m:34s)

===> START JACKKNIFE REPLICATE NUMBER 800

Creating jackknife alignment (seed: 786526)...
Reading input tree file gl_output_rmq.fasta.raxml.bestTree ...

NOTE: 7 MB RAM (0 GB) is required!
Estimate model parameters (epsilon = 0.010)
1. Initial log-likelihood: -40904.276
2. Current log-likelihood: -40814.713
3. Current log-likelihood: -40814.685
Optimal log-likelihood: -40814.685
Rate parameters:  A-C: 1.00000  A-G: 2.36581  A-T: 1.00000  C-G: 1.00000  C-T: 2.36581  G-T: 1.00000
Base frequencies:  A: 0.281  C: 0.210  G: 0.225  T: 0.283
Parameters optimization took 3 rounds (0.103 sec)
Wrote distance file to... 
BEST SCORE FOUND : -40814.685
Total tree length: 0.021

Total number of iterations: 0
CPU time used for tree search: 0.000 sec (0h:0m:0s)
Wall-clock time used for tree search: 0.000 sec (0h:0m:0s)
Total CPU time used: 413.945 sec (0h:6m:53s)
Total wall-clock time used: 154.458 sec (0h:2m:34s)

===> START JACKKNIFE REPLICATE NUMBER 801

Creating jackknife alignment (seed: 786527)...
Reading input tree file gl_output_rmq.fasta.raxml.bestTree ...

NOTE: 7 MB RAM (0 GB) is required!
Estimate model parameters (epsilon = 0.010)
1. Initial log-likelihood: -40987.304
2. Current log-likelihood: -40903.137
3. Current log-likelihood: -40903.104
Optimal log-likelihood: -40903.095
Rate parameters:  A-C: 1.00000  A-G: 2.30916  A-T: 1.00000  C-G: 1.00000  C-T: 2.30916  G-T: 1.00000
Base frequencies:  A: 0.283  C: 0.210  G: 0.228  T: 0.279
Parameters optimization took 3 rounds (0.083 sec)
Wrote distance file to... 
BEST SCORE FOUND : -40903.095
Total tree length: 0.021

Total number of iterations: 0
CPU time used for tree search: 0.000 sec (0h:0m:0s)
Wall-clock time used for tree search: 0.000 sec (0h:0m:0s)
Total CPU time used: 414.325 sec (0h:6m:54s)
Total wall-clock time used: 154.596 sec (0h:2m:34s)

===> START JACKKNIFE REPLICATE NUMBER 802

Creating jackknife alignment (seed: 786528)...
Reading input tree file gl_output_rmq.fasta.raxml.bestTree ...

NOTE: 7 MB RAM (0 GB) is required!
Estimate model parameters (epsilon = 0.010)
1. Initial log-likelihood: -41203.396
2. Current log-likelihood: -41123.212
3. Current log-likelihood: -41123.033
Optimal log-likelihood: -41123.033
Rate parameters:  A-C: 1.00000  A-G: 2.29558  A-T: 1.00000  C-G: 1.00000  C-T: 2.29558  G-T: 1.00000
Base frequencies:  A: 0.283  C: 0.211  G: 0.227  T: 0.279
Parameters optimization took 3 rounds (0.100 sec)
Wrote distance file to... 
BEST SCORE FOUND : -41123.033
Total tree length: 0.022

Total number of iterations: 0
CPU time used for tree search: 0.000 sec (0h:0m:0s)
Wall-clock time used for tree search: 0.000 sec (0h:0m:0s)
Total CPU time used: 414.763 sec (0h:6m:54s)
Total wall-clock time used: 154.755 sec (0h:2m:34s)

===> START JACKKNIFE REPLICATE NUMBER 803

Creating jackknife alignment (seed: 786529)...
Reading input tree file gl_output_rmq.fasta.raxml.bestTree ...

NOTE: 7 MB RAM (0 GB) is required!
Estimate model parameters (epsilon = 0.010)
1. Initial log-likelihood: -40818.611
2. Current log-likelihood: -40725.005
3. Current log-likelihood: -40724.976
Optimal log-likelihood: -40724.976
Rate parameters:  A-C: 1.00000  A-G: 2.50873  A-T: 1.00000  C-G: 1.00000  C-T: 2.50873  G-T: 1.00000
Base frequencies:  A: 0.285  C: 0.210  G: 0.227  T: 0.278
Parameters optimization took 3 rounds (0.092 sec)
Wrote distance file to... 
BEST SCORE FOUND : -40724.976
Total tree length: 0.020

Total number of iterations: 0
CPU time used for tree search: 0.000 sec (0h:0m:0s)
Wall-clock time used for tree search: 0.000 sec (0h:0m:0s)
Total CPU time used: 415.168 sec (0h:6m:55s)
Total wall-clock time used: 154.901 sec (0h:2m:34s)

===> START JACKKNIFE REPLICATE NUMBER 804

Creating jackknife alignment (seed: 786530)...
Reading input tree file gl_output_rmq.fasta.raxml.bestTree ...

NOTE: 7 MB RAM (0 GB) is required!
Estimate model parameters (epsilon = 0.010)
1. Initial log-likelihood: -41134.956
2. Current log-likelihood: -41034.237
3. Current log-likelihood: -41034.074
4. Current log-likelihood: -41033.994
Optimal log-likelihood: -41033.990
Rate parameters:  A-C: 1.00000  A-G: 2.64201  A-T: 1.00000  C-G: 1.00000  C-T: 2.64201  G-T: 1.00000
Base frequencies:  A: 0.285  C: 0.209  G: 0.226  T: 0.280
Parameters optimization took 4 rounds (0.135 sec)
Wrote distance file to... 
BEST SCORE FOUND : -41033.990
Total tree length: 0.022

Total number of iterations: 0
CPU time used for tree search: 0.000 sec (0h:0m:0s)
Wall-clock time used for tree search: 0.000 sec (0h:0m:0s)
Total CPU time used: 415.705 sec (0h:6m:55s)
Total wall-clock time used: 155.092 sec (0h:2m:35s)

===> START JACKKNIFE REPLICATE NUMBER 805

Creating jackknife alignment (seed: 786531)...
Reading input tree file gl_output_rmq.fasta.raxml.bestTree ...

NOTE: 7 MB RAM (0 GB) is required!
Estimate model parameters (epsilon = 0.010)
1. Initial log-likelihood: -41145.059
2. Current log-likelihood: -41056.923
3. Current log-likelihood: -41056.621
Optimal log-likelihood: -41056.612
Rate parameters:  A-C: 1.00000  A-G: 2.45856  A-T: 1.00000  C-G: 1.00000  C-T: 2.45856  G-T: 1.00000
Base frequencies:  A: 0.283  C: 0.211  G: 0.225  T: 0.280
Parameters optimization took 3 rounds (0.092 sec)
Wrote distance file to... 
BEST SCORE FOUND : -41056.612
Total tree length: 0.022

Total number of iterations: 0
CPU time used for tree search: 0.000 sec (0h:0m:0s)
Wall-clock time used for tree search: 0.000 sec (0h:0m:0s)
Total CPU time used: 416.114 sec (0h:6m:56s)
Total wall-clock time used: 155.241 sec (0h:2m:35s)

===> START JACKKNIFE REPLICATE NUMBER 806

Creating jackknife alignment (seed: 786532)...
Reading input tree file gl_output_rmq.fasta.raxml.bestTree ...

NOTE: 8 MB RAM (0 GB) is required!
Estimate model parameters (epsilon = 0.010)
1. Initial log-likelihood: -41206.795
2. Current log-likelihood: -41103.242
3. Current log-likelihood: -41103.165
Optimal log-likelihood: -41103.161
Rate parameters:  A-C: 1.00000  A-G: 2.75457  A-T: 1.00000  C-G: 1.00000  C-T: 2.75457  G-T: 1.00000
Base frequencies:  A: 0.280  C: 0.209  G: 0.231  T: 0.280
Parameters optimization took 3 rounds (0.090 sec)
Wrote distance file to... 
BEST SCORE FOUND : -41103.161
Total tree length: 0.022

Total number of iterations: 0
CPU time used for tree search: 0.000 sec (0h:0m:0s)
Wall-clock time used for tree search: 0.000 sec (0h:0m:0s)
Total CPU time used: 416.520 sec (0h:6m:56s)
Total wall-clock time used: 155.389 sec (0h:2m:35s)

===> START JACKKNIFE REPLICATE NUMBER 807

Creating jackknife alignment (seed: 786533)...
Reading input tree file gl_output_rmq.fasta.raxml.bestTree ...

NOTE: 7 MB RAM (0 GB) is required!
Estimate model parameters (epsilon = 0.010)
1. Initial log-likelihood: -40957.048
2. Current log-likelihood: -40869.955
3. Current log-likelihood: -40869.937
Optimal log-likelihood: -40869.937
Rate parameters:  A-C: 1.00000  A-G: 2.28096  A-T: 1.00000  C-G: 1.00000  C-T: 2.28096  G-T: 1.00000
Base frequencies:  A: 0.282  C: 0.206  G: 0.230  T: 0.282
Parameters optimization took 3 rounds (0.078 sec)
Wrote distance file to... 
BEST SCORE FOUND : -40869.937
Total tree length: 0.021

Total number of iterations: 0
CPU time used for tree search: 0.000 sec (0h:0m:0s)
Wall-clock time used for tree search: 0.000 sec (0h:0m:0s)
Total CPU time used: 416.899 sec (0h:6m:56s)
Total wall-clock time used: 155.531 sec (0h:2m:35s)

===> START JACKKNIFE REPLICATE NUMBER 808

Creating jackknife alignment (seed: 786534)...
Reading input tree file gl_output_rmq.fasta.raxml.bestTree ...

NOTE: 7 MB RAM (0 GB) is required!
Estimate model parameters (epsilon = 0.010)
1. Initial log-likelihood: -41131.301
2. Current log-likelihood: -41038.245
3. Current log-likelihood: -41038.189
Optimal log-likelihood: -41038.189
Rate parameters:  A-C: 1.00000  A-G: 2.49452  A-T: 1.00000  C-G: 1.00000  C-T: 2.49452  G-T: 1.00000
Base frequencies:  A: 0.281  C: 0.210  G: 0.227  T: 0.282
Parameters optimization took 3 rounds (0.093 sec)
Wrote distance file to... 
BEST SCORE FOUND : -41038.189
Total tree length: 0.022

Total number of iterations: 0
CPU time used for tree search: 0.000 sec (0h:0m:0s)
Wall-clock time used for tree search: 0.000 sec (0h:0m:0s)
Total CPU time used: 417.318 sec (0h:6m:57s)
Total wall-clock time used: 155.682 sec (0h:2m:35s)

===> START JACKKNIFE REPLICATE NUMBER 809

Creating jackknife alignment (seed: 786535)...
Reading input tree file gl_output_rmq.fasta.raxml.bestTree ...

NOTE: 7 MB RAM (0 GB) is required!
Estimate model parameters (epsilon = 0.010)
1. Initial log-likelihood: -40755.882
2. Current log-likelihood: -40661.998
3. Current log-likelihood: -40661.840
Optimal log-likelihood: -40661.833
Rate parameters:  A-C: 1.00000  A-G: 2.67551  A-T: 1.00000  C-G: 1.00000  C-T: 2.67551  G-T: 1.00000
Base frequencies:  A: 0.281  C: 0.211  G: 0.227  T: 0.281
Parameters optimization took 3 rounds (0.104 sec)
Wrote distance file to... 
BEST SCORE FOUND : -40661.833
Total tree length: 0.020

Total number of iterations: 0
CPU time used for tree search: 0.000 sec (0h:0m:0s)
Wall-clock time used for tree search: 0.000 sec (0h:0m:0s)
Total CPU time used: 417.757 sec (0h:6m:57s)
Total wall-clock time used: 155.840 sec (0h:2m:35s)

===> START JACKKNIFE REPLICATE NUMBER 810

Creating jackknife alignment (seed: 786536)...
Reading input tree file gl_output_rmq.fasta.raxml.bestTree ...

NOTE: 8 MB RAM (0 GB) is required!
Estimate model parameters (epsilon = 0.010)
1. Initial log-likelihood: -41151.926
2. Current log-likelihood: -41068.170
3. Current log-likelihood: -41068.128
Optimal log-likelihood: -41068.128
Rate parameters:  A-C: 1.00000  A-G: 2.41368  A-T: 1.00000  C-G: 1.00000  C-T: 2.41368  G-T: 1.00000
Base frequencies:  A: 0.285  C: 0.210  G: 0.225  T: 0.280
Parameters optimization took 3 rounds (0.109 sec)
Wrote distance file to... 
BEST SCORE FOUND : -41068.128
Total tree length: 0.022

Total number of iterations: 0
CPU time used for tree search: 0.000 sec (0h:0m:0s)
Wall-clock time used for tree search: 0.000 sec (0h:0m:0s)
Total CPU time used: 418.213 sec (0h:6m:58s)
Total wall-clock time used: 156.005 sec (0h:2m:36s)

===> START JACKKNIFE REPLICATE NUMBER 811

Creating jackknife alignment (seed: 786537)...
Reading input tree file gl_output_rmq.fasta.raxml.bestTree ...

NOTE: 7 MB RAM (0 GB) is required!
Estimate model parameters (epsilon = 0.010)
1. Initial log-likelihood: -40876.310
2. Current log-likelihood: -40795.429
3. Current log-likelihood: -40795.325
Optimal log-likelihood: -40795.325
Rate parameters:  A-C: 1.00000  A-G: 2.21394  A-T: 1.00000  C-G: 1.00000  C-T: 2.21394  G-T: 1.00000
Base frequencies:  A: 0.283  C: 0.208  G: 0.227  T: 0.283
Parameters optimization took 3 rounds (0.104 sec)
Wrote distance file to... 
BEST SCORE FOUND : -40795.325
Total tree length: 0.021

Total number of iterations: 0
CPU time used for tree search: 0.000 sec (0h:0m:0s)
Wall-clock time used for tree search: 0.000 sec (0h:0m:0s)
Total CPU time used: 418.667 sec (0h:6m:58s)
Total wall-clock time used: 156.171 sec (0h:2m:36s)

===> START JACKKNIFE REPLICATE NUMBER 812

Creating jackknife alignment (seed: 786538)...
Reading input tree file gl_output_rmq.fasta.raxml.bestTree ...

NOTE: 7 MB RAM (0 GB) is required!
Estimate model parameters (epsilon = 0.010)
1. Initial log-likelihood: -41077.949
2. Current log-likelihood: -40977.012
3. Current log-likelihood: -40976.881
Optimal log-likelihood: -40976.878
Rate parameters:  A-C: 1.00000  A-G: 2.67052  A-T: 1.00000  C-G: 1.00000  C-T: 2.67052  G-T: 1.00000
Base frequencies:  A: 0.282  C: 0.212  G: 0.225  T: 0.282
Parameters optimization took 3 rounds (0.105 sec)
Wrote distance file to... 
BEST SCORE FOUND : -40976.878
Total tree length: 0.022

Total number of iterations: 0
CPU time used for tree search: 0.000 sec (0h:0m:0s)
Wall-clock time used for tree search: 0.000 sec (0h:0m:0s)
Total CPU time used: 419.112 sec (0h:6m:59s)
Total wall-clock time used: 156.331 sec (0h:2m:36s)

===> START JACKKNIFE REPLICATE NUMBER 813

Creating jackknife alignment (seed: 786539)...
Reading input tree file gl_output_rmq.fasta.raxml.bestTree ...

NOTE: 7 MB RAM (0 GB) is required!
Estimate model parameters (epsilon = 0.010)
1. Initial log-likelihood: -41067.098
2. Current log-likelihood: -40967.997
3. Current log-likelihood: -40967.973
Optimal log-likelihood: -40967.971
Rate parameters:  A-C: 1.00000  A-G: 2.75876  A-T: 1.00000  C-G: 1.00000  C-T: 2.75876  G-T: 1.00000
Base frequencies:  A: 0.283  C: 0.207  G: 0.228  T: 0.282
Parameters optimization took 3 rounds (0.101 sec)
Wrote distance file to... 
BEST SCORE FOUND : -40967.971
Total tree length: 0.021

Total number of iterations: 0
CPU time used for tree search: 0.000 sec (0h:0m:0s)
Wall-clock time used for tree search: 0.000 sec (0h:0m:0s)
Total CPU time used: 419.553 sec (0h:6m:59s)
Total wall-clock time used: 156.492 sec (0h:2m:36s)

===> START JACKKNIFE REPLICATE NUMBER 814

Creating jackknife alignment (seed: 786540)...
Reading input tree file gl_output_rmq.fasta.raxml.bestTree ...

NOTE: 7 MB RAM (0 GB) is required!
Estimate model parameters (epsilon = 0.010)
1. Initial log-likelihood: -40986.635
2. Current log-likelihood: -40909.931
3. Current log-likelihood: -40909.845
Optimal log-likelihood: -40909.845
Rate parameters:  A-C: 1.00000  A-G: 2.10599  A-T: 1.00000  C-G: 1.00000  C-T: 2.10599  G-T: 1.00000
Base frequencies:  A: 0.285  C: 0.206  G: 0.229  T: 0.280
Parameters optimization took 3 rounds (0.104 sec)
Wrote distance file to... 
BEST SCORE FOUND : -40909.845
Total tree length: 0.021

Total number of iterations: 0
CPU time used for tree search: 0.000 sec (0h:0m:0s)
Wall-clock time used for tree search: 0.000 sec (0h:0m:0s)
Total CPU time used: 419.991 sec (0h:6m:59s)
Total wall-clock time used: 156.649 sec (0h:2m:36s)

===> START JACKKNIFE REPLICATE NUMBER 815

Creating jackknife alignment (seed: 786541)...
Reading input tree file gl_output_rmq.fasta.raxml.bestTree ...

NOTE: 7 MB RAM (0 GB) is required!
Estimate model parameters (epsilon = 0.010)
1. Initial log-likelihood: -40800.049
2. Current log-likelihood: -40698.966
3. Current log-likelihood: -40698.955
Optimal log-likelihood: -40698.954
Rate parameters:  A-C: 1.00000  A-G: 2.84861  A-T: 1.00000  C-G: 1.00000  C-T: 2.84861  G-T: 1.00000
Base frequencies:  A: 0.284  C: 0.211  G: 0.223  T: 0.282
Parameters optimization took 3 rounds (0.092 sec)
Wrote distance file to... 
BEST SCORE FOUND : -40698.954
Total tree length: 0.020

Total number of iterations: 0
CPU time used for tree search: 0.000 sec (0h:0m:0s)
Wall-clock time used for tree search: 0.000 sec (0h:0m:0s)
Total CPU time used: 420.405 sec (0h:7m:0s)
Total wall-clock time used: 156.799 sec (0h:2m:36s)

===> START JACKKNIFE REPLICATE NUMBER 816

Creating jackknife alignment (seed: 786542)...
Reading input tree file gl_output_rmq.fasta.raxml.bestTree ...

NOTE: 7 MB RAM (0 GB) is required!
Estimate model parameters (epsilon = 0.010)
1. Initial log-likelihood: -41048.695
2. Current log-likelihood: -40965.716
3. Current log-likelihood: -40965.287
Optimal log-likelihood: -40965.287
Rate parameters:  A-C: 1.00000  A-G: 2.45603  A-T: 1.00000  C-G: 1.00000  C-T: 2.45603  G-T: 1.00000
Base frequencies:  A: 0.279  C: 0.211  G: 0.228  T: 0.281
Parameters optimization took 3 rounds (0.099 sec)
Wrote distance file to... 
BEST SCORE FOUND : -40965.287
Total tree length: 0.021

Total number of iterations: 0
CPU time used for tree search: 0.000 sec (0h:0m:0s)
Wall-clock time used for tree search: 0.000 sec (0h:0m:0s)
Total CPU time used: 420.836 sec (0h:7m:0s)
Total wall-clock time used: 156.955 sec (0h:2m:36s)

===> START JACKKNIFE REPLICATE NUMBER 817

Creating jackknife alignment (seed: 786543)...
Reading input tree file gl_output_rmq.fasta.raxml.bestTree ...

NOTE: 7 MB RAM (0 GB) is required!
Estimate model parameters (epsilon = 0.010)
1. Initial log-likelihood: -41118.358
2. Current log-likelihood: -41023.909
Optimal log-likelihood: -41023.902
Rate parameters:  A-C: 1.00000  A-G: 2.52921  A-T: 1.00000  C-G: 1.00000  C-T: 2.52921  G-T: 1.00000
Base frequencies:  A: 0.280  C: 0.209  G: 0.229  T: 0.281
Parameters optimization took 2 rounds (0.079 sec)
Wrote distance file to... 
BEST SCORE FOUND : -41023.902
Total tree length: 0.022

Total number of iterations: 0
CPU time used for tree search: 0.000 sec (0h:0m:0s)
Wall-clock time used for tree search: 0.000 sec (0h:0m:0s)
Total CPU time used: 421.201 sec (0h:7m:1s)
Total wall-clock time used: 157.089 sec (0h:2m:37s)

===> START JACKKNIFE REPLICATE NUMBER 818

Creating jackknife alignment (seed: 786544)...
Reading input tree file gl_output_rmq.fasta.raxml.bestTree ...

NOTE: 7 MB RAM (0 GB) is required!
Estimate model parameters (epsilon = 0.010)
1. Initial log-likelihood: -40732.493
2. Current log-likelihood: -40646.657
3. Current log-likelihood: -40645.958
Optimal log-likelihood: -40645.958
Rate parameters:  A-C: 1.00000  A-G: 2.28200  A-T: 1.00000  C-G: 1.00000  C-T: 2.28200  G-T: 1.00000
Base frequencies:  A: 0.281  C: 0.209  G: 0.223  T: 0.286
Parameters optimization took 3 rounds (0.094 sec)
Wrote distance file to... 
BEST SCORE FOUND : -40645.958
Total tree length: 0.020

Total number of iterations: 0
CPU time used for tree search: 0.000 sec (0h:0m:0s)
Wall-clock time used for tree search: 0.000 sec (0h:0m:0s)
Total CPU time used: 421.614 sec (0h:7m:1s)
Total wall-clock time used: 157.238 sec (0h:2m:37s)

===> START JACKKNIFE REPLICATE NUMBER 819

Creating jackknife alignment (seed: 786545)...
Reading input tree file gl_output_rmq.fasta.raxml.bestTree ...

NOTE: 7 MB RAM (0 GB) is required!
Estimate model parameters (epsilon = 0.010)
1. Initial log-likelihood: -40924.410
2. Current log-likelihood: -40842.334
Optimal log-likelihood: -40842.325
Rate parameters:  A-C: 1.00000  A-G: 2.26960  A-T: 1.00000  C-G: 1.00000  C-T: 2.26960  G-T: 1.00000
Base frequencies:  A: 0.280  C: 0.213  G: 0.224  T: 0.283
Parameters optimization took 2 rounds (0.078 sec)
Wrote distance file to... 
BEST SCORE FOUND : -40842.325
Total tree length: 0.021

Total number of iterations: 0
CPU time used for tree search: 0.000 sec (0h:0m:0s)
Wall-clock time used for tree search: 0.000 sec (0h:0m:0s)
Total CPU time used: 421.985 sec (0h:7m:1s)
Total wall-clock time used: 157.373 sec (0h:2m:37s)

===> START JACKKNIFE REPLICATE NUMBER 820

Creating jackknife alignment (seed: 786546)...
Reading input tree file gl_output_rmq.fasta.raxml.bestTree ...

NOTE: 7 MB RAM (0 GB) is required!
Estimate model parameters (epsilon = 0.010)
1. Initial log-likelihood: -40899.888
2. Current log-likelihood: -40813.457
3. Current log-likelihood: -40813.421
Optimal log-likelihood: -40813.420
Rate parameters:  A-C: 1.00000  A-G: 2.40934  A-T: 1.00000  C-G: 1.00000  C-T: 2.40934  G-T: 1.00000
Base frequencies:  A: 0.286  C: 0.210  G: 0.224  T: 0.281
Parameters optimization took 3 rounds (0.101 sec)
Wrote distance file to... 
BEST SCORE FOUND : -40813.420
Total tree length: 0.021

Total number of iterations: 0
CPU time used for tree search: 0.000 sec (0h:0m:0s)
Wall-clock time used for tree search: 0.000 sec (0h:0m:0s)
Total CPU time used: 422.418 sec (0h:7m:2s)
Total wall-clock time used: 157.529 sec (0h:2m:37s)

===> START JACKKNIFE REPLICATE NUMBER 821

Creating jackknife alignment (seed: 786547)...
Reading input tree file gl_output_rmq.fasta.raxml.bestTree ...

NOTE: 7 MB RAM (0 GB) is required!
Estimate model parameters (epsilon = 0.010)
1. Initial log-likelihood: -41064.339
2. Current log-likelihood: -40981.961
3. Current log-likelihood: -40981.666
4. Current log-likelihood: -40981.502
Optimal log-likelihood: -40981.502
Rate parameters:  A-C: 1.00000  A-G: 2.25619  A-T: 1.00000  C-G: 1.00000  C-T: 2.25619  G-T: 1.00000
Base frequencies:  A: 0.283  C: 0.209  G: 0.230  T: 0.278
Parameters optimization took 4 rounds (0.136 sec)
Wrote distance file to... 
BEST SCORE FOUND : -40981.502
Total tree length: 0.022

Total number of iterations: 0
CPU time used for tree search: 0.000 sec (0h:0m:0s)
Wall-clock time used for tree search: 0.000 sec (0h:0m:0s)
Total CPU time used: 422.959 sec (0h:7m:2s)
Total wall-clock time used: 157.723 sec (0h:2m:37s)

===> START JACKKNIFE REPLICATE NUMBER 822

Creating jackknife alignment (seed: 786548)...
Reading input tree file gl_output_rmq.fasta.raxml.bestTree ...

NOTE: 7 MB RAM (0 GB) is required!
Estimate model parameters (epsilon = 0.010)
1. Initial log-likelihood: -40781.132
2. Current log-likelihood: -40690.995
3. Current log-likelihood: -40690.240
Optimal log-likelihood: -40690.231
Rate parameters:  A-C: 1.00000  A-G: 2.55777  A-T: 1.00000  C-G: 1.00000  C-T: 2.55777  G-T: 1.00000
Base frequencies:  A: 0.283  C: 0.209  G: 0.228  T: 0.280
Parameters optimization took 3 rounds (0.096 sec)
Wrote distance file to... 
BEST SCORE FOUND : -40690.231
Total tree length: 0.020

Total number of iterations: 0
CPU time used for tree search: 0.000 sec (0h:0m:0s)
Wall-clock time used for tree search: 0.000 sec (0h:0m:0s)
Total CPU time used: 423.377 sec (0h:7m:3s)
Total wall-clock time used: 157.874 sec (0h:2m:37s)

===> START JACKKNIFE REPLICATE NUMBER 823

Creating jackknife alignment (seed: 786549)...
Reading input tree file gl_output_rmq.fasta.raxml.bestTree ...

NOTE: 8 MB RAM (0 GB) is required!
Estimate model parameters (epsilon = 0.010)
1. Initial log-likelihood: -41045.265
2. Current log-likelihood: -40947.670
3. Current log-likelihood: -40947.561
4. Current log-likelihood: -40947.510
5. Current log-likelihood: -40947.494
Optimal log-likelihood: -40947.494
Rate parameters:  A-C: 1.00000  A-G: 2.51913  A-T: 1.00000  C-G: 1.00000  C-T: 2.51913  G-T: 1.00000
Base frequencies:  A: 0.281  C: 0.208  G: 0.231  T: 0.280
Parameters optimization took 5 rounds (0.157 sec)
Wrote distance file to... 
BEST SCORE FOUND : -40947.494
Total tree length: 0.022

Total number of iterations: 0
CPU time used for tree search: 0.000 sec (0h:0m:0s)
Wall-clock time used for tree search: 0.000 sec (0h:0m:0s)
Total CPU time used: 423.978 sec (0h:7m:3s)
Total wall-clock time used: 158.087 sec (0h:2m:38s)

===> START JACKKNIFE REPLICATE NUMBER 824

Creating jackknife alignment (seed: 786550)...
Reading input tree file gl_output_rmq.fasta.raxml.bestTree ...

NOTE: 8 MB RAM (0 GB) is required!
Estimate model parameters (epsilon = 0.010)
1. Initial log-likelihood: -41016.839
2. Current log-likelihood: -40930.580
3. Current log-likelihood: -40930.559
Optimal log-likelihood: -40930.559
Rate parameters:  A-C: 1.00000  A-G: 2.33756  A-T: 1.00000  C-G: 1.00000  C-T: 2.33756  G-T: 1.00000
Base frequencies:  A: 0.281  C: 0.210  G: 0.229  T: 0.280
Parameters optimization took 3 rounds (0.082 sec)
Wrote distance file to... 
BEST SCORE FOUND : -40930.559
Total tree length: 0.022

Total number of iterations: 0
CPU time used for tree search: 0.000 sec (0h:0m:0s)
Wall-clock time used for tree search: 0.000 sec (0h:0m:0s)
Total CPU time used: 424.354 sec (0h:7m:4s)
Total wall-clock time used: 158.224 sec (0h:2m:38s)

===> START JACKKNIFE REPLICATE NUMBER 825

Creating jackknife alignment (seed: 786551)...
Reading input tree file gl_output_rmq.fasta.raxml.bestTree ...

NOTE: 7 MB RAM (0 GB) is required!
Estimate model parameters (epsilon = 0.010)
1. Initial log-likelihood: -40791.971
2. Current log-likelihood: -40697.957
3. Current log-likelihood: -40697.936
Optimal log-likelihood: -40697.933
Rate parameters:  A-C: 1.00000  A-G: 2.59514  A-T: 1.00000  C-G: 1.00000  C-T: 2.59514  G-T: 1.00000
Base frequencies:  A: 0.283  C: 0.212  G: 0.223  T: 0.281
Parameters optimization took 3 rounds (0.096 sec)
Wrote distance file to... 
BEST SCORE FOUND : -40697.933
Total tree length: 0.021

Total number of iterations: 0
CPU time used for tree search: 0.000 sec (0h:0m:0s)
Wall-clock time used for tree search: 0.000 sec (0h:0m:0s)
Total CPU time used: 424.781 sec (0h:7m:4s)
Total wall-clock time used: 158.377 sec (0h:2m:38s)

===> START JACKKNIFE REPLICATE NUMBER 826

Creating jackknife alignment (seed: 786552)...
Reading input tree file gl_output_rmq.fasta.raxml.bestTree ...

NOTE: 7 MB RAM (0 GB) is required!
Estimate model parameters (epsilon = 0.010)
1. Initial log-likelihood: -41121.368
2. Current log-likelihood: -41031.608
3. Current log-likelihood: -41031.421
Optimal log-likelihood: -41031.421
Rate parameters:  A-C: 1.00000  A-G: 2.48732  A-T: 1.00000  C-G: 1.00000  C-T: 2.48732  G-T: 1.00000
Base frequencies:  A: 0.280  C: 0.210  G: 0.227  T: 0.283
Parameters optimization took 3 rounds (0.101 sec)
Wrote distance file to... 
BEST SCORE FOUND : -41031.421
Total tree length: 0.022

Total number of iterations: 0
CPU time used for tree search: 0.000 sec (0h:0m:0s)
Wall-clock time used for tree search: 0.000 sec (0h:0m:0s)
Total CPU time used: 425.218 sec (0h:7m:5s)
Total wall-clock time used: 158.535 sec (0h:2m:38s)

===> START JACKKNIFE REPLICATE NUMBER 827

Creating jackknife alignment (seed: 786553)...
Reading input tree file gl_output_rmq.fasta.raxml.bestTree ...

NOTE: 7 MB RAM (0 GB) is required!
Estimate model parameters (epsilon = 0.010)
1. Initial log-likelihood: -40858.923
2. Current log-likelihood: -40782.663
3. Current log-likelihood: -40782.551
Optimal log-likelihood: -40782.551
Rate parameters:  A-C: 1.00000  A-G: 2.26367  A-T: 1.00000  C-G: 1.00000  C-T: 2.26367  G-T: 1.00000
Base frequencies:  A: 0.283  C: 0.209  G: 0.225  T: 0.283
Parameters optimization took 3 rounds (0.098 sec)
Wrote distance file to... 
BEST SCORE FOUND : -40782.551
Total tree length: 0.021

Total number of iterations: 0
CPU time used for tree search: 0.000 sec (0h:0m:0s)
Wall-clock time used for tree search: 0.000 sec (0h:0m:0s)
Total CPU time used: 425.639 sec (0h:7m:5s)
Total wall-clock time used: 158.688 sec (0h:2m:38s)

===> START JACKKNIFE REPLICATE NUMBER 828

Creating jackknife alignment (seed: 786554)...
Reading input tree file gl_output_rmq.fasta.raxml.bestTree ...

NOTE: 7 MB RAM (0 GB) is required!
Estimate model parameters (epsilon = 0.010)
1. Initial log-likelihood: -40966.077
2. Current log-likelihood: -40876.010
3. Current log-likelihood: -40875.783
Optimal log-likelihood: -40875.783
Rate parameters:  A-C: 1.00000  A-G: 2.30142  A-T: 1.00000  C-G: 1.00000  C-T: 2.30142  G-T: 1.00000
Base frequencies:  A: 0.284  C: 0.210  G: 0.227  T: 0.279
Parameters optimization took 3 rounds (0.109 sec)
Wrote distance file to... 
BEST SCORE FOUND : -40875.783
Total tree length: 0.021

Total number of iterations: 0
CPU time used for tree search: 0.000 sec (0h:0m:0s)
Wall-clock time used for tree search: 0.000 sec (0h:0m:0s)
Total CPU time used: 426.100 sec (0h:7m:6s)
Total wall-clock time used: 158.853 sec (0h:2m:38s)

===> START JACKKNIFE REPLICATE NUMBER 829

Creating jackknife alignment (seed: 786555)...
Reading input tree file gl_output_rmq.fasta.raxml.bestTree ...

NOTE: 7 MB RAM (0 GB) is required!
Estimate model parameters (epsilon = 0.010)
1. Initial log-likelihood: -41037.645
2. Current log-likelihood: -40955.248
3. Current log-likelihood: -40954.559
Optimal log-likelihood: -40954.555
Rate parameters:  A-C: 1.00000  A-G: 2.31308  A-T: 1.00000  C-G: 1.00000  C-T: 2.31308  G-T: 1.00000
Base frequencies:  A: 0.282  C: 0.211  G: 0.228  T: 0.278
Parameters optimization took 3 rounds (0.118 sec)
Wrote distance file to... 
BEST SCORE FOUND : -40954.555
Total tree length: 0.021

Total number of iterations: 0
CPU time used for tree search: 0.000 sec (0h:0m:0s)
Wall-clock time used for tree search: 0.000 sec (0h:0m:0s)
Total CPU time used: 426.587 sec (0h:7m:6s)
Total wall-clock time used: 159.027 sec (0h:2m:39s)

===> START JACKKNIFE REPLICATE NUMBER 830

Creating jackknife alignment (seed: 786556)...
Reading input tree file gl_output_rmq.fasta.raxml.bestTree ...

NOTE: 7 MB RAM (0 GB) is required!
Estimate model parameters (epsilon = 0.010)
1. Initial log-likelihood: -40728.541
2. Current log-likelihood: -40644.130
3. Current log-likelihood: -40643.642
Optimal log-likelihood: -40643.636
Rate parameters:  A-C: 1.00000  A-G: 2.37273  A-T: 1.00000  C-G: 1.00000  C-T: 2.37273  G-T: 1.00000
Base frequencies:  A: 0.284  C: 0.208  G: 0.230  T: 0.278
Parameters optimization took 3 rounds (0.102 sec)
Wrote distance file to... 
BEST SCORE FOUND : -40643.636
Total tree length: 0.020

Total number of iterations: 0
CPU time used for tree search: 0.000 sec (0h:0m:0s)
Wall-clock time used for tree search: 0.000 sec (0h:0m:0s)
Total CPU time used: 427.024 sec (0h:7m:7s)
Total wall-clock time used: 159.186 sec (0h:2m:39s)

===> START JACKKNIFE REPLICATE NUMBER 831

Creating jackknife alignment (seed: 786557)...
Reading input tree file gl_output_rmq.fasta.raxml.bestTree ...

NOTE: 7 MB RAM (0 GB) is required!
Estimate model parameters (epsilon = 0.010)
1. Initial log-likelihood: -41018.060
2. Current log-likelihood: -40939.688
3. Current log-likelihood: -40939.302
Optimal log-likelihood: -40939.302
Rate parameters:  A-C: 1.00000  A-G: 2.18196  A-T: 1.00000  C-G: 1.00000  C-T: 2.18196  G-T: 1.00000
Base frequencies:  A: 0.287  C: 0.212  G: 0.224  T: 0.277
Parameters optimization took 3 rounds (0.113 sec)
Wrote distance file to... 
BEST SCORE FOUND : -40939.302
Total tree length: 0.021

Total number of iterations: 0
CPU time used for tree search: 0.000 sec (0h:0m:0s)
Wall-clock time used for tree search: 0.000 sec (0h:0m:0s)
Total CPU time used: 427.500 sec (0h:7m:7s)
Total wall-clock time used: 159.358 sec (0h:2m:39s)

===> START JACKKNIFE REPLICATE NUMBER 832

Creating jackknife alignment (seed: 786558)...
Reading input tree file gl_output_rmq.fasta.raxml.bestTree ...

NOTE: 7 MB RAM (0 GB) is required!
Estimate model parameters (epsilon = 0.010)
1. Initial log-likelihood: -40571.971
2. Current log-likelihood: -40479.088
3. Current log-likelihood: -40478.993
Optimal log-likelihood: -40478.976
Rate parameters:  A-C: 1.00000  A-G: 2.30023  A-T: 1.00000  C-G: 1.00000  C-T: 2.30023  G-T: 1.00000
Base frequencies:  A: 0.282  C: 0.209  G: 0.227  T: 0.282
Parameters optimization took 3 rounds (0.092 sec)
Wrote distance file to... 
BEST SCORE FOUND : -40478.976
Total tree length: 0.019

Total number of iterations: 0
CPU time used for tree search: 0.000 sec (0h:0m:0s)
Wall-clock time used for tree search: 0.000 sec (0h:0m:0s)
Total CPU time used: 427.906 sec (0h:7m:7s)
Total wall-clock time used: 159.505 sec (0h:2m:39s)

===> START JACKKNIFE REPLICATE NUMBER 833

Creating jackknife alignment (seed: 786559)...
Reading input tree file gl_output_rmq.fasta.raxml.bestTree ...

NOTE: 7 MB RAM (0 GB) is required!
Estimate model parameters (epsilon = 0.010)
1. Initial log-likelihood: -40863.535
2. Current log-likelihood: -40781.159
3. Current log-likelihood: -40780.962
Optimal log-likelihood: -40780.962
Rate parameters:  A-C: 1.00000  A-G: 2.18278  A-T: 1.00000  C-G: 1.00000  C-T: 2.18278  G-T: 1.00000
Base frequencies:  A: 0.285  C: 0.209  G: 0.224  T: 0.283
Parameters optimization took 3 rounds (0.109 sec)
Wrote distance file to... 
BEST SCORE FOUND : -40780.962
Total tree length: 0.021

Total number of iterations: 0
CPU time used for tree search: 0.000 sec (0h:0m:0s)
Wall-clock time used for tree search: 0.000 sec (0h:0m:0s)
Total CPU time used: 428.371 sec (0h:7m:8s)
Total wall-clock time used: 159.673 sec (0h:2m:39s)

===> START JACKKNIFE REPLICATE NUMBER 834

Creating jackknife alignment (seed: 786560)...
Reading input tree file gl_output_rmq.fasta.raxml.bestTree ...

NOTE: 7 MB RAM (0 GB) is required!
Estimate model parameters (epsilon = 0.010)
1. Initial log-likelihood: -40545.347
2. Current log-likelihood: -40462.593
3. Current log-likelihood: -40462.338
4. Current log-likelihood: -40462.274
Optimal log-likelihood: -40462.274
Rate parameters:  A-C: 1.00000  A-G: 2.32922  A-T: 1.00000  C-G: 1.00000  C-T: 2.32922  G-T: 1.00000
Base frequencies:  A: 0.282  C: 0.209  G: 0.230  T: 0.279
Parameters optimization took 4 rounds (0.120 sec)
Wrote distance file to... 
BEST SCORE FOUND : -40462.274
Total tree length: 0.019

Total number of iterations: 0
CPU time used for tree search: 0.000 sec (0h:0m:0s)
Wall-clock time used for tree search: 0.000 sec (0h:0m:0s)
Total CPU time used: 428.870 sec (0h:7m:8s)
Total wall-clock time used: 159.852 sec (0h:2m:39s)

===> START JACKKNIFE REPLICATE NUMBER 835

Creating jackknife alignment (seed: 786561)...
Reading input tree file gl_output_rmq.fasta.raxml.bestTree ...

NOTE: 8 MB RAM (0 GB) is required!
Estimate model parameters (epsilon = 0.010)
1. Initial log-likelihood: -41420.357
2. Current log-likelihood: -41341.085
3. Current log-likelihood: -41340.926
Optimal log-likelihood: -41340.926
Rate parameters:  A-C: 1.00000  A-G: 2.35136  A-T: 1.00000  C-G: 1.00000  C-T: 2.35136  G-T: 1.00000
Base frequencies:  A: 0.282  C: 0.211  G: 0.228  T: 0.279
Parameters optimization took 3 rounds (0.101 sec)
Wrote distance file to... 
BEST SCORE FOUND : -41340.926
Total tree length: 0.023

Total number of iterations: 0
CPU time used for tree search: 0.000 sec (0h:0m:0s)
Wall-clock time used for tree search: 0.000 sec (0h:0m:0s)
Total CPU time used: 429.308 sec (0h:7m:9s)
Total wall-clock time used: 160.011 sec (0h:2m:40s)

===> START JACKKNIFE REPLICATE NUMBER 836

Creating jackknife alignment (seed: 786562)...
Reading input tree file gl_output_rmq.fasta.raxml.bestTree ...

NOTE: 7 MB RAM (0 GB) is required!
Estimate model parameters (epsilon = 0.010)
1. Initial log-likelihood: -40975.157
2. Current log-likelihood: -40886.713
3. Current log-likelihood: -40886.334
Optimal log-likelihood: -40886.334
Rate parameters:  A-C: 1.00000  A-G: 2.37230  A-T: 1.00000  C-G: 1.00000  C-T: 2.37230  G-T: 1.00000
Base frequencies:  A: 0.283  C: 0.211  G: 0.228  T: 0.277
Parameters optimization took 3 rounds (0.096 sec)
Wrote distance file to... 
BEST SCORE FOUND : -40886.334
Total tree length: 0.021

Total number of iterations: 0
CPU time used for tree search: 0.000 sec (0h:0m:0s)
Wall-clock time used for tree search: 0.000 sec (0h:0m:0s)
Total CPU time used: 429.741 sec (0h:7m:9s)
Total wall-clock time used: 160.168 sec (0h:2m:40s)

===> START JACKKNIFE REPLICATE NUMBER 837

Creating jackknife alignment (seed: 786563)...
Reading input tree file gl_output_rmq.fasta.raxml.bestTree ...

NOTE: 7 MB RAM (0 GB) is required!
Estimate model parameters (epsilon = 0.010)
1. Initial log-likelihood: -40846.891
2. Current log-likelihood: -40762.202
Optimal log-likelihood: -40762.193
Rate parameters:  A-C: 1.00000  A-G: 2.47868  A-T: 1.00000  C-G: 1.00000  C-T: 2.47868  G-T: 1.00000
Base frequencies:  A: 0.284  C: 0.209  G: 0.225  T: 0.282
Parameters optimization took 2 rounds (0.065 sec)
Wrote distance file to... 
BEST SCORE FOUND : -40762.193
Total tree length: 0.021

Total number of iterations: 0
CPU time used for tree search: 0.000 sec (0h:0m:0s)
Wall-clock time used for tree search: 0.000 sec (0h:0m:0s)
Total CPU time used: 430.066 sec (0h:7m:10s)
Total wall-clock time used: 160.289 sec (0h:2m:40s)

===> START JACKKNIFE REPLICATE NUMBER 838

Creating jackknife alignment (seed: 786564)...
Reading input tree file gl_output_rmq.fasta.raxml.bestTree ...

NOTE: 7 MB RAM (0 GB) is required!
Estimate model parameters (epsilon = 0.010)
1. Initial log-likelihood: -40913.522
2. Current log-likelihood: -40812.717
3. Current log-likelihood: -40812.621
Optimal log-likelihood: -40812.620
Rate parameters:  A-C: 1.00000  A-G: 2.86382  A-T: 1.00000  C-G: 1.00000  C-T: 2.86382  G-T: 1.00000
Base frequencies:  A: 0.282  C: 0.209  G: 0.227  T: 0.282
Parameters optimization took 3 rounds (0.098 sec)
Wrote distance file to... 
BEST SCORE FOUND : -40812.620
Total tree length: 0.021

Total number of iterations: 0
CPU time used for tree search: 0.000 sec (0h:0m:0s)
Wall-clock time used for tree search: 0.000 sec (0h:0m:0s)
Total CPU time used: 430.490 sec (0h:7m:10s)
Total wall-clock time used: 160.444 sec (0h:2m:40s)

===> START JACKKNIFE REPLICATE NUMBER 839

Creating jackknife alignment (seed: 786565)...
Reading input tree file gl_output_rmq.fasta.raxml.bestTree ...

NOTE: 7 MB RAM (0 GB) is required!
Estimate model parameters (epsilon = 0.010)
1. Initial log-likelihood: -40773.263
2. Current log-likelihood: -40673.722
3. Current log-likelihood: -40673.483
Optimal log-likelihood: -40673.478
Rate parameters:  A-C: 1.00000  A-G: 2.64056  A-T: 1.00000  C-G: 1.00000  C-T: 2.64056  G-T: 1.00000
Base frequencies:  A: 0.281  C: 0.208  G: 0.227  T: 0.284
Parameters optimization took 3 rounds (0.098 sec)
Wrote distance file to... 
BEST SCORE FOUND : -40673.478
Total tree length: 0.021

Total number of iterations: 0
CPU time used for tree search: 0.000 sec (0h:0m:0s)
Wall-clock time used for tree search: 0.000 sec (0h:0m:0s)
Total CPU time used: 430.922 sec (0h:7m:10s)
Total wall-clock time used: 160.607 sec (0h:2m:40s)

===> START JACKKNIFE REPLICATE NUMBER 840

Creating jackknife alignment (seed: 786566)...
Reading input tree file gl_output_rmq.fasta.raxml.bestTree ...

NOTE: 7 MB RAM (0 GB) is required!
Estimate model parameters (epsilon = 0.010)
1. Initial log-likelihood: -40732.760
2. Current log-likelihood: -40643.398
3. Current log-likelihood: -40642.845
Optimal log-likelihood: -40642.844
Rate parameters:  A-C: 1.00000  A-G: 2.42537  A-T: 1.00000  C-G: 1.00000  C-T: 2.42537  G-T: 1.00000
Base frequencies:  A: 0.283  C: 0.209  G: 0.225  T: 0.283
Parameters optimization took 3 rounds (0.108 sec)
Wrote distance file to... 
BEST SCORE FOUND : -40642.844
Total tree length: 0.020

Total number of iterations: 0
CPU time used for tree search: 0.000 sec (0h:0m:0s)
Wall-clock time used for tree search: 0.000 sec (0h:0m:0s)
Total CPU time used: 431.373 sec (0h:7m:11s)
Total wall-clock time used: 160.770 sec (0h:2m:40s)

===> START JACKKNIFE REPLICATE NUMBER 841

Creating jackknife alignment (seed: 786567)...
Reading input tree file gl_output_rmq.fasta.raxml.bestTree ...

NOTE: 7 MB RAM (0 GB) is required!
Estimate model parameters (epsilon = 0.010)
1. Initial log-likelihood: -40953.859
2. Current log-likelihood: -40878.086
3. Current log-likelihood: -40877.959
Optimal log-likelihood: -40877.959
Rate parameters:  A-C: 1.00000  A-G: 2.23494  A-T: 1.00000  C-G: 1.00000  C-T: 2.23494  G-T: 1.00000
Base frequencies:  A: 0.281  C: 0.212  G: 0.227  T: 0.280
Parameters optimization took 3 rounds (0.111 sec)
Wrote distance file to... 
BEST SCORE FOUND : -40877.959
Total tree length: 0.021

Total number of iterations: 0
CPU time used for tree search: 0.000 sec (0h:0m:0s)
Wall-clock time used for tree search: 0.000 sec (0h:0m:0s)
Total CPU time used: 431.837 sec (0h:7m:11s)
Total wall-clock time used: 160.937 sec (0h:2m:40s)

===> START JACKKNIFE REPLICATE NUMBER 842

Creating jackknife alignment (seed: 786568)...
Reading input tree file gl_output_rmq.fasta.raxml.bestTree ...

NOTE: 7 MB RAM (0 GB) is required!
Estimate model parameters (epsilon = 0.010)
1. Initial log-likelihood: -40967.765
2. Current log-likelihood: -40869.643
3. Current log-likelihood: -40869.593
Optimal log-likelihood: -40869.590
Rate parameters:  A-C: 1.00000  A-G: 2.72117  A-T: 1.00000  C-G: 1.00000  C-T: 2.72117  G-T: 1.00000
Base frequencies:  A: 0.282  C: 0.209  G: 0.230  T: 0.279
Parameters optimization took 3 rounds (0.100 sec)
Wrote distance file to... 
BEST SCORE FOUND : -40869.590
Total tree length: 0.021

Total number of iterations: 0
CPU time used for tree search: 0.000 sec (0h:0m:0s)
Wall-clock time used for tree search: 0.000 sec (0h:0m:0s)
Total CPU time used: 432.269 sec (0h:7m:12s)
Total wall-clock time used: 161.098 sec (0h:2m:41s)

===> START JACKKNIFE REPLICATE NUMBER 843

Creating jackknife alignment (seed: 786569)...
Reading input tree file gl_output_rmq.fasta.raxml.bestTree ...

NOTE: 7 MB RAM (0 GB) is required!
Estimate model parameters (epsilon = 0.010)
1. Initial log-likelihood: -40984.166
2. Current log-likelihood: -40916.143
3. Current log-likelihood: -40916.103
Optimal log-likelihood: -40916.103
Rate parameters:  A-C: 1.00000  A-G: 1.97931  A-T: 1.00000  C-G: 1.00000  C-T: 1.97931  G-T: 1.00000
Base frequencies:  A: 0.280  C: 0.213  G: 0.228  T: 0.278
Parameters optimization took 3 rounds (0.105 sec)
Wrote distance file to... 
BEST SCORE FOUND : -40916.103
Total tree length: 0.021

Total number of iterations: 0
CPU time used for tree search: 0.000 sec (0h:0m:0s)
Wall-clock time used for tree search: 0.000 sec (0h:0m:0s)
Total CPU time used: 432.745 sec (0h:7m:12s)
Total wall-clock time used: 161.270 sec (0h:2m:41s)

===> START JACKKNIFE REPLICATE NUMBER 844

Creating jackknife alignment (seed: 786570)...
Reading input tree file gl_output_rmq.fasta.raxml.bestTree ...

NOTE: 7 MB RAM (0 GB) is required!
Estimate model parameters (epsilon = 0.010)
1. Initial log-likelihood: -41125.608
2. Current log-likelihood: -41055.720
3. Current log-likelihood: -41055.481
Optimal log-likelihood: -41055.481
Rate parameters:  A-C: 1.00000  A-G: 2.07929  A-T: 1.00000  C-G: 1.00000  C-T: 2.07929  G-T: 1.00000
Base frequencies:  A: 0.283  C: 0.212  G: 0.226  T: 0.280
Parameters optimization took 3 rounds (0.090 sec)
Wrote distance file to... 
BEST SCORE FOUND : -41055.481
Total tree length: 0.022

Total number of iterations: 0
CPU time used for tree search: 0.000 sec (0h:0m:0s)
Wall-clock time used for tree search: 0.000 sec (0h:0m:0s)
Total CPU time used: 433.149 sec (0h:7m:13s)
Total wall-clock time used: 161.416 sec (0h:2m:41s)

===> START JACKKNIFE REPLICATE NUMBER 845

Creating jackknife alignment (seed: 786571)...
Reading input tree file gl_output_rmq.fasta.raxml.bestTree ...

NOTE: 7 MB RAM (0 GB) is required!
Estimate model parameters (epsilon = 0.010)
1. Initial log-likelihood: -41200.027
2. Current log-likelihood: -41115.864
3. Current log-likelihood: -41115.796
Optimal log-likelihood: -41115.790
Rate parameters:  A-C: 1.00000  A-G: 2.42232  A-T: 1.00000  C-G: 1.00000  C-T: 2.42232  G-T: 1.00000
Base frequencies:  A: 0.280  C: 0.211  G: 0.228  T: 0.282
Parameters optimization took 3 rounds (0.108 sec)
Wrote distance file to... 
BEST SCORE FOUND : -41115.790
Total tree length: 0.022

Total number of iterations: 0
CPU time used for tree search: 0.000 sec (0h:0m:0s)
Wall-clock time used for tree search: 0.000 sec (0h:0m:0s)
Total CPU time used: 433.605 sec (0h:7m:13s)
Total wall-clock time used: 161.579 sec (0h:2m:41s)

===> START JACKKNIFE REPLICATE NUMBER 846

Creating jackknife alignment (seed: 786572)...
Reading input tree file gl_output_rmq.fasta.raxml.bestTree ...

NOTE: 7 MB RAM (0 GB) is required!
Estimate model parameters (epsilon = 0.010)
1. Initial log-likelihood: -40922.854
2. Current log-likelihood: -40830.880
3. Current log-likelihood: -40830.559
Optimal log-likelihood: -40830.543
Rate parameters:  A-C: 1.00000  A-G: 2.40862  A-T: 1.00000  C-G: 1.00000  C-T: 2.40862  G-T: 1.00000
Base frequencies:  A: 0.285  C: 0.210  G: 0.224  T: 0.281
Parameters optimization took 3 rounds (0.093 sec)
Wrote distance file to... 
BEST SCORE FOUND : -40830.543
Total tree length: 0.021

Total number of iterations: 0
CPU time used for tree search: 0.000 sec (0h:0m:0s)
Wall-clock time used for tree search: 0.000 sec (0h:0m:0s)
Total CPU time used: 434.022 sec (0h:7m:14s)
Total wall-clock time used: 161.731 sec (0h:2m:41s)

===> START JACKKNIFE REPLICATE NUMBER 847

Creating jackknife alignment (seed: 786573)...
Reading input tree file gl_output_rmq.fasta.raxml.bestTree ...

NOTE: 7 MB RAM (0 GB) is required!
Estimate model parameters (epsilon = 0.010)
1. Initial log-likelihood: -41003.071
2. Current log-likelihood: -40914.390
3. Current log-likelihood: -40914.364
Optimal log-likelihood: -40914.363
Rate parameters:  A-C: 1.00000  A-G: 2.36484  A-T: 1.00000  C-G: 1.00000  C-T: 2.36484  G-T: 1.00000
Base frequencies:  A: 0.281  C: 0.206  G: 0.228  T: 0.284
Parameters optimization took 3 rounds (0.083 sec)
Wrote distance file to... 
BEST SCORE FOUND : -40914.363
Total tree length: 0.022

Total number of iterations: 0
CPU time used for tree search: 0.000 sec (0h:0m:0s)
Wall-clock time used for tree search: 0.000 sec (0h:0m:0s)
Total CPU time used: 434.402 sec (0h:7m:14s)
Total wall-clock time used: 161.872 sec (0h:2m:41s)

===> START JACKKNIFE REPLICATE NUMBER 848

Creating jackknife alignment (seed: 786574)...
Reading input tree file gl_output_rmq.fasta.raxml.bestTree ...

NOTE: 7 MB RAM (0 GB) is required!
Estimate model parameters (epsilon = 0.010)
1. Initial log-likelihood: -40980.841
2. Current log-likelihood: -40887.143
3. Current log-likelihood: -40887.117
Optimal log-likelihood: -40887.107
Rate parameters:  A-C: 1.00000  A-G: 2.68365  A-T: 1.00000  C-G: 1.00000  C-T: 2.68365  G-T: 1.00000
Base frequencies:  A: 0.280  C: 0.213  G: 0.226  T: 0.281
Parameters optimization took 3 rounds (0.082 sec)
Wrote distance file to... 
BEST SCORE FOUND : -40887.107
Total tree length: 0.021

Total number of iterations: 0
CPU time used for tree search: 0.000 sec (0h:0m:0s)
Wall-clock time used for tree search: 0.000 sec (0h:0m:0s)
Total CPU time used: 434.777 sec (0h:7m:14s)
Total wall-clock time used: 162.008 sec (0h:2m:42s)

===> START JACKKNIFE REPLICATE NUMBER 849

Creating jackknife alignment (seed: 786575)...
Reading input tree file gl_output_rmq.fasta.raxml.bestTree ...

NOTE: 7 MB RAM (0 GB) is required!
Estimate model parameters (epsilon = 0.010)
1. Initial log-likelihood: -40880.330
2. Current log-likelihood: -40799.928
3. Current log-likelihood: -40799.703
Optimal log-likelihood: -40799.703
Rate parameters:  A-C: 1.00000  A-G: 2.24958  A-T: 1.00000  C-G: 1.00000  C-T: 2.24958  G-T: 1.00000
Base frequencies:  A: 0.283  C: 0.210  G: 0.228  T: 0.279
Parameters optimization took 3 rounds (0.124 sec)
Wrote distance file to... 
BEST SCORE FOUND : -40799.703
Total tree length: 0.021

Total number of iterations: 0
CPU time used for tree search: 0.000 sec (0h:0m:0s)
Wall-clock time used for tree search: 0.000 sec (0h:0m:0s)
Total CPU time used: 435.325 sec (0h:7m:15s)
Total wall-clock time used: 162.213 sec (0h:2m:42s)

===> START JACKKNIFE REPLICATE NUMBER 850

Creating jackknife alignment (seed: 786576)...
Reading input tree file gl_output_rmq.fasta.raxml.bestTree ...

NOTE: 7 MB RAM (0 GB) is required!
Estimate model parameters (epsilon = 0.010)
1. Initial log-likelihood: -41314.775
2. Current log-likelihood: -41225.467
3. Current log-likelihood: -41225.363
Optimal log-likelihood: -41225.363
Rate parameters:  A-C: 1.00000  A-G: 2.47910  A-T: 1.00000  C-G: 1.00000  C-T: 2.47910  G-T: 1.00000
Base frequencies:  A: 0.281  C: 0.211  G: 0.226  T: 0.281
Parameters optimization took 3 rounds (0.102 sec)
Wrote distance file to... 
BEST SCORE FOUND : -41225.363
Total tree length: 0.023

Total number of iterations: 0
CPU time used for tree search: 0.000 sec (0h:0m:0s)
Wall-clock time used for tree search: 0.000 sec (0h:0m:0s)
Total CPU time used: 435.763 sec (0h:7m:15s)
Total wall-clock time used: 162.373 sec (0h:2m:42s)

===> START JACKKNIFE REPLICATE NUMBER 851

Creating jackknife alignment (seed: 786577)...
Reading input tree file gl_output_rmq.fasta.raxml.bestTree ...

NOTE: 7 MB RAM (0 GB) is required!
Estimate model parameters (epsilon = 0.010)
1. Initial log-likelihood: -41183.963
2. Current log-likelihood: -41081.265
Optimal log-likelihood: -41081.258
Rate parameters:  A-C: 1.00000  A-G: 2.69850  A-T: 1.00000  C-G: 1.00000  C-T: 2.69850  G-T: 1.00000
Base frequencies:  A: 0.283  C: 0.211  G: 0.228  T: 0.279
Parameters optimization took 2 rounds (0.069 sec)
Wrote distance file to... 
BEST SCORE FOUND : -41081.258
Total tree length: 0.022

Total number of iterations: 0
CPU time used for tree search: 0.000 sec (0h:0m:0s)
Wall-clock time used for tree search: 0.000 sec (0h:0m:0s)
Total CPU time used: 436.102 sec (0h:7m:16s)
Total wall-clock time used: 162.503 sec (0h:2m:42s)

===> START JACKKNIFE REPLICATE NUMBER 852

Creating jackknife alignment (seed: 786578)...
Reading input tree file gl_output_rmq.fasta.raxml.bestTree ...

NOTE: 7 MB RAM (0 GB) is required!
Estimate model parameters (epsilon = 0.010)
1. Initial log-likelihood: -40767.580
2. Current log-likelihood: -40670.707
Optimal log-likelihood: -40670.698
Rate parameters:  A-C: 1.00000  A-G: 2.54605  A-T: 1.00000  C-G: 1.00000  C-T: 2.54605  G-T: 1.00000
Base frequencies:  A: 0.285  C: 0.209  G: 0.227  T: 0.279
Parameters optimization took 2 rounds (0.073 sec)
Wrote distance file to... 
BEST SCORE FOUND : -40670.698
Total tree length: 0.020

Total number of iterations: 0
CPU time used for tree search: 0.000 sec (0h:0m:0s)
Wall-clock time used for tree search: 0.000 sec (0h:0m:0s)
Total CPU time used: 436.459 sec (0h:7m:16s)
Total wall-clock time used: 162.634 sec (0h:2m:42s)

===> START JACKKNIFE REPLICATE NUMBER 853

Creating jackknife alignment (seed: 786579)...
Reading input tree file gl_output_rmq.fasta.raxml.bestTree ...

NOTE: 8 MB RAM (0 GB) is required!
Estimate model parameters (epsilon = 0.010)
1. Initial log-likelihood: -41546.548
2. Current log-likelihood: -41458.397
3. Current log-likelihood: -41458.172
Optimal log-likelihood: -41458.164
Rate parameters:  A-C: 1.00000  A-G: 2.43629  A-T: 1.00000  C-G: 1.00000  C-T: 2.43629  G-T: 1.00000
Base frequencies:  A: 0.285  C: 0.211  G: 0.226  T: 0.278
Parameters optimization took 3 rounds (0.106 sec)
Wrote distance file to... 
BEST SCORE FOUND : -41458.164
Total tree length: 0.024

Total number of iterations: 0
CPU time used for tree search: 0.000 sec (0h:0m:0s)
Wall-clock time used for tree search: 0.000 sec (0h:0m:0s)
Total CPU time used: 436.915 sec (0h:7m:16s)
Total wall-clock time used: 162.797 sec (0h:2m:42s)

===> START JACKKNIFE REPLICATE NUMBER 854

Creating jackknife alignment (seed: 786580)...
Reading input tree file gl_output_rmq.fasta.raxml.bestTree ...

NOTE: 7 MB RAM (0 GB) is required!
Estimate model parameters (epsilon = 0.010)
1. Initial log-likelihood: -40854.050
2. Current log-likelihood: -40768.660
3. Current log-likelihood: -40768.479
Optimal log-likelihood: -40768.479
Rate parameters:  A-C: 1.00000  A-G: 2.25175  A-T: 1.00000  C-G: 1.00000  C-T: 2.25175  G-T: 1.00000
Base frequencies:  A: 0.282  C: 0.209  G: 0.226  T: 0.282
Parameters optimization took 3 rounds (0.109 sec)
Wrote distance file to... 
BEST SCORE FOUND : -40768.479
Total tree length: 0.021

Total number of iterations: 0
CPU time used for tree search: 0.000 sec (0h:0m:0s)
Wall-clock time used for tree search: 0.000 sec (0h:0m:0s)
Total CPU time used: 437.379 sec (0h:7m:17s)
Total wall-clock time used: 162.964 sec (0h:2m:42s)

===> START JACKKNIFE REPLICATE NUMBER 855

Creating jackknife alignment (seed: 786581)...
Reading input tree file gl_output_rmq.fasta.raxml.bestTree ...

NOTE: 7 MB RAM (0 GB) is required!
Estimate model parameters (epsilon = 0.010)
1. Initial log-likelihood: -41115.907
2. Current log-likelihood: -41024.338
3. Current log-likelihood: -41023.549
Optimal log-likelihood: -41023.548
Rate parameters:  A-C: 1.00000  A-G: 2.58955  A-T: 1.00000  C-G: 1.00000  C-T: 2.58955  G-T: 1.00000
Base frequencies:  A: 0.280  C: 0.209  G: 0.229  T: 0.283
Parameters optimization took 3 rounds (0.111 sec)
Wrote distance file to... 
BEST SCORE FOUND : -41023.548
Total tree length: 0.022

Total number of iterations: 0
CPU time used for tree search: 0.000 sec (0h:0m:0s)
Wall-clock time used for tree search: 0.000 sec (0h:0m:0s)
Total CPU time used: 437.854 sec (0h:7m:17s)
Total wall-clock time used: 163.138 sec (0h:2m:43s)

===> START JACKKNIFE REPLICATE NUMBER 856

Creating jackknife alignment (seed: 786582)...
Reading input tree file gl_output_rmq.fasta.raxml.bestTree ...

NOTE: 7 MB RAM (0 GB) is required!
Estimate model parameters (epsilon = 0.010)
1. Initial log-likelihood: -41174.226
2. Current log-likelihood: -41080.791
3. Current log-likelihood: -41080.710
Optimal log-likelihood: -41080.709
Rate parameters:  A-C: 1.00000  A-G: 2.61687  A-T: 1.00000  C-G: 1.00000  C-T: 2.61687  G-T: 1.00000
Base frequencies:  A: 0.284  C: 0.212  G: 0.225  T: 0.279
Parameters optimization took 3 rounds (0.099 sec)
Wrote distance file to... 
BEST SCORE FOUND : -41080.709
Total tree length: 0.022

Total number of iterations: 0
CPU time used for tree search: 0.000 sec (0h:0m:0s)
Wall-clock time used for tree search: 0.000 sec (0h:0m:0s)
Total CPU time used: 438.294 sec (0h:7m:18s)
Total wall-clock time used: 163.304 sec (0h:2m:43s)

===> START JACKKNIFE REPLICATE NUMBER 857

Creating jackknife alignment (seed: 786583)...
Reading input tree file gl_output_rmq.fasta.raxml.bestTree ...

NOTE: 8 MB RAM (0 GB) is required!
Estimate model parameters (epsilon = 0.010)
1. Initial log-likelihood: -41065.886
2. Current log-likelihood: -40969.779
3. Current log-likelihood: -40969.662
Optimal log-likelihood: -40969.658
Rate parameters:  A-C: 1.00000  A-G: 2.66745  A-T: 1.00000  C-G: 1.00000  C-T: 2.66745  G-T: 1.00000
Base frequencies:  A: 0.281  C: 0.212  G: 0.223  T: 0.284
Parameters optimization took 3 rounds (0.130 sec)
Wrote distance file to... 
BEST SCORE FOUND : -40969.658
Total tree length: 0.022

Total number of iterations: 0
CPU time used for tree search: 0.000 sec (0h:0m:0s)
Wall-clock time used for tree search: 0.000 sec (0h:0m:0s)
Total CPU time used: 438.824 sec (0h:7m:18s)
Total wall-clock time used: 163.495 sec (0h:2m:43s)

===> START JACKKNIFE REPLICATE NUMBER 858

Creating jackknife alignment (seed: 786584)...
Reading input tree file gl_output_rmq.fasta.raxml.bestTree ...

NOTE: 7 MB RAM (0 GB) is required!
Estimate model parameters (epsilon = 0.010)
1. Initial log-likelihood: -41379.374
2. Current log-likelihood: -41284.117
3. Current log-likelihood: -41283.931
Optimal log-likelihood: -41283.931
Rate parameters:  A-C: 1.00000  A-G: 2.53614  A-T: 1.00000  C-G: 1.00000  C-T: 2.53614  G-T: 1.00000
Base frequencies:  A: 0.283  C: 0.211  G: 0.226  T: 0.280
Parameters optimization took 3 rounds (0.114 sec)
Wrote distance file to... 
BEST SCORE FOUND : -41283.931
Total tree length: 0.023

Total number of iterations: 0
CPU time used for tree search: 0.000 sec (0h:0m:0s)
Wall-clock time used for tree search: 0.000 sec (0h:0m:0s)
Total CPU time used: 439.323 sec (0h:7m:19s)
Total wall-clock time used: 163.674 sec (0h:2m:43s)

===> START JACKKNIFE REPLICATE NUMBER 859

Creating jackknife alignment (seed: 786585)...
Reading input tree file gl_output_rmq.fasta.raxml.bestTree ...

NOTE: 7 MB RAM (0 GB) is required!
Estimate model parameters (epsilon = 0.010)
1. Initial log-likelihood: -40904.119
2. Current log-likelihood: -40818.619
3. Current log-likelihood: -40818.436
Optimal log-likelihood: -40818.432
Rate parameters:  A-C: 1.00000  A-G: 2.37255  A-T: 1.00000  C-G: 1.00000  C-T: 2.37255  G-T: 1.00000
Base frequencies:  A: 0.284  C: 0.211  G: 0.225  T: 0.280
Parameters optimization took 3 rounds (0.113 sec)
Wrote distance file to... 
BEST SCORE FOUND : -40818.432
Total tree length: 0.021

Total number of iterations: 0
CPU time used for tree search: 0.000 sec (0h:0m:0s)
Wall-clock time used for tree search: 0.000 sec (0h:0m:0s)
Total CPU time used: 439.799 sec (0h:7m:19s)
Total wall-clock time used: 163.845 sec (0h:2m:43s)

===> START JACKKNIFE REPLICATE NUMBER 860

Creating jackknife alignment (seed: 786586)...
Reading input tree file gl_output_rmq.fasta.raxml.bestTree ...

NOTE: 7 MB RAM (0 GB) is required!
Estimate model parameters (epsilon = 0.010)
1. Initial log-likelihood: -40937.209
2. Current log-likelihood: -40834.678
3. Current log-likelihood: -40834.491
Optimal log-likelihood: -40834.491
Rate parameters:  A-C: 1.00000  A-G: 2.83008  A-T: 1.00000  C-G: 1.00000  C-T: 2.83008  G-T: 1.00000
Base frequencies:  A: 0.284  C: 0.209  G: 0.226  T: 0.281
Parameters optimization took 3 rounds (0.102 sec)
Wrote distance file to... 
BEST SCORE FOUND : -40834.491
Total tree length: 0.021

Total number of iterations: 0
CPU time used for tree search: 0.000 sec (0h:0m:0s)
Wall-clock time used for tree search: 0.000 sec (0h:0m:0s)
Total CPU time used: 440.236 sec (0h:7m:20s)
Total wall-clock time used: 164.004 sec (0h:2m:44s)

===> START JACKKNIFE REPLICATE NUMBER 861

Creating jackknife alignment (seed: 786587)...
Reading input tree file gl_output_rmq.fasta.raxml.bestTree ...

NOTE: 7 MB RAM (0 GB) is required!
Estimate model parameters (epsilon = 0.010)
1. Initial log-likelihood: -40620.730
2. Current log-likelihood: -40529.731
3. Current log-likelihood: -40529.593
Optimal log-likelihood: -40529.590
Rate parameters:  A-C: 1.00000  A-G: 2.66749  A-T: 1.00000  C-G: 1.00000  C-T: 2.66749  G-T: 1.00000
Base frequencies:  A: 0.281  C: 0.208  G: 0.227  T: 0.283
Parameters optimization took 3 rounds (0.091 sec)
Wrote distance file to... 
BEST SCORE FOUND : -40529.590
Total tree length: 0.020

Total number of iterations: 0
CPU time used for tree search: 0.000 sec (0h:0m:0s)
Wall-clock time used for tree search: 0.000 sec (0h:0m:0s)
Total CPU time used: 440.659 sec (0h:7m:20s)
Total wall-clock time used: 164.159 sec (0h:2m:44s)

===> START JACKKNIFE REPLICATE NUMBER 862

Creating jackknife alignment (seed: 786588)...
Reading input tree file gl_output_rmq.fasta.raxml.bestTree ...

NOTE: 7 MB RAM (0 GB) is required!
Estimate model parameters (epsilon = 0.010)
1. Initial log-likelihood: -40962.976
2. Current log-likelihood: -40885.182
3. Current log-likelihood: -40884.725
Optimal log-likelihood: -40884.725
Rate parameters:  A-C: 1.00000  A-G: 2.29418  A-T: 1.00000  C-G: 1.00000  C-T: 2.29418  G-T: 1.00000
Base frequencies:  A: 0.286  C: 0.210  G: 0.223  T: 0.281
Parameters optimization took 3 rounds (0.100 sec)
Wrote distance file to... 
BEST SCORE FOUND : -40884.725
Total tree length: 0.021

Total number of iterations: 0
CPU time used for tree search: 0.000 sec (0h:0m:0s)
Wall-clock time used for tree search: 0.000 sec (0h:0m:0s)
Total CPU time used: 441.094 sec (0h:7m:21s)
Total wall-clock time used: 164.317 sec (0h:2m:44s)

===> START JACKKNIFE REPLICATE NUMBER 863

Creating jackknife alignment (seed: 786589)...
Reading input tree file gl_output_rmq.fasta.raxml.bestTree ...

NOTE: 8 MB RAM (0 GB) is required!
Estimate model parameters (epsilon = 0.010)
1. Initial log-likelihood: -41034.358
2. Current log-likelihood: -40950.039
3. Current log-likelihood: -40950.025
Optimal log-likelihood: -40950.025
Rate parameters:  A-C: 1.00000  A-G: 2.26953  A-T: 1.00000  C-G: 1.00000  C-T: 2.26953  G-T: 1.00000
Base frequencies:  A: 0.283  C: 0.208  G: 0.228  T: 0.281
Parameters optimization took 3 rounds (0.081 sec)
Wrote distance file to... 
BEST SCORE FOUND : -40950.025
Total tree length: 0.022

Total number of iterations: 0
CPU time used for tree search: 0.000 sec (0h:0m:0s)
Wall-clock time used for tree search: 0.000 sec (0h:0m:0s)
Total CPU time used: 441.471 sec (0h:7m:21s)
Total wall-clock time used: 164.460 sec (0h:2m:44s)

===> START JACKKNIFE REPLICATE NUMBER 864

Creating jackknife alignment (seed: 786590)...
Reading input tree file gl_output_rmq.fasta.raxml.bestTree ...

NOTE: 7 MB RAM (0 GB) is required!
Estimate model parameters (epsilon = 0.010)
1. Initial log-likelihood: -41275.396
2. Current log-likelihood: -41181.024
3. Current log-likelihood: -41180.792
Optimal log-likelihood: -41180.790
Rate parameters:  A-C: 1.00000  A-G: 2.68148  A-T: 1.00000  C-G: 1.00000  C-T: 2.68148  G-T: 1.00000
Base frequencies:  A: 0.283  C: 0.214  G: 0.227  T: 0.276
Parameters optimization took 3 rounds (0.097 sec)
Wrote distance file to... 
BEST SCORE FOUND : -41180.790
Total tree length: 0.023

Total number of iterations: 0
CPU time used for tree search: 0.000 sec (0h:0m:0s)
Wall-clock time used for tree search: 0.000 sec (0h:0m:0s)
Total CPU time used: 441.903 sec (0h:7m:21s)
Total wall-clock time used: 164.615 sec (0h:2m:44s)

===> START JACKKNIFE REPLICATE NUMBER 865

Creating jackknife alignment (seed: 786591)...
Reading input tree file gl_output_rmq.fasta.raxml.bestTree ...

NOTE: 8 MB RAM (0 GB) is required!
Estimate model parameters (epsilon = 0.010)
1. Initial log-likelihood: -41180.725
2. Current log-likelihood: -41070.620
Optimal log-likelihood: -41070.614
Rate parameters:  A-C: 1.00000  A-G: 2.83332  A-T: 1.00000  C-G: 1.00000  C-T: 2.83332  G-T: 1.00000
Base frequencies:  A: 0.284  C: 0.210  G: 0.228  T: 0.279
Parameters optimization took 2 rounds (0.074 sec)
Wrote distance file to... 
BEST SCORE FOUND : -41070.614
Total tree length: 0.022

Total number of iterations: 0
CPU time used for tree search: 0.000 sec (0h:0m:0s)
Wall-clock time used for tree search: 0.000 sec (0h:0m:0s)
Total CPU time used: 442.266 sec (0h:7m:22s)
Total wall-clock time used: 164.748 sec (0h:2m:44s)

===> START JACKKNIFE REPLICATE NUMBER 866

Creating jackknife alignment (seed: 786592)...
Reading input tree file gl_output_rmq.fasta.raxml.bestTree ...

NOTE: 7 MB RAM (0 GB) is required!
Estimate model parameters (epsilon = 0.010)
1. Initial log-likelihood: -40816.878
2. Current log-likelihood: -40745.365
3. Current log-likelihood: -40745.023
Optimal log-likelihood: -40745.009
Rate parameters:  A-C: 1.00000  A-G: 2.19716  A-T: 1.00000  C-G: 1.00000  C-T: 2.19716  G-T: 1.00000
Base frequencies:  A: 0.285  C: 0.209  G: 0.227  T: 0.279
Parameters optimization took 3 rounds (0.095 sec)
Wrote distance file to... 
BEST SCORE FOUND : -40745.009
Total tree length: 0.021

Total number of iterations: 0
CPU time used for tree search: 0.000 sec (0h:0m:0s)
Wall-clock time used for tree search: 0.000 sec (0h:0m:0s)
Total CPU time used: 442.689 sec (0h:7m:22s)
Total wall-clock time used: 164.901 sec (0h:2m:44s)

===> START JACKKNIFE REPLICATE NUMBER 867

Creating jackknife alignment (seed: 786593)...
Reading input tree file gl_output_rmq.fasta.raxml.bestTree ...

NOTE: 7 MB RAM (0 GB) is required!
Estimate model parameters (epsilon = 0.010)
1. Initial log-likelihood: -41017.726
2. Current log-likelihood: -40927.301
3. Current log-likelihood: -40926.964
Optimal log-likelihood: -40926.959
Rate parameters:  A-C: 1.00000  A-G: 2.44621  A-T: 1.00000  C-G: 1.00000  C-T: 2.44621  G-T: 1.00000
Base frequencies:  A: 0.285  C: 0.212  G: 0.225  T: 0.279
Parameters optimization took 3 rounds (0.111 sec)
Wrote distance file to... 
BEST SCORE FOUND : -40926.959
Total tree length: 0.022

Total number of iterations: 0
CPU time used for tree search: 0.000 sec (0h:0m:0s)
Wall-clock time used for tree search: 0.000 sec (0h:0m:0s)
Total CPU time used: 443.155 sec (0h:7m:23s)
Total wall-clock time used: 165.070 sec (0h:2m:45s)

===> START JACKKNIFE REPLICATE NUMBER 868

Creating jackknife alignment (seed: 786594)...
Reading input tree file gl_output_rmq.fasta.raxml.bestTree ...

NOTE: 7 MB RAM (0 GB) is required!
Estimate model parameters (epsilon = 0.010)
1. Initial log-likelihood: -40948.066
2. Current log-likelihood: -40865.384
3. Current log-likelihood: -40865.305
Optimal log-likelihood: -40865.305
Rate parameters:  A-C: 1.00000  A-G: 2.28219  A-T: 1.00000  C-G: 1.00000  C-T: 2.28219  G-T: 1.00000
Base frequencies:  A: 0.284  C: 0.210  G: 0.227  T: 0.279
Parameters optimization took 3 rounds (0.096 sec)
Wrote distance file to... 
BEST SCORE FOUND : -40865.305
Total tree length: 0.021

Total number of iterations: 0
CPU time used for tree search: 0.000 sec (0h:0m:0s)
Wall-clock time used for tree search: 0.000 sec (0h:0m:0s)
Total CPU time used: 443.581 sec (0h:7m:23s)
Total wall-clock time used: 165.224 sec (0h:2m:45s)

===> START JACKKNIFE REPLICATE NUMBER 869

Creating jackknife alignment (seed: 786595)...
Reading input tree file gl_output_rmq.fasta.raxml.bestTree ...

NOTE: 7 MB RAM (0 GB) is required!
Estimate model parameters (epsilon = 0.010)
1. Initial log-likelihood: -40698.657
2. Current log-likelihood: -40593.689
3. Current log-likelihood: -40593.630
Optimal log-likelihood: -40593.627
Rate parameters:  A-C: 1.00000  A-G: 2.59949  A-T: 1.00000  C-G: 1.00000  C-T: 2.59949  G-T: 1.00000
Base frequencies:  A: 0.281  C: 0.210  G: 0.229  T: 0.280
Parameters optimization took 3 rounds (0.085 sec)
Wrote distance file to... 
BEST SCORE FOUND : -40593.627
Total tree length: 0.020

Total number of iterations: 0
CPU time used for tree search: 0.000 sec (0h:0m:0s)
Wall-clock time used for tree search: 0.000 sec (0h:0m:0s)
Total CPU time used: 443.970 sec (0h:7m:23s)
Total wall-clock time used: 165.365 sec (0h:2m:45s)

===> START JACKKNIFE REPLICATE NUMBER 870

Creating jackknife alignment (seed: 786596)...
Reading input tree file gl_output_rmq.fasta.raxml.bestTree ...

NOTE: 7 MB RAM (0 GB) is required!
Estimate model parameters (epsilon = 0.010)
1. Initial log-likelihood: -41473.990
2. Current log-likelihood: -41367.266
3. Current log-likelihood: -41367.144
Optimal log-likelihood: -41367.142
Rate parameters:  A-C: 1.00000  A-G: 2.69901  A-T: 1.00000  C-G: 1.00000  C-T: 2.69901  G-T: 1.00000
Base frequencies:  A: 0.281  C: 0.206  G: 0.228  T: 0.285
Parameters optimization took 3 rounds (0.100 sec)
Wrote distance file to... 
BEST SCORE FOUND : -41367.142
Total tree length: 0.023

Total number of iterations: 0
CPU time used for tree search: 0.000 sec (0h:0m:0s)
Wall-clock time used for tree search: 0.000 sec (0h:0m:0s)
Total CPU time used: 444.396 sec (0h:7m:24s)
Total wall-clock time used: 165.521 sec (0h:2m:45s)

===> START JACKKNIFE REPLICATE NUMBER 871

Creating jackknife alignment (seed: 786597)...
Reading input tree file gl_output_rmq.fasta.raxml.bestTree ...

NOTE: 7 MB RAM (0 GB) is required!
Estimate model parameters (epsilon = 0.010)
1. Initial log-likelihood: -41054.055
2. Current log-likelihood: -40967.086
Optimal log-likelihood: -40967.076
Rate parameters:  A-C: 1.00000  A-G: 2.49699  A-T: 1.00000  C-G: 1.00000  C-T: 2.49699  G-T: 1.00000
Base frequencies:  A: 0.284  C: 0.212  G: 0.226  T: 0.278
Parameters optimization took 2 rounds (0.063 sec)
Wrote distance file to... 
BEST SCORE FOUND : -40967.076
Total tree length: 0.021

Total number of iterations: 0
CPU time used for tree search: 0.000 sec (0h:0m:0s)
Wall-clock time used for tree search: 0.000 sec (0h:0m:0s)
Total CPU time used: 444.714 sec (0h:7m:24s)
Total wall-clock time used: 165.640 sec (0h:2m:45s)

===> START JACKKNIFE REPLICATE NUMBER 872

Creating jackknife alignment (seed: 786598)...
Reading input tree file gl_output_rmq.fasta.raxml.bestTree ...

NOTE: 7 MB RAM (0 GB) is required!
Estimate model parameters (epsilon = 0.010)
1. Initial log-likelihood: -41126.676
2. Current log-likelihood: -41011.904
3. Current log-likelihood: -41011.751
Optimal log-likelihood: -41011.750
Rate parameters:  A-C: 1.00000  A-G: 2.82334  A-T: 1.00000  C-G: 1.00000  C-T: 2.82334  G-T: 1.00000
Base frequencies:  A: 0.282  C: 0.207  G: 0.228  T: 0.283
Parameters optimization took 3 rounds (0.100 sec)
Wrote distance file to... 
BEST SCORE FOUND : -41011.750
Total tree length: 0.022

Total number of iterations: 0
CPU time used for tree search: 0.000 sec (0h:0m:0s)
Wall-clock time used for tree search: 0.000 sec (0h:0m:0s)
Total CPU time used: 445.151 sec (0h:7m:25s)
Total wall-clock time used: 165.798 sec (0h:2m:45s)

===> START JACKKNIFE REPLICATE NUMBER 873

Creating jackknife alignment (seed: 786599)...
Reading input tree file gl_output_rmq.fasta.raxml.bestTree ...

NOTE: 8 MB RAM (0 GB) is required!
Estimate model parameters (epsilon = 0.010)
1. Initial log-likelihood: -41423.230
2. Current log-likelihood: -41331.008
3. Current log-likelihood: -41330.880
Optimal log-likelihood: -41330.880
Rate parameters:  A-C: 1.00000  A-G: 2.41789  A-T: 1.00000  C-G: 1.00000  C-T: 2.41789  G-T: 1.00000
Base frequencies:  A: 0.281  C: 0.211  G: 0.228  T: 0.280
Parameters optimization took 3 rounds (0.099 sec)
Wrote distance file to... 
BEST SCORE FOUND : -41330.880
Total tree length: 0.023

Total number of iterations: 0
CPU time used for tree search: 0.000 sec (0h:0m:0s)
Wall-clock time used for tree search: 0.000 sec (0h:0m:0s)
Total CPU time used: 445.579 sec (0h:7m:25s)
Total wall-clock time used: 165.953 sec (0h:2m:45s)

===> START JACKKNIFE REPLICATE NUMBER 874

Creating jackknife alignment (seed: 786600)...
Reading input tree file gl_output_rmq.fasta.raxml.bestTree ...

NOTE: 7 MB RAM (0 GB) is required!
Estimate model parameters (epsilon = 0.010)
1. Initial log-likelihood: -40909.986
2. Current log-likelihood: -40818.977
3. Current log-likelihood: -40818.827
Optimal log-likelihood: -40818.825
Rate parameters:  A-C: 1.00000  A-G: 2.57542  A-T: 1.00000  C-G: 1.00000  C-T: 2.57542  G-T: 1.00000
Base frequencies:  A: 0.283  C: 0.208  G: 0.227  T: 0.282
Parameters optimization took 3 rounds (0.104 sec)
Wrote distance file to... 
BEST SCORE FOUND : -40818.825
Total tree length: 0.021

Total number of iterations: 0
CPU time used for tree search: 0.000 sec (0h:0m:0s)
Wall-clock time used for tree search: 0.000 sec (0h:0m:0s)
Total CPU time used: 446.028 sec (0h:7m:26s)
Total wall-clock time used: 166.115 sec (0h:2m:46s)

===> START JACKKNIFE REPLICATE NUMBER 875

Creating jackknife alignment (seed: 786601)...
Reading input tree file gl_output_rmq.fasta.raxml.bestTree ...

NOTE: 7 MB RAM (0 GB) is required!
Estimate model parameters (epsilon = 0.010)
1. Initial log-likelihood: -41108.989
2. Current log-likelihood: -41003.777
3. Current log-likelihood: -41003.750
Optimal log-likelihood: -41003.748
Rate parameters:  A-C: 1.00000  A-G: 2.76963  A-T: 1.00000  C-G: 1.00000  C-T: 2.76963  G-T: 1.00000
Base frequencies:  A: 0.284  C: 0.210  G: 0.226  T: 0.281
Parameters optimization took 3 rounds (0.107 sec)
Wrote distance file to... 
BEST SCORE FOUND : -41003.748
Total tree length: 0.022

Total number of iterations: 0
CPU time used for tree search: 0.000 sec (0h:0m:0s)
Wall-clock time used for tree search: 0.000 sec (0h:0m:0s)
Total CPU time used: 446.476 sec (0h:7m:26s)
Total wall-clock time used: 166.277 sec (0h:2m:46s)

===> START JACKKNIFE REPLICATE NUMBER 876

Creating jackknife alignment (seed: 786602)...
Reading input tree file gl_output_rmq.fasta.raxml.bestTree ...

NOTE: 7 MB RAM (0 GB) is required!
Estimate model parameters (epsilon = 0.010)
1. Initial log-likelihood: -40926.576
2. Current log-likelihood: -40844.389
3. Current log-likelihood: -40844.339
Optimal log-likelihood: -40844.339
Rate parameters:  A-C: 1.00000  A-G: 2.28855  A-T: 1.00000  C-G: 1.00000  C-T: 2.28855  G-T: 1.00000
Base frequencies:  A: 0.280  C: 0.209  G: 0.227  T: 0.284
Parameters optimization took 3 rounds (0.106 sec)
Wrote distance file to... 
BEST SCORE FOUND : -40844.339
Total tree length: 0.021

Total number of iterations: 0
CPU time used for tree search: 0.000 sec (0h:0m:0s)
Wall-clock time used for tree search: 0.000 sec (0h:0m:0s)
Total CPU time used: 446.931 sec (0h:7m:26s)
Total wall-clock time used: 166.440 sec (0h:2m:46s)

===> START JACKKNIFE REPLICATE NUMBER 877

Creating jackknife alignment (seed: 786603)...
Reading input tree file gl_output_rmq.fasta.raxml.bestTree ...

NOTE: 7 MB RAM (0 GB) is required!
Estimate model parameters (epsilon = 0.010)
1. Initial log-likelihood: -41220.009
2. Current log-likelihood: -41142.139
3. Current log-likelihood: -41142.116
Optimal log-likelihood: -41142.116
Rate parameters:  A-C: 1.00000  A-G: 2.21167  A-T: 1.00000  C-G: 1.00000  C-T: 2.21167  G-T: 1.00000
Base frequencies:  A: 0.282  C: 0.213  G: 0.224  T: 0.281
Parameters optimization took 3 rounds (0.106 sec)
Wrote distance file to... 
BEST SCORE FOUND : -41142.116
Total tree length: 0.022

Total number of iterations: 0
CPU time used for tree search: 0.000 sec (0h:0m:0s)
Wall-clock time used for tree search: 0.000 sec (0h:0m:0s)
Total CPU time used: 447.385 sec (0h:7m:27s)
Total wall-clock time used: 166.603 sec (0h:2m:46s)

===> START JACKKNIFE REPLICATE NUMBER 878

Creating jackknife alignment (seed: 786604)...
Reading input tree file gl_output_rmq.fasta.raxml.bestTree ...

NOTE: 8 MB RAM (0 GB) is required!
Estimate model parameters (epsilon = 0.010)
1. Initial log-likelihood: -41449.605
2. Current log-likelihood: -41354.753
3. Current log-likelihood: -41354.644
Optimal log-likelihood: -41354.644
Rate parameters:  A-C: 1.00000  A-G: 2.50322  A-T: 1.00000  C-G: 1.00000  C-T: 2.50322  G-T: 1.00000
Base frequencies:  A: 0.283  C: 0.208  G: 0.225  T: 0.283
Parameters optimization took 3 rounds (0.100 sec)
Wrote distance file to... 
BEST SCORE FOUND : -41354.644
Total tree length: 0.023

Total number of iterations: 0
CPU time used for tree search: 0.000 sec (0h:0m:0s)
Wall-clock time used for tree search: 0.000 sec (0h:0m:0s)
Total CPU time used: 447.814 sec (0h:7m:27s)
Total wall-clock time used: 166.758 sec (0h:2m:46s)

===> START JACKKNIFE REPLICATE NUMBER 879

Creating jackknife alignment (seed: 786605)...
Reading input tree file gl_output_rmq.fasta.raxml.bestTree ...

NOTE: 7 MB RAM (0 GB) is required!
Estimate model parameters (epsilon = 0.010)
1. Initial log-likelihood: -41163.198
2. Current log-likelihood: -41074.207
3. Current log-likelihood: -41073.731
Optimal log-likelihood: -41073.730
Rate parameters:  A-C: 1.00000  A-G: 2.43485  A-T: 1.00000  C-G: 1.00000  C-T: 2.43485  G-T: 1.00000
Base frequencies:  A: 0.285  C: 0.210  G: 0.226  T: 0.279
Parameters optimization took 3 rounds (0.093 sec)
Wrote distance file to... 
BEST SCORE FOUND : -41073.730
Total tree length: 0.022

Total number of iterations: 0
CPU time used for tree search: 0.000 sec (0h:0m:0s)
Wall-clock time used for tree search: 0.000 sec (0h:0m:0s)
Total CPU time used: 448.231 sec (0h:7m:28s)
Total wall-clock time used: 166.910 sec (0h:2m:46s)

===> START JACKKNIFE REPLICATE NUMBER 880

Creating jackknife alignment (seed: 786606)...
Reading input tree file gl_output_rmq.fasta.raxml.bestTree ...

NOTE: 7 MB RAM (0 GB) is required!
Estimate model parameters (epsilon = 0.010)
1. Initial log-likelihood: -40968.358
2. Current log-likelihood: -40877.771
3. Current log-likelihood: -40877.704
Optimal log-likelihood: -40877.704
Rate parameters:  A-C: 1.00000  A-G: 2.32573  A-T: 1.00000  C-G: 1.00000  C-T: 2.32573  G-T: 1.00000
Base frequencies:  A: 0.283  C: 0.210  G: 0.228  T: 0.278
Parameters optimization took 3 rounds (0.097 sec)
Wrote distance file to... 
BEST SCORE FOUND : -40877.704
Total tree length: 0.021

Total number of iterations: 0
CPU time used for tree search: 0.000 sec (0h:0m:0s)
Wall-clock time used for tree search: 0.000 sec (0h:0m:0s)
Total CPU time used: 448.647 sec (0h:7m:28s)
Total wall-clock time used: 167.061 sec (0h:2m:47s)

===> START JACKKNIFE REPLICATE NUMBER 881

Creating jackknife alignment (seed: 786607)...
Reading input tree file gl_output_rmq.fasta.raxml.bestTree ...

NOTE: 7 MB RAM (0 GB) is required!
Estimate model parameters (epsilon = 0.010)
1. Initial log-likelihood: -41101.621
2. Current log-likelihood: -41011.269
3. Current log-likelihood: -41011.167
Optimal log-likelihood: -41011.167
Rate parameters:  A-C: 1.00000  A-G: 2.42144  A-T: 1.00000  C-G: 1.00000  C-T: 2.42144  G-T: 1.00000
Base frequencies:  A: 0.279  C: 0.213  G: 0.227  T: 0.282
Parameters optimization took 3 rounds (0.095 sec)
Wrote distance file to... 
BEST SCORE FOUND : -41011.167
Total tree length: 0.022

Total number of iterations: 0
CPU time used for tree search: 0.000 sec (0h:0m:0s)
Wall-clock time used for tree search: 0.000 sec (0h:0m:0s)
Total CPU time used: 449.058 sec (0h:7m:29s)
Total wall-clock time used: 167.211 sec (0h:2m:47s)

===> START JACKKNIFE REPLICATE NUMBER 882

Creating jackknife alignment (seed: 786608)...
Reading input tree file gl_output_rmq.fasta.raxml.bestTree ...

NOTE: 7 MB RAM (0 GB) is required!
Estimate model parameters (epsilon = 0.010)
1. Initial log-likelihood: -40847.783
2. Current log-likelihood: -40758.181
3. Current log-likelihood: -40758.137
Optimal log-likelihood: -40758.137
Rate parameters:  A-C: 1.00000  A-G: 2.35722  A-T: 1.00000  C-G: 1.00000  C-T: 2.35722  G-T: 1.00000
Base frequencies:  A: 0.284  C: 0.213  G: 0.226  T: 0.277
Parameters optimization took 3 rounds (0.093 sec)
Wrote distance file to... 
BEST SCORE FOUND : -40758.137
Total tree length: 0.020

Total number of iterations: 0
CPU time used for tree search: 0.000 sec (0h:0m:0s)
Wall-clock time used for tree search: 0.000 sec (0h:0m:0s)
Total CPU time used: 449.469 sec (0h:7m:29s)
Total wall-clock time used: 167.360 sec (0h:2m:47s)

===> START JACKKNIFE REPLICATE NUMBER 883

Creating jackknife alignment (seed: 786609)...
Reading input tree file gl_output_rmq.fasta.raxml.bestTree ...

NOTE: 8 MB RAM (0 GB) is required!
Estimate model parameters (epsilon = 0.010)
1. Initial log-likelihood: -41401.322
2. Current log-likelihood: -41299.845
3. Current log-likelihood: -41299.780
Optimal log-likelihood: -41299.780
Rate parameters:  A-C: 1.00000  A-G: 2.54948  A-T: 1.00000  C-G: 1.00000  C-T: 2.54948  G-T: 1.00000
Base frequencies:  A: 0.281  C: 0.212  G: 0.228  T: 0.279
Parameters optimization took 3 rounds (0.090 sec)
Wrote distance file to... 
BEST SCORE FOUND : -41299.780
Total tree length: 0.023

Total number of iterations: 0
CPU time used for tree search: 0.000 sec (0h:0m:0s)
Wall-clock time used for tree search: 0.000 sec (0h:0m:0s)
Total CPU time used: 449.889 sec (0h:7m:29s)
Total wall-clock time used: 167.512 sec (0h:2m:47s)

===> START JACKKNIFE REPLICATE NUMBER 884

Creating jackknife alignment (seed: 786610)...
Reading input tree file gl_output_rmq.fasta.raxml.bestTree ...

NOTE: 7 MB RAM (0 GB) is required!
Estimate model parameters (epsilon = 0.010)
1. Initial log-likelihood: -40696.663
2. Current log-likelihood: -40599.737
3. Current log-likelihood: -40599.645
Optimal log-likelihood: -40599.642
Rate parameters:  A-C: 1.00000  A-G: 2.62195  A-T: 1.00000  C-G: 1.00000  C-T: 2.62195  G-T: 1.00000
Base frequencies:  A: 0.284  C: 0.210  G: 0.228  T: 0.279
Parameters optimization took 3 rounds (0.098 sec)
Wrote distance file to... 
BEST SCORE FOUND : -40599.642
Total tree length: 0.020

Total number of iterations: 0
CPU time used for tree search: 0.000 sec (0h:0m:0s)
Wall-clock time used for tree search: 0.000 sec (0h:0m:0s)
Total CPU time used: 450.327 sec (0h:7m:30s)
Total wall-clock time used: 167.676 sec (0h:2m:47s)

===> START JACKKNIFE REPLICATE NUMBER 885

Creating jackknife alignment (seed: 786611)...
Reading input tree file gl_output_rmq.fasta.raxml.bestTree ...

NOTE: 7 MB RAM (0 GB) is required!
Estimate model parameters (epsilon = 0.010)
1. Initial log-likelihood: -41160.434
2. Current log-likelihood: -41085.265
3. Current log-likelihood: -41085.126
Optimal log-likelihood: -41085.126
Rate parameters:  A-C: 1.00000  A-G: 2.17301  A-T: 1.00000  C-G: 1.00000  C-T: 2.17301  G-T: 1.00000
Base frequencies:  A: 0.282  C: 0.208  G: 0.226  T: 0.284
Parameters optimization took 3 rounds (0.107 sec)
Wrote distance file to... 
BEST SCORE FOUND : -41085.126
Total tree length: 0.022

Total number of iterations: 0
CPU time used for tree search: 0.000 sec (0h:0m:0s)
Wall-clock time used for tree search: 0.000 sec (0h:0m:0s)
Total CPU time used: 450.781 sec (0h:7m:30s)
Total wall-clock time used: 167.841 sec (0h:2m:47s)

===> START JACKKNIFE REPLICATE NUMBER 886

Creating jackknife alignment (seed: 786612)...
Reading input tree file gl_output_rmq.fasta.raxml.bestTree ...

NOTE: 8 MB RAM (0 GB) is required!
Estimate model parameters (epsilon = 0.010)
1. Initial log-likelihood: -41672.938
2. Current log-likelihood: -41573.989
3. Current log-likelihood: -41573.911
Optimal log-likelihood: -41573.906
Rate parameters:  A-C: 1.00000  A-G: 2.58225  A-T: 1.00000  C-G: 1.00000  C-T: 2.58225  G-T: 1.00000
Base frequencies:  A: 0.284  C: 0.212  G: 0.224  T: 0.281
Parameters optimization took 3 rounds (0.098 sec)
Wrote distance file to... 
BEST SCORE FOUND : -41573.906
Total tree length: 0.024

Total number of iterations: 0
CPU time used for tree search: 0.000 sec (0h:0m:0s)
Wall-clock time used for tree search: 0.000 sec (0h:0m:0s)
Total CPU time used: 451.215 sec (0h:7m:31s)
Total wall-clock time used: 167.999 sec (0h:2m:47s)

===> START JACKKNIFE REPLICATE NUMBER 887

Creating jackknife alignment (seed: 786613)...
Reading input tree file gl_output_rmq.fasta.raxml.bestTree ...

NOTE: 7 MB RAM (0 GB) is required!
Estimate model parameters (epsilon = 0.010)
1. Initial log-likelihood: -41040.752
2. Current log-likelihood: -40934.227
3. Current log-likelihood: -40933.965
Optimal log-likelihood: -40933.964
Rate parameters:  A-C: 1.00000  A-G: 2.79056  A-T: 1.00000  C-G: 1.00000  C-T: 2.79056  G-T: 1.00000
Base frequencies:  A: 0.284  C: 0.208  G: 0.226  T: 0.281
Parameters optimization took 3 rounds (0.099 sec)
Wrote distance file to... 
BEST SCORE FOUND : -40933.964
Total tree length: 0.022

Total number of iterations: 0
CPU time used for tree search: 0.000 sec (0h:0m:0s)
Wall-clock time used for tree search: 0.000 sec (0h:0m:0s)
Total CPU time used: 451.644 sec (0h:7m:31s)
Total wall-clock time used: 168.153 sec (0h:2m:48s)

===> START JACKKNIFE REPLICATE NUMBER 888

Creating jackknife alignment (seed: 786614)...
Reading input tree file gl_output_rmq.fasta.raxml.bestTree ...

NOTE: 7 MB RAM (0 GB) is required!
Estimate model parameters (epsilon = 0.010)
1. Initial log-likelihood: -40673.033
2. Current log-likelihood: -40578.049
3. Current log-likelihood: -40577.992
4. Current log-likelihood: -40577.970
Optimal log-likelihood: -40577.962
Rate parameters:  A-C: 1.00000  A-G: 2.42354  A-T: 1.00000  C-G: 1.00000  C-T: 2.42354  G-T: 1.00000
Base frequencies:  A: 0.283  C: 0.208  G: 0.226  T: 0.283
Parameters optimization took 4 rounds (0.125 sec)
Wrote distance file to... 
BEST SCORE FOUND : -40577.962
Total tree length: 0.020

Total number of iterations: 0
CPU time used for tree search: 0.000 sec (0h:0m:0s)
Wall-clock time used for tree search: 0.000 sec (0h:0m:0s)
Total CPU time used: 452.147 sec (0h:7m:32s)
Total wall-clock time used: 168.332 sec (0h:2m:48s)

===> START JACKKNIFE REPLICATE NUMBER 889

Creating jackknife alignment (seed: 786615)...
Reading input tree file gl_output_rmq.fasta.raxml.bestTree ...

NOTE: 7 MB RAM (0 GB) is required!
Estimate model parameters (epsilon = 0.010)
1. Initial log-likelihood: -40828.130
2. Current log-likelihood: -40725.434
3. Current log-likelihood: -40725.388
4. Current log-likelihood: -40725.355
5. Current log-likelihood: -40725.335
Optimal log-likelihood: -40725.333
Rate parameters:  A-C: 1.00000  A-G: 2.71124  A-T: 1.00000  C-G: 1.00000  C-T: 2.71124  G-T: 1.00000
Base frequencies:  A: 0.285  C: 0.211  G: 0.223  T: 0.282
Parameters optimization took 5 rounds (0.153 sec)
Wrote distance file to... 
BEST SCORE FOUND : -40725.333
Total tree length: 0.021

Total number of iterations: 0
CPU time used for tree search: 0.000 sec (0h:0m:0s)
Wall-clock time used for tree search: 0.000 sec (0h:0m:0s)
Total CPU time used: 452.741 sec (0h:7m:32s)
Total wall-clock time used: 168.543 sec (0h:2m:48s)

===> START JACKKNIFE REPLICATE NUMBER 890

Creating jackknife alignment (seed: 786616)...
Reading input tree file gl_output_rmq.fasta.raxml.bestTree ...

NOTE: 8 MB RAM (0 GB) is required!
Estimate model parameters (epsilon = 0.010)
1. Initial log-likelihood: -41106.766
2. Current log-likelihood: -41012.549
3. Current log-likelihood: -41012.378
4. Current log-likelihood: -41012.354
Optimal log-likelihood: -41012.354
Rate parameters:  A-C: 1.00000  A-G: 2.52539  A-T: 1.00000  C-G: 1.00000  C-T: 2.52539  G-T: 1.00000
Base frequencies:  A: 0.282  C: 0.212  G: 0.225  T: 0.281
Parameters optimization took 4 rounds (0.126 sec)
Wrote distance file to... 
BEST SCORE FOUND : -41012.354
Total tree length: 0.022

Total number of iterations: 0
CPU time used for tree search: 0.000 sec (0h:0m:0s)
Wall-clock time used for tree search: 0.000 sec (0h:0m:0s)
Total CPU time used: 453.266 sec (0h:7m:33s)
Total wall-clock time used: 168.735 sec (0h:2m:48s)

===> START JACKKNIFE REPLICATE NUMBER 891

Creating jackknife alignment (seed: 786617)...
Reading input tree file gl_output_rmq.fasta.raxml.bestTree ...

NOTE: 7 MB RAM (0 GB) is required!
Estimate model parameters (epsilon = 0.010)
1. Initial log-likelihood: -40709.435
2. Current log-likelihood: -40615.595
3. Current log-likelihood: -40614.957
Optimal log-likelihood: -40614.955
Rate parameters:  A-C: 1.00000  A-G: 2.72938  A-T: 1.00000  C-G: 1.00000  C-T: 2.72938  G-T: 1.00000
Base frequencies:  A: 0.285  C: 0.210  G: 0.227  T: 0.278
Parameters optimization took 3 rounds (0.096 sec)
Wrote distance file to... 
BEST SCORE FOUND : -40614.955
Total tree length: 0.020

Total number of iterations: 0
CPU time used for tree search: 0.000 sec (0h:0m:0s)
Wall-clock time used for tree search: 0.000 sec (0h:0m:0s)
Total CPU time used: 453.687 sec (0h:7m:33s)
Total wall-clock time used: 168.888 sec (0h:2m:48s)

===> START JACKKNIFE REPLICATE NUMBER 892

Creating jackknife alignment (seed: 786618)...
Reading input tree file gl_output_rmq.fasta.raxml.bestTree ...

NOTE: 7 MB RAM (0 GB) is required!
Estimate model parameters (epsilon = 0.010)
1. Initial log-likelihood: -41223.839
2. Current log-likelihood: -41140.652
3. Current log-likelihood: -41140.386
Optimal log-likelihood: -41140.376
Rate parameters:  A-C: 1.00000  A-G: 2.25254  A-T: 1.00000  C-G: 1.00000  C-T: 2.25254  G-T: 1.00000
Base frequencies:  A: 0.285  C: 0.210  G: 0.225  T: 0.280
Parameters optimization took 3 rounds (0.106 sec)
Wrote distance file to... 
BEST SCORE FOUND : -41140.376
Total tree length: 0.022

Total number of iterations: 0
CPU time used for tree search: 0.000 sec (0h:0m:0s)
Wall-clock time used for tree search: 0.000 sec (0h:0m:0s)
Total CPU time used: 454.146 sec (0h:7m:34s)
Total wall-clock time used: 169.053 sec (0h:2m:49s)

===> START JACKKNIFE REPLICATE NUMBER 893

Creating jackknife alignment (seed: 786619)...
Reading input tree file gl_output_rmq.fasta.raxml.bestTree ...

NOTE: 7 MB RAM (0 GB) is required!
Estimate model parameters (epsilon = 0.010)
1. Initial log-likelihood: -41146.447
2. Current log-likelihood: -41054.669
3. Current log-likelihood: -41054.595
4. Current log-likelihood: -41054.574
Optimal log-likelihood: -41054.566
Rate parameters:  A-C: 1.00000  A-G: 2.67617  A-T: 1.00000  C-G: 1.00000  C-T: 2.67617  G-T: 1.00000
Base frequencies:  A: 0.284  C: 0.207  G: 0.228  T: 0.281
Parameters optimization took 4 rounds (0.136 sec)
Wrote distance file to... 
BEST SCORE FOUND : -41054.566
Total tree length: 0.022

Total number of iterations: 0
CPU time used for tree search: 0.000 sec (0h:0m:0s)
Wall-clock time used for tree search: 0.000 sec (0h:0m:0s)
Total CPU time used: 454.689 sec (0h:7m:34s)
Total wall-clock time used: 169.246 sec (0h:2m:49s)

===> START JACKKNIFE REPLICATE NUMBER 894

Creating jackknife alignment (seed: 786620)...
Reading input tree file gl_output_rmq.fasta.raxml.bestTree ...

NOTE: 7 MB RAM (0 GB) is required!
Estimate model parameters (epsilon = 0.010)
1. Initial log-likelihood: -40945.224
2. Current log-likelihood: -40860.724
3. Current log-likelihood: -40860.647
Optimal log-likelihood: -40860.646
Rate parameters:  A-C: 1.00000  A-G: 2.33849  A-T: 1.00000  C-G: 1.00000  C-T: 2.33849  G-T: 1.00000
Base frequencies:  A: 0.284  C: 0.209  G: 0.226  T: 0.281
Parameters optimization took 3 rounds (0.091 sec)
Wrote distance file to... 
BEST SCORE FOUND : -40860.646
Total tree length: 0.021

Total number of iterations: 0
CPU time used for tree search: 0.000 sec (0h:0m:0s)
Wall-clock time used for tree search: 0.000 sec (0h:0m:0s)
Total CPU time used: 455.102 sec (0h:7m:35s)
Total wall-clock time used: 169.396 sec (0h:2m:49s)

===> START JACKKNIFE REPLICATE NUMBER 895

Creating jackknife alignment (seed: 786621)...
Reading input tree file gl_output_rmq.fasta.raxml.bestTree ...

NOTE: 7 MB RAM (0 GB) is required!
Estimate model parameters (epsilon = 0.010)
1. Initial log-likelihood: -41181.561
2. Current log-likelihood: -41087.949
3. Current log-likelihood: -41087.910
Optimal log-likelihood: -41087.909
Rate parameters:  A-C: 1.00000  A-G: 2.61651  A-T: 1.00000  C-G: 1.00000  C-T: 2.61651  G-T: 1.00000
Base frequencies:  A: 0.284  C: 0.210  G: 0.226  T: 0.280
Parameters optimization took 3 rounds (0.098 sec)
Wrote distance file to... 
BEST SCORE FOUND : -41087.909
Total tree length: 0.022

Total number of iterations: 0
CPU time used for tree search: 0.000 sec (0h:0m:0s)
Wall-clock time used for tree search: 0.000 sec (0h:0m:0s)
Total CPU time used: 455.533 sec (0h:7m:35s)
Total wall-clock time used: 169.552 sec (0h:2m:49s)

===> START JACKKNIFE REPLICATE NUMBER 896

Creating jackknife alignment (seed: 786622)...
Reading input tree file gl_output_rmq.fasta.raxml.bestTree ...

NOTE: 7 MB RAM (0 GB) is required!
Estimate model parameters (epsilon = 0.010)
1. Initial log-likelihood: -40690.050
2. Current log-likelihood: -40607.456
3. Current log-likelihood: -40607.215
4. Current log-likelihood: -40607.171
Optimal log-likelihood: -40607.171
Rate parameters:  A-C: 1.00000  A-G: 2.34597  A-T: 1.00000  C-G: 1.00000  C-T: 2.34597  G-T: 1.00000
Base frequencies:  A: 0.284  C: 0.209  G: 0.229  T: 0.278
Parameters optimization took 4 rounds (0.180 sec)
Wrote distance file to... 
BEST SCORE FOUND : -40607.171
Total tree length: 0.020

Total number of iterations: 0
CPU time used for tree search: 0.000 sec (0h:0m:0s)
Wall-clock time used for tree search: 0.000 sec (0h:0m:0s)
Total CPU time used: 456.199 sec (0h:7m:36s)
Total wall-clock time used: 169.789 sec (0h:2m:49s)

===> START JACKKNIFE REPLICATE NUMBER 897

Creating jackknife alignment (seed: 786623)...
Reading input tree file gl_output_rmq.fasta.raxml.bestTree ...

NOTE: 7 MB RAM (0 GB) is required!
Estimate model parameters (epsilon = 0.010)
1. Initial log-likelihood: -40824.882
2. Current log-likelihood: -40740.418
3. Current log-likelihood: -40740.241
Optimal log-likelihood: -40740.227
Rate parameters:  A-C: 1.00000  A-G: 2.38470  A-T: 1.00000  C-G: 1.00000  C-T: 2.38470  G-T: 1.00000
Base frequencies:  A: 0.284  C: 0.212  G: 0.225  T: 0.280
Parameters optimization took 3 rounds (0.113 sec)
Wrote distance file to... 
BEST SCORE FOUND : -40740.227
Total tree length: 0.021

Total number of iterations: 0
CPU time used for tree search: 0.000 sec (0h:0m:0s)
Wall-clock time used for tree search: 0.000 sec (0h:0m:0s)
Total CPU time used: 456.678 sec (0h:7m:36s)
Total wall-clock time used: 169.963 sec (0h:2m:49s)

===> START JACKKNIFE REPLICATE NUMBER 898

Creating jackknife alignment (seed: 786624)...
Reading input tree file gl_output_rmq.fasta.raxml.bestTree ...

NOTE: 7 MB RAM (0 GB) is required!
Estimate model parameters (epsilon = 0.010)
1. Initial log-likelihood: -40647.831
2. Current log-likelihood: -40554.828
3. Current log-likelihood: -40554.524
Optimal log-likelihood: -40554.521
Rate parameters:  A-C: 1.00000  A-G: 2.52053  A-T: 1.00000  C-G: 1.00000  C-T: 2.52053  G-T: 1.00000
Base frequencies:  A: 0.283  C: 0.214  G: 0.225  T: 0.279
Parameters optimization took 3 rounds (0.120 sec)
Wrote distance file to... 
BEST SCORE FOUND : -40554.521
Total tree length: 0.020

Total number of iterations: 0
CPU time used for tree search: 0.000 sec (0h:0m:0s)
Wall-clock time used for tree search: 0.000 sec (0h:0m:0s)
Total CPU time used: 457.196 sec (0h:7m:37s)
Total wall-clock time used: 170.151 sec (0h:2m:50s)

===> START JACKKNIFE REPLICATE NUMBER 899

Creating jackknife alignment (seed: 786625)...
Reading input tree file gl_output_rmq.fasta.raxml.bestTree ...

NOTE: 7 MB RAM (0 GB) is required!
Estimate model parameters (epsilon = 0.010)
1. Initial log-likelihood: -40781.715
2. Current log-likelihood: -40692.687
3. Current log-likelihood: -40691.405
Optimal log-likelihood: -40691.405
Rate parameters:  A-C: 1.00000  A-G: 2.41988  A-T: 1.00000  C-G: 1.00000  C-T: 2.41988  G-T: 1.00000
Base frequencies:  A: 0.286  C: 0.210  G: 0.226  T: 0.278
Parameters optimization took 3 rounds (0.115 sec)
Wrote distance file to... 
BEST SCORE FOUND : -40691.405
Total tree length: 0.021

Total number of iterations: 0
CPU time used for tree search: 0.000 sec (0h:0m:0s)
Wall-clock time used for tree search: 0.000 sec (0h:0m:0s)
Total CPU time used: 457.674 sec (0h:7m:37s)
Total wall-clock time used: 170.323 sec (0h:2m:50s)

===> START JACKKNIFE REPLICATE NUMBER 900

Creating jackknife alignment (seed: 786626)...
Reading input tree file gl_output_rmq.fasta.raxml.bestTree ...

NOTE: 7 MB RAM (0 GB) is required!
Estimate model parameters (epsilon = 0.010)
1. Initial log-likelihood: -41088.753
2. Current log-likelihood: -41001.165
3. Current log-likelihood: -41001.072
Optimal log-likelihood: -41001.072
Rate parameters:  A-C: 1.00000  A-G: 2.38991  A-T: 1.00000  C-G: 1.00000  C-T: 2.38991  G-T: 1.00000
Base frequencies:  A: 0.280  C: 0.211  G: 0.228  T: 0.280
Parameters optimization took 3 rounds (0.091 sec)
Wrote distance file to... 
BEST SCORE FOUND : -41001.072
Total tree length: 0.021

Total number of iterations: 0
CPU time used for tree search: 0.000 sec (0h:0m:0s)
Wall-clock time used for tree search: 0.000 sec (0h:0m:0s)
Total CPU time used: 458.090 sec (0h:7m:38s)
Total wall-clock time used: 170.480 sec (0h:2m:50s)

===> START JACKKNIFE REPLICATE NUMBER 901

Creating jackknife alignment (seed: 786627)...
Reading input tree file gl_output_rmq.fasta.raxml.bestTree ...

NOTE: 7 MB RAM (0 GB) is required!
Estimate model parameters (epsilon = 0.010)
1. Initial log-likelihood: -40582.974
2. Current log-likelihood: -40498.122
3. Current log-likelihood: -40498.076
Optimal log-likelihood: -40498.076
Rate parameters:  A-C: 1.00000  A-G: 2.31176  A-T: 1.00000  C-G: 1.00000  C-T: 2.31176  G-T: 1.00000
Base frequencies:  A: 0.284  C: 0.208  G: 0.223  T: 0.284
Parameters optimization took 3 rounds (0.106 sec)
Wrote distance file to... 
BEST SCORE FOUND : -40498.076
Total tree length: 0.019

Total number of iterations: 0
CPU time used for tree search: 0.000 sec (0h:0m:0s)
Wall-clock time used for tree search: 0.000 sec (0h:0m:0s)
Total CPU time used: 458.540 sec (0h:7m:38s)
Total wall-clock time used: 170.642 sec (0h:2m:50s)

===> START JACKKNIFE REPLICATE NUMBER 902

Creating jackknife alignment (seed: 786628)...
Reading input tree file gl_output_rmq.fasta.raxml.bestTree ...

NOTE: 7 MB RAM (0 GB) is required!
Estimate model parameters (epsilon = 0.010)
1. Initial log-likelihood: -40905.731
2. Current log-likelihood: -40797.366
3. Current log-likelihood: -40797.206
4. Current log-likelihood: -40797.179
Optimal log-likelihood: -40797.179
Rate parameters:  A-C: 1.00000  A-G: 2.75178  A-T: 1.00000  C-G: 1.00000  C-T: 2.75178  G-T: 1.00000
Base frequencies:  A: 0.281  C: 0.211  G: 0.227  T: 0.281
Parameters optimization took 4 rounds (0.128 sec)
Wrote distance file to... 
BEST SCORE FOUND : -40797.179
Total tree length: 0.021

Total number of iterations: 0
CPU time used for tree search: 0.000 sec (0h:0m:0s)
Wall-clock time used for tree search: 0.000 sec (0h:0m:0s)
Total CPU time used: 459.056 sec (0h:7m:39s)
Total wall-clock time used: 170.828 sec (0h:2m:50s)

===> START JACKKNIFE REPLICATE NUMBER 903

Creating jackknife alignment (seed: 786629)...
Reading input tree file gl_output_rmq.fasta.raxml.bestTree ...

NOTE: 7 MB RAM (0 GB) is required!
Estimate model parameters (epsilon = 0.010)
1. Initial log-likelihood: -40732.845
2. Current log-likelihood: -40683.491
3. Current log-likelihood: -40668.411
4. Current log-likelihood: -40625.877
5. Current log-likelihood: -40625.843
Optimal log-likelihood: -40625.838
Rate parameters:  A-C: 1.00000  A-G: 2.90946  A-T: 1.00000  C-G: 1.00000  C-T: 2.90946  G-T: 1.00000
Base frequencies:  A: 0.283  C: 0.211  G: 0.228  T: 0.279
Parameters optimization took 5 rounds (0.169 sec)
Wrote distance file to... 
BEST SCORE FOUND : -40625.838
Total tree length: 0.020

Total number of iterations: 0
CPU time used for tree search: 0.002 sec (0h:0m:0s)
Wall-clock time used for tree search: 0.000 sec (0h:0m:0s)
Total CPU time used: 459.706 sec (0h:7m:39s)
Total wall-clock time used: 171.057 sec (0h:2m:51s)

===> START JACKKNIFE REPLICATE NUMBER 904

Creating jackknife alignment (seed: 786630)...
Reading input tree file gl_output_rmq.fasta.raxml.bestTree ...

NOTE: 7 MB RAM (0 GB) is required!
Estimate model parameters (epsilon = 0.010)
1. Initial log-likelihood: -40961.527
2. Current log-likelihood: -40876.461
3. Current log-likelihood: -40876.034
Optimal log-likelihood: -40876.034
Rate parameters:  A-C: 1.00000  A-G: 2.45650  A-T: 1.00000  C-G: 1.00000  C-T: 2.45650  G-T: 1.00000
Base frequencies:  A: 0.284  C: 0.211  G: 0.225  T: 0.281
Parameters optimization took 3 rounds (0.118 sec)
Wrote distance file to... 
BEST SCORE FOUND : -40876.034
Total tree length: 0.021

Total number of iterations: 0
CPU time used for tree search: 0.000 sec (0h:0m:0s)
Wall-clock time used for tree search: 0.000 sec (0h:0m:0s)
Total CPU time used: 460.206 sec (0h:7m:40s)
Total wall-clock time used: 171.238 sec (0h:2m:51s)

===> START JACKKNIFE REPLICATE NUMBER 905

Creating jackknife alignment (seed: 786631)...
Reading input tree file gl_output_rmq.fasta.raxml.bestTree ...

NOTE: 7 MB RAM (0 GB) is required!
Estimate model parameters (epsilon = 0.010)
1. Initial log-likelihood: -41133.415
2. Current log-likelihood: -41046.086
3. Current log-likelihood: -41046.002
Optimal log-likelihood: -41045.998
Rate parameters:  A-C: 1.00000  A-G: 2.41050  A-T: 1.00000  C-G: 1.00000  C-T: 2.41050  G-T: 1.00000
Base frequencies:  A: 0.284  C: 0.209  G: 0.226  T: 0.281
Parameters optimization took 3 rounds (0.085 sec)
Wrote distance file to... 
BEST SCORE FOUND : -41045.998
Total tree length: 0.022

Total number of iterations: 0
CPU time used for tree search: 0.000 sec (0h:0m:0s)
Wall-clock time used for tree search: 0.000 sec (0h:0m:0s)
Total CPU time used: 460.620 sec (0h:7m:40s)
Total wall-clock time used: 171.389 sec (0h:2m:51s)

===> START JACKKNIFE REPLICATE NUMBER 906

Creating jackknife alignment (seed: 786632)...
Reading input tree file gl_output_rmq.fasta.raxml.bestTree ...

NOTE: 8 MB RAM (0 GB) is required!
Estimate model parameters (epsilon = 0.010)
1. Initial log-likelihood: -41220.091
2. Current log-likelihood: -41138.493
3. Current log-likelihood: -41138.093
Optimal log-likelihood: -41138.093
Rate parameters:  A-C: 1.00000  A-G: 2.22607  A-T: 1.00000  C-G: 1.00000  C-T: 2.22607  G-T: 1.00000
Base frequencies:  A: 0.283  C: 0.209  G: 0.227  T: 0.281
Parameters optimization took 3 rounds (0.106 sec)
Wrote distance file to... 
BEST SCORE FOUND : -41138.093
Total tree length: 0.022

Total number of iterations: 0
CPU time used for tree search: 0.000 sec (0h:0m:0s)
Wall-clock time used for tree search: 0.000 sec (0h:0m:0s)
Total CPU time used: 461.076 sec (0h:7m:41s)
Total wall-clock time used: 171.553 sec (0h:2m:51s)

===> START JACKKNIFE REPLICATE NUMBER 907

Creating jackknife alignment (seed: 786633)...
Reading input tree file gl_output_rmq.fasta.raxml.bestTree ...

NOTE: 7 MB RAM (0 GB) is required!
Estimate model parameters (epsilon = 0.010)
1. Initial log-likelihood: -40921.538
2. Current log-likelihood: -40830.667
3. Current log-likelihood: -40830.004
Optimal log-likelihood: -40830.000
Rate parameters:  A-C: 1.00000  A-G: 2.53250  A-T: 1.00000  C-G: 1.00000  C-T: 2.53250  G-T: 1.00000
Base frequencies:  A: 0.282  C: 0.210  G: 0.228  T: 0.280
Parameters optimization took 3 rounds (0.108 sec)
Wrote distance file to... 
BEST SCORE FOUND : -40830.000
Total tree length: 0.021

Total number of iterations: 0
CPU time used for tree search: 0.000 sec (0h:0m:0s)
Wall-clock time used for tree search: 0.000 sec (0h:0m:0s)
Total CPU time used: 461.543 sec (0h:7m:41s)
Total wall-clock time used: 171.727 sec (0h:2m:51s)

===> START JACKKNIFE REPLICATE NUMBER 908

Creating jackknife alignment (seed: 786634)...
Reading input tree file gl_output_rmq.fasta.raxml.bestTree ...

NOTE: 7 MB RAM (0 GB) is required!
Estimate model parameters (epsilon = 0.010)
1. Initial log-likelihood: -41202.689
2. Current log-likelihood: -41112.553
3. Current log-likelihood: -41112.404
Optimal log-likelihood: -41112.402
Rate parameters:  A-C: 1.00000  A-G: 2.51952  A-T: 1.00000  C-G: 1.00000  C-T: 2.51952  G-T: 1.00000
Base frequencies:  A: 0.281  C: 0.210  G: 0.227  T: 0.282
Parameters optimization took 3 rounds (0.110 sec)
Wrote distance file to... 
BEST SCORE FOUND : -41112.402
Total tree length: 0.022

Total number of iterations: 0
CPU time used for tree search: 0.000 sec (0h:0m:0s)
Wall-clock time used for tree search: 0.000 sec (0h:0m:0s)
Total CPU time used: 462.004 sec (0h:7m:42s)
Total wall-clock time used: 171.893 sec (0h:2m:51s)

===> START JACKKNIFE REPLICATE NUMBER 909

Creating jackknife alignment (seed: 786635)...
Reading input tree file gl_output_rmq.fasta.raxml.bestTree ...

NOTE: 7 MB RAM (0 GB) is required!
Estimate model parameters (epsilon = 0.010)
1. Initial log-likelihood: -41159.593
2. Current log-likelihood: -41087.172
3. Current log-likelihood: -41087.085
Optimal log-likelihood: -41087.081
Rate parameters:  A-C: 1.00000  A-G: 2.16384  A-T: 1.00000  C-G: 1.00000  C-T: 2.16384  G-T: 1.00000
Base frequencies:  A: 0.285  C: 0.209  G: 0.225  T: 0.282
Parameters optimization took 3 rounds (0.103 sec)
Wrote distance file to... 
BEST SCORE FOUND : -41087.081
Total tree length: 0.022

Total number of iterations: 0
CPU time used for tree search: 0.000 sec (0h:0m:0s)
Wall-clock time used for tree search: 0.000 sec (0h:0m:0s)
Total CPU time used: 462.456 sec (0h:7m:42s)
Total wall-clock time used: 172.057 sec (0h:2m:52s)

===> START JACKKNIFE REPLICATE NUMBER 910

Creating jackknife alignment (seed: 786636)...
Reading input tree file gl_output_rmq.fasta.raxml.bestTree ...

NOTE: 7 MB RAM (0 GB) is required!
Estimate model parameters (epsilon = 0.010)
1. Initial log-likelihood: -40881.694
2. Current log-likelihood: -40804.725
3. Current log-likelihood: -40804.655
Optimal log-likelihood: -40804.654
Rate parameters:  A-C: 1.00000  A-G: 2.20591  A-T: 1.00000  C-G: 1.00000  C-T: 2.20591  G-T: 1.00000
Base frequencies:  A: 0.281  C: 0.213  G: 0.225  T: 0.281
Parameters optimization took 3 rounds (0.086 sec)
Wrote distance file to... 
BEST SCORE FOUND : -40804.654
Total tree length: 0.021

Total number of iterations: 0
CPU time used for tree search: 0.000 sec (0h:0m:0s)
Wall-clock time used for tree search: 0.000 sec (0h:0m:0s)
Total CPU time used: 462.856 sec (0h:7m:42s)
Total wall-clock time used: 172.203 sec (0h:2m:52s)

===> START JACKKNIFE REPLICATE NUMBER 911

Creating jackknife alignment (seed: 786637)...
Reading input tree file gl_output_rmq.fasta.raxml.bestTree ...

NOTE: 7 MB RAM (0 GB) is required!
Estimate model parameters (epsilon = 0.010)
1. Initial log-likelihood: -40550.783
2. Current log-likelihood: -40452.129
3. Current log-likelihood: -40451.976
Optimal log-likelihood: -40451.973
Rate parameters:  A-C: 1.00000  A-G: 2.64170  A-T: 1.00000  C-G: 1.00000  C-T: 2.64170  G-T: 1.00000
Base frequencies:  A: 0.280  C: 0.211  G: 0.228  T: 0.281
Parameters optimization took 3 rounds (0.118 sec)
Wrote distance file to... 
BEST SCORE FOUND : -40451.973
Total tree length: 0.019

Total number of iterations: 0
CPU time used for tree search: 0.000 sec (0h:0m:0s)
Wall-clock time used for tree search: 0.000 sec (0h:0m:0s)
Total CPU time used: 463.346 sec (0h:7m:43s)
Total wall-clock time used: 172.381 sec (0h:2m:52s)

===> START JACKKNIFE REPLICATE NUMBER 912

Creating jackknife alignment (seed: 786638)...
Reading input tree file gl_output_rmq.fasta.raxml.bestTree ...

NOTE: 8 MB RAM (0 GB) is required!
Estimate model parameters (epsilon = 0.010)
1. Initial log-likelihood: -41267.230
2. Current log-likelihood: -41176.577
3. Current log-likelihood: -41176.442
Optimal log-likelihood: -41176.442
Rate parameters:  A-C: 1.00000  A-G: 2.33699  A-T: 1.00000  C-G: 1.00000  C-T: 2.33699  G-T: 1.00000
Base frequencies:  A: 0.284  C: 0.209  G: 0.224  T: 0.282
Parameters optimization took 3 rounds (0.098 sec)
Wrote distance file to... 
BEST SCORE FOUND : -41176.442
Total tree length: 0.023

Total number of iterations: 0
CPU time used for tree search: 0.000 sec (0h:0m:0s)
Wall-clock time used for tree search: 0.000 sec (0h:0m:0s)
Total CPU time used: 463.778 sec (0h:7m:43s)
Total wall-clock time used: 172.536 sec (0h:2m:52s)

===> START JACKKNIFE REPLICATE NUMBER 913

Creating jackknife alignment (seed: 786639)...
Reading input tree file gl_output_rmq.fasta.raxml.bestTree ...

NOTE: 8 MB RAM (0 GB) is required!
Estimate model parameters (epsilon = 0.010)
1. Initial log-likelihood: -41394.534
2. Current log-likelihood: -41306.440
3. Current log-likelihood: -41306.371
Optimal log-likelihood: -41306.364
Rate parameters:  A-C: 1.00000  A-G: 2.35238  A-T: 1.00000  C-G: 1.00000  C-T: 2.35238  G-T: 1.00000
Base frequencies:  A: 0.286  C: 0.207  G: 0.227  T: 0.279
Parameters optimization took 3 rounds (0.103 sec)
Wrote distance file to... 
BEST SCORE FOUND : -41306.364
Total tree length: 0.023

Total number of iterations: 0
CPU time used for tree search: 0.000 sec (0h:0m:0s)
Wall-clock time used for tree search: 0.000 sec (0h:0m:0s)
Total CPU time used: 464.225 sec (0h:7m:44s)
Total wall-clock time used: 172.698 sec (0h:2m:52s)

===> START JACKKNIFE REPLICATE NUMBER 914

Creating jackknife alignment (seed: 786640)...
Reading input tree file gl_output_rmq.fasta.raxml.bestTree ...

NOTE: 7 MB RAM (0 GB) is required!
Estimate model parameters (epsilon = 0.010)
1. Initial log-likelihood: -40774.773
2. Current log-likelihood: -40684.404
3. Current log-likelihood: -40684.373
Optimal log-likelihood: -40684.370
Rate parameters:  A-C: 1.00000  A-G: 2.58478  A-T: 1.00000  C-G: 1.00000  C-T: 2.58478  G-T: 1.00000
Base frequencies:  A: 0.287  C: 0.207  G: 0.227  T: 0.279
Parameters optimization took 3 rounds (0.098 sec)
Wrote distance file to... 
BEST SCORE FOUND : -40684.370
Total tree length: 0.020

Total number of iterations: 0
CPU time used for tree search: 0.000 sec (0h:0m:0s)
Wall-clock time used for tree search: 0.000 sec (0h:0m:0s)
Total CPU time used: 464.652 sec (0h:7m:44s)
Total wall-clock time used: 172.853 sec (0h:2m:52s)

===> START JACKKNIFE REPLICATE NUMBER 915

Creating jackknife alignment (seed: 786641)...
Reading input tree file gl_output_rmq.fasta.raxml.bestTree ...

NOTE: 7 MB RAM (0 GB) is required!
Estimate model parameters (epsilon = 0.010)
1. Initial log-likelihood: -41024.172
2. Current log-likelihood: -40926.976
Optimal log-likelihood: -40926.967
Rate parameters:  A-C: 1.00000  A-G: 2.46956  A-T: 1.00000  C-G: 1.00000  C-T: 2.46956  G-T: 1.00000
Base frequencies:  A: 0.282  C: 0.209  G: 0.227  T: 0.282
Parameters optimization took 2 rounds (0.085 sec)
Wrote distance file to... 
BEST SCORE FOUND : -40926.967
Total tree length: 0.021

Total number of iterations: 0
CPU time used for tree search: 0.000 sec (0h:0m:0s)
Wall-clock time used for tree search: 0.000 sec (0h:0m:0s)
Total CPU time used: 465.044 sec (0h:7m:45s)
Total wall-clock time used: 172.994 sec (0h:2m:52s)

===> START JACKKNIFE REPLICATE NUMBER 916

Creating jackknife alignment (seed: 786642)...
Reading input tree file gl_output_rmq.fasta.raxml.bestTree ...

NOTE: 7 MB RAM (0 GB) is required!
Estimate model parameters (epsilon = 0.010)
1. Initial log-likelihood: -40749.622
2. Current log-likelihood: -40661.684
3. Current log-likelihood: -40661.656
Optimal log-likelihood: -40661.656
Rate parameters:  A-C: 1.00000  A-G: 2.49415  A-T: 1.00000  C-G: 1.00000  C-T: 2.49415  G-T: 1.00000
Base frequencies:  A: 0.285  C: 0.211  G: 0.225  T: 0.279
Parameters optimization took 3 rounds (0.096 sec)
Wrote distance file to... 
BEST SCORE FOUND : -40661.656
Total tree length: 0.020

Total number of iterations: 0
CPU time used for tree search: 0.000 sec (0h:0m:0s)
Wall-clock time used for tree search: 0.000 sec (0h:0m:0s)
Total CPU time used: 465.467 sec (0h:7m:45s)
Total wall-clock time used: 173.150 sec (0h:2m:53s)

===> START JACKKNIFE REPLICATE NUMBER 917

Creating jackknife alignment (seed: 786643)...
Reading input tree file gl_output_rmq.fasta.raxml.bestTree ...

NOTE: 7 MB RAM (0 GB) is required!
Estimate model parameters (epsilon = 0.010)
1. Initial log-likelihood: -40750.253
2. Current log-likelihood: -40637.626
3. Current log-likelihood: -40637.569
4. Current log-likelihood: -40637.556
Optimal log-likelihood: -40637.554
Rate parameters:  A-C: 1.00000  A-G: 2.89617  A-T: 1.00000  C-G: 1.00000  C-T: 2.89617  G-T: 1.00000
Base frequencies:  A: 0.282  C: 0.211  G: 0.229  T: 0.278
Parameters optimization took 4 rounds (0.098 sec)
Wrote distance file to... 
BEST SCORE FOUND : -40637.554
Total tree length: 0.020

Total number of iterations: 0
CPU time used for tree search: 0.000 sec (0h:0m:0s)
Wall-clock time used for tree search: 0.000 sec (0h:0m:0s)
Total CPU time used: 465.888 sec (0h:7m:45s)
Total wall-clock time used: 173.304 sec (0h:2m:53s)

===> START JACKKNIFE REPLICATE NUMBER 918

Creating jackknife alignment (seed: 786644)...
Reading input tree file gl_output_rmq.fasta.raxml.bestTree ...

NOTE: 8 MB RAM (0 GB) is required!
Estimate model parameters (epsilon = 0.010)
1. Initial log-likelihood: -41511.528
2. Current log-likelihood: -41440.966
3. Current log-likelihood: -41440.939
Optimal log-likelihood: -41440.939
Rate parameters:  A-C: 1.00000  A-G: 2.07538  A-T: 1.00000  C-G: 1.00000  C-T: 2.07538  G-T: 1.00000
Base frequencies:  A: 0.280  C: 0.210  G: 0.229  T: 0.281
Parameters optimization took 3 rounds (0.102 sec)
Wrote distance file to... 
BEST SCORE FOUND : -41440.939
Total tree length: 0.023

Total number of iterations: 0
CPU time used for tree search: 0.000 sec (0h:0m:0s)
Wall-clock time used for tree search: 0.000 sec (0h:0m:0s)
Total CPU time used: 466.330 sec (0h:7m:46s)
Total wall-clock time used: 173.465 sec (0h:2m:53s)

===> START JACKKNIFE REPLICATE NUMBER 919

Creating jackknife alignment (seed: 786645)...
Reading input tree file gl_output_rmq.fasta.raxml.bestTree ...

NOTE: 7 MB RAM (0 GB) is required!
Estimate model parameters (epsilon = 0.010)
1. Initial log-likelihood: -40886.196
2. Current log-likelihood: -40795.338
3. Current log-likelihood: -40794.981
Optimal log-likelihood: -40794.978
Rate parameters:  A-C: 1.00000  A-G: 2.58646  A-T: 1.00000  C-G: 1.00000  C-T: 2.58646  G-T: 1.00000
Base frequencies:  A: 0.282  C: 0.209  G: 0.231  T: 0.279
Parameters optimization took 3 rounds (0.116 sec)
Wrote distance file to... 
BEST SCORE FOUND : -40794.978
Total tree length: 0.021

Total number of iterations: 0
CPU time used for tree search: 0.000 sec (0h:0m:0s)
Wall-clock time used for tree search: 0.000 sec (0h:0m:0s)
Total CPU time used: 466.817 sec (0h:7m:46s)
Total wall-clock time used: 173.645 sec (0h:2m:53s)

===> START JACKKNIFE REPLICATE NUMBER 920

Creating jackknife alignment (seed: 786646)...
Reading input tree file gl_output_rmq.fasta.raxml.bestTree ...

NOTE: 7 MB RAM (0 GB) is required!
Estimate model parameters (epsilon = 0.010)
1. Initial log-likelihood: -41017.652
2. Current log-likelihood: -40928.426
3. Current log-likelihood: -40927.534
4. Current log-likelihood: -40927.499
5. Current log-likelihood: -40927.487
Optimal log-likelihood: -40927.484
Rate parameters:  A-C: 1.00000  A-G: 2.61389  A-T: 1.00000  C-G: 1.00000  C-T: 2.61389  G-T: 1.00000
Base frequencies:  A: 0.279  C: 0.209  G: 0.228  T: 0.284
Parameters optimization took 5 rounds (0.153 sec)
Wrote distance file to... 
BEST SCORE FOUND : -40927.484
Total tree length: 0.022

Total number of iterations: 0
CPU time used for tree search: 0.000 sec (0h:0m:0s)
Wall-clock time used for tree search: 0.000 sec (0h:0m:0s)
Total CPU time used: 467.413 sec (0h:7m:47s)
Total wall-clock time used: 173.857 sec (0h:2m:53s)

===> START JACKKNIFE REPLICATE NUMBER 921

Creating jackknife alignment (seed: 786647)...
Reading input tree file gl_output_rmq.fasta.raxml.bestTree ...

NOTE: 7 MB RAM (0 GB) is required!
Estimate model parameters (epsilon = 0.010)
1. Initial log-likelihood: -40987.027
2. Current log-likelihood: -40884.857
3. Current log-likelihood: -40884.843
Optimal log-likelihood: -40884.840
Rate parameters:  A-C: 1.00000  A-G: 2.69150  A-T: 1.00000  C-G: 1.00000  C-T: 2.69150  G-T: 1.00000
Base frequencies:  A: 0.284  C: 0.210  G: 0.227  T: 0.278
Parameters optimization took 3 rounds (0.100 sec)
Wrote distance file to... 
BEST SCORE FOUND : -40884.840
Total tree length: 0.021

Total number of iterations: 0
CPU time used for tree search: 0.000 sec (0h:0m:0s)
Wall-clock time used for tree search: 0.000 sec (0h:0m:0s)
Total CPU time used: 467.855 sec (0h:7m:47s)
Total wall-clock time used: 174.018 sec (0h:2m:54s)

===> START JACKKNIFE REPLICATE NUMBER 922

Creating jackknife alignment (seed: 786648)...
Reading input tree file gl_output_rmq.fasta.raxml.bestTree ...

NOTE: 7 MB RAM (0 GB) is required!
Estimate model parameters (epsilon = 0.010)
1. Initial log-likelihood: -40947.349
2. Current log-likelihood: -40885.830
3. Current log-likelihood: -40871.165
4. Current log-likelihood: -40828.788
5. Current log-likelihood: -40828.774
Optimal log-likelihood: -40828.773
Rate parameters:  A-C: 1.00000  A-G: 3.05429  A-T: 1.00000  C-G: 1.00000  C-T: 3.05429  G-T: 1.00000
Base frequencies:  A: 0.287  C: 0.210  G: 0.226  T: 0.277
Parameters optimization took 5 rounds (0.157 sec)
Wrote distance file to... 
BEST SCORE FOUND : -40828.773
Total tree length: 0.021

Total number of iterations: 0
CPU time used for tree search: 0.000 sec (0h:0m:0s)
Wall-clock time used for tree search: 0.000 sec (0h:0m:0s)
Total CPU time used: 468.460 sec (0h:7m:48s)
Total wall-clock time used: 174.234 sec (0h:2m:54s)

===> START JACKKNIFE REPLICATE NUMBER 923

Creating jackknife alignment (seed: 786649)...
Reading input tree file gl_output_rmq.fasta.raxml.bestTree ...

NOTE: 8 MB RAM (0 GB) is required!
Estimate model parameters (epsilon = 0.010)
1. Initial log-likelihood: -41341.431
2. Current log-likelihood: -41255.089
3. Current log-likelihood: -41255.051
Optimal log-likelihood: -41255.051
Rate parameters:  A-C: 1.00000  A-G: 2.36454  A-T: 1.00000  C-G: 1.00000  C-T: 2.36454  G-T: 1.00000
Base frequencies:  A: 0.282  C: 0.209  G: 0.229  T: 0.280
Parameters optimization took 3 rounds (0.105 sec)
Wrote distance file to... 
BEST SCORE FOUND : -41255.051
Total tree length: 0.023

Total number of iterations: 0
CPU time used for tree search: 0.000 sec (0h:0m:0s)
Wall-clock time used for tree search: 0.000 sec (0h:0m:0s)
Total CPU time used: 468.913 sec (0h:7m:48s)
Total wall-clock time used: 174.399 sec (0h:2m:54s)

===> START JACKKNIFE REPLICATE NUMBER 924

Creating jackknife alignment (seed: 786650)...
Reading input tree file gl_output_rmq.fasta.raxml.bestTree ...

NOTE: 7 MB RAM (0 GB) is required!
Estimate model parameters (epsilon = 0.010)
1. Initial log-likelihood: -40964.511
2. Current log-likelihood: -40876.881
3. Current log-likelihood: -40876.844
Optimal log-likelihood: -40876.844
Rate parameters:  A-C: 1.00000  A-G: 2.43161  A-T: 1.00000  C-G: 1.00000  C-T: 2.43161  G-T: 1.00000
Base frequencies:  A: 0.285  C: 0.210  G: 0.224  T: 0.281
Parameters optimization took 3 rounds (0.122 sec)
Wrote distance file to... 
BEST SCORE FOUND : -40876.844
Total tree length: 0.021

Total number of iterations: 0
CPU time used for tree search: 0.000 sec (0h:0m:0s)
Wall-clock time used for tree search: 0.000 sec (0h:0m:0s)
Total CPU time used: 469.420 sec (0h:7m:49s)
Total wall-clock time used: 174.587 sec (0h:2m:54s)

===> START JACKKNIFE REPLICATE NUMBER 925

Creating jackknife alignment (seed: 786651)...
Reading input tree file gl_output_rmq.fasta.raxml.bestTree ...

NOTE: 7 MB RAM (0 GB) is required!
Estimate model parameters (epsilon = 0.010)
1. Initial log-likelihood: -41042.937
2. Current log-likelihood: -40963.219
3. Current log-likelihood: -40963.147
Optimal log-likelihood: -40963.146
Rate parameters:  A-C: 1.00000  A-G: 2.24154  A-T: 1.00000  C-G: 1.00000  C-T: 2.24154  G-T: 1.00000
Base frequencies:  A: 0.283  C: 0.211  G: 0.227  T: 0.279
Parameters optimization took 3 rounds (0.105 sec)
Wrote distance file to... 
BEST SCORE FOUND : -40963.146
Total tree length: 0.021

Total number of iterations: 0
CPU time used for tree search: 0.000 sec (0h:0m:0s)
Wall-clock time used for tree search: 0.000 sec (0h:0m:0s)
Total CPU time used: 469.873 sec (0h:7m:49s)
Total wall-clock time used: 174.749 sec (0h:2m:54s)

===> START JACKKNIFE REPLICATE NUMBER 926

Creating jackknife alignment (seed: 786652)...
Reading input tree file gl_output_rmq.fasta.raxml.bestTree ...

NOTE: 7 MB RAM (0 GB) is required!
Estimate model parameters (epsilon = 0.010)
1. Initial log-likelihood: -40837.417
2. Current log-likelihood: -40744.016
3. Current log-likelihood: -40743.991
Optimal log-likelihood: -40743.991
Rate parameters:  A-C: 1.00000  A-G: 2.52593  A-T: 1.00000  C-G: 1.00000  C-T: 2.52593  G-T: 1.00000
Base frequencies:  A: 0.283  C: 0.208  G: 0.227  T: 0.282
Parameters optimization took 3 rounds (0.094 sec)
Wrote distance file to... 
BEST SCORE FOUND : -40743.991
Total tree length: 0.021

Total number of iterations: 0
CPU time used for tree search: 0.000 sec (0h:0m:0s)
Wall-clock time used for tree search: 0.000 sec (0h:0m:0s)
Total CPU time used: 470.290 sec (0h:7m:50s)
Total wall-clock time used: 174.901 sec (0h:2m:54s)

===> START JACKKNIFE REPLICATE NUMBER 927

Creating jackknife alignment (seed: 786653)...
Reading input tree file gl_output_rmq.fasta.raxml.bestTree ...

NOTE: 8 MB RAM (0 GB) is required!
Estimate model parameters (epsilon = 0.010)
1. Initial log-likelihood: -41243.817
2. Current log-likelihood: -41169.569
3. Current log-likelihood: -41169.498
Optimal log-likelihood: -41169.498
Rate parameters:  A-C: 1.00000  A-G: 2.15777  A-T: 1.00000  C-G: 1.00000  C-T: 2.15777  G-T: 1.00000
Base frequencies:  A: 0.284  C: 0.211  G: 0.227  T: 0.279
Parameters optimization took 3 rounds (0.123 sec)
Wrote distance file to... 
BEST SCORE FOUND : -41169.498
Total tree length: 0.022

Total number of iterations: 0
CPU time used for tree search: 0.000 sec (0h:0m:0s)
Wall-clock time used for tree search: 0.000 sec (0h:0m:0s)
Total CPU time used: 470.793 sec (0h:7m:50s)
Total wall-clock time used: 175.081 sec (0h:2m:55s)

===> START JACKKNIFE REPLICATE NUMBER 928

Creating jackknife alignment (seed: 786654)...
Reading input tree file gl_output_rmq.fasta.raxml.bestTree ...

NOTE: 8 MB RAM (0 GB) is required!
Estimate model parameters (epsilon = 0.010)
1. Initial log-likelihood: -41160.652
2. Current log-likelihood: -41057.448
3. Current log-likelihood: -41057.203
4. Current log-likelihood: -41057.188
Optimal log-likelihood: -41057.188
Rate parameters:  A-C: 1.00000  A-G: 2.78688  A-T: 1.00000  C-G: 1.00000  C-T: 2.78688  G-T: 1.00000
Base frequencies:  A: 0.284  C: 0.209  G: 0.226  T: 0.281
Parameters optimization took 4 rounds (0.154 sec)
Wrote distance file to... 
BEST SCORE FOUND : -41057.188
Total tree length: 0.022

Total number of iterations: 0
CPU time used for tree search: 0.000 sec (0h:0m:0s)
Wall-clock time used for tree search: 0.000 sec (0h:0m:0s)
Total CPU time used: 471.386 sec (0h:7m:51s)
Total wall-clock time used: 175.291 sec (0h:2m:55s)

===> START JACKKNIFE REPLICATE NUMBER 929

Creating jackknife alignment (seed: 786655)...
Reading input tree file gl_output_rmq.fasta.raxml.bestTree ...

NOTE: 7 MB RAM (0 GB) is required!
Estimate model parameters (epsilon = 0.010)
1. Initial log-likelihood: -41021.708
2. Current log-likelihood: -40921.946
3. Current log-likelihood: -40921.846
Optimal log-likelihood: -40921.842
Rate parameters:  A-C: 1.00000  A-G: 2.66912  A-T: 1.00000  C-G: 1.00000  C-T: 2.66912  G-T: 1.00000
Base frequencies:  A: 0.282  C: 0.211  G: 0.227  T: 0.280
Parameters optimization took 3 rounds (0.081 sec)
Wrote distance file to... 
BEST SCORE FOUND : -40921.842
Total tree length: 0.021

Total number of iterations: 0
CPU time used for tree search: 0.000 sec (0h:0m:0s)
Wall-clock time used for tree search: 0.000 sec (0h:0m:0s)
Total CPU time used: 471.773 sec (0h:7m:51s)
Total wall-clock time used: 175.433 sec (0h:2m:55s)

===> START JACKKNIFE REPLICATE NUMBER 930

Creating jackknife alignment (seed: 786656)...
Reading input tree file gl_output_rmq.fasta.raxml.bestTree ...

NOTE: 8 MB RAM (0 GB) is required!
Estimate model parameters (epsilon = 0.010)
1. Initial log-likelihood: -41178.508
2. Current log-likelihood: -41076.478
3. Current log-likelihood: -41076.309
Optimal log-likelihood: -41076.306
Rate parameters:  A-C: 1.00000  A-G: 2.70546  A-T: 1.00000  C-G: 1.00000  C-T: 2.70546  G-T: 1.00000
Base frequencies:  A: 0.282  C: 0.211  G: 0.228  T: 0.279
Parameters optimization took 3 rounds (0.115 sec)
Wrote distance file to... 
BEST SCORE FOUND : -41076.306
Total tree length: 0.022

Total number of iterations: 0
CPU time used for tree search: 0.000 sec (0h:0m:0s)
Wall-clock time used for tree search: 0.000 sec (0h:0m:0s)
Total CPU time used: 472.256 sec (0h:7m:52s)
Total wall-clock time used: 175.605 sec (0h:2m:55s)

===> START JACKKNIFE REPLICATE NUMBER 931

Creating jackknife alignment (seed: 786657)...
Reading input tree file gl_output_rmq.fasta.raxml.bestTree ...

NOTE: 7 MB RAM (0 GB) is required!
Estimate model parameters (epsilon = 0.010)
1. Initial log-likelihood: -40697.899
2. Current log-likelihood: -40601.621
3. Current log-likelihood: -40601.604
Optimal log-likelihood: -40601.601
Rate parameters:  A-C: 1.00000  A-G: 2.72407  A-T: 1.00000  C-G: 1.00000  C-T: 2.72407  G-T: 1.00000
Base frequencies:  A: 0.281  C: 0.211  G: 0.226  T: 0.281
Parameters optimization took 3 rounds (0.096 sec)
Wrote distance file to... 
BEST SCORE FOUND : -40601.601
Total tree length: 0.020

Total number of iterations: 0
CPU time used for tree search: 0.000 sec (0h:0m:0s)
Wall-clock time used for tree search: 0.000 sec (0h:0m:0s)
Total CPU time used: 472.678 sec (0h:7m:52s)
Total wall-clock time used: 175.760 sec (0h:2m:55s)

===> START JACKKNIFE REPLICATE NUMBER 932

Creating jackknife alignment (seed: 786658)...
Reading input tree file gl_output_rmq.fasta.raxml.bestTree ...

NOTE: 7 MB RAM (0 GB) is required!
Estimate model parameters (epsilon = 0.010)
1. Initial log-likelihood: -41040.763
2. Current log-likelihood: -40953.240
3. Current log-likelihood: -40953.218
Optimal log-likelihood: -40953.218
Rate parameters:  A-C: 1.00000  A-G: 2.42520  A-T: 1.00000  C-G: 1.00000  C-T: 2.42520  G-T: 1.00000
Base frequencies:  A: 0.284  C: 0.208  G: 0.229  T: 0.280
Parameters optimization took 3 rounds (0.077 sec)
Wrote distance file to... 
BEST SCORE FOUND : -40953.218
Total tree length: 0.022

Total number of iterations: 0
CPU time used for tree search: 0.000 sec (0h:0m:0s)
Wall-clock time used for tree search: 0.000 sec (0h:0m:0s)
Total CPU time used: 473.042 sec (0h:7m:53s)
Total wall-clock time used: 175.892 sec (0h:2m:55s)

===> START JACKKNIFE REPLICATE NUMBER 933

Creating jackknife alignment (seed: 786659)...
Reading input tree file gl_output_rmq.fasta.raxml.bestTree ...

NOTE: 7 MB RAM (0 GB) is required!
Estimate model parameters (epsilon = 0.010)
1. Initial log-likelihood: -41180.051
2. Current log-likelihood: -41085.113
3. Current log-likelihood: -41084.670
Optimal log-likelihood: -41084.665
Rate parameters:  A-C: 1.00000  A-G: 2.64254  A-T: 1.00000  C-G: 1.00000  C-T: 2.64254  G-T: 1.00000
Base frequencies:  A: 0.284  C: 0.209  G: 0.228  T: 0.279
Parameters optimization took 3 rounds (0.110 sec)
Wrote distance file to... 
BEST SCORE FOUND : -41084.665
Total tree length: 0.022

Total number of iterations: 0
CPU time used for tree search: 0.000 sec (0h:0m:0s)
Wall-clock time used for tree search: 0.000 sec (0h:0m:0s)
Total CPU time used: 473.506 sec (0h:7m:53s)
Total wall-clock time used: 176.060 sec (0h:2m:56s)

===> START JACKKNIFE REPLICATE NUMBER 934

Creating jackknife alignment (seed: 786660)...
Reading input tree file gl_output_rmq.fasta.raxml.bestTree ...

NOTE: 7 MB RAM (0 GB) is required!
Estimate model parameters (epsilon = 0.010)
1. Initial log-likelihood: -40694.602
2. Current log-likelihood: -40593.626
3. Current log-likelihood: -40593.061
Optimal log-likelihood: -40593.060
Rate parameters:  A-C: 1.00000  A-G: 2.78557  A-T: 1.00000  C-G: 1.00000  C-T: 2.78557  G-T: 1.00000
Base frequencies:  A: 0.281  C: 0.210  G: 0.228  T: 0.281
Parameters optimization took 3 rounds (0.110 sec)
Wrote distance file to... 
BEST SCORE FOUND : -40593.060
Total tree length: 0.020

Total number of iterations: 0
CPU time used for tree search: 0.000 sec (0h:0m:0s)
Wall-clock time used for tree search: 0.000 sec (0h:0m:0s)
Total CPU time used: 473.979 sec (0h:7m:53s)
Total wall-clock time used: 176.229 sec (0h:2m:56s)

===> START JACKKNIFE REPLICATE NUMBER 935

Creating jackknife alignment (seed: 786661)...
Reading input tree file gl_output_rmq.fasta.raxml.bestTree ...

NOTE: 7 MB RAM (0 GB) is required!
Estimate model parameters (epsilon = 0.010)
1. Initial log-likelihood: -41090.455
2. Current log-likelihood: -40994.283
3. Current log-likelihood: -40994.232
Optimal log-likelihood: -40994.229
Rate parameters:  A-C: 1.00000  A-G: 2.62490  A-T: 1.00000  C-G: 1.00000  C-T: 2.62490  G-T: 1.00000
Base frequencies:  A: 0.285  C: 0.210  G: 0.222  T: 0.283
Parameters optimization took 3 rounds (0.108 sec)
Wrote distance file to... 
BEST SCORE FOUND : -40994.229
Total tree length: 0.022

Total number of iterations: 0
CPU time used for tree search: 0.000 sec (0h:0m:0s)
Wall-clock time used for tree search: 0.000 sec (0h:0m:0s)
Total CPU time used: 474.451 sec (0h:7m:54s)
Total wall-clock time used: 176.403 sec (0h:2m:56s)

===> START JACKKNIFE REPLICATE NUMBER 936

Creating jackknife alignment (seed: 786662)...
Reading input tree file gl_output_rmq.fasta.raxml.bestTree ...

NOTE: 7 MB RAM (0 GB) is required!
Estimate model parameters (epsilon = 0.010)
1. Initial log-likelihood: -41068.676
2. Current log-likelihood: -40975.271
3. Current log-likelihood: -40975.025
Optimal log-likelihood: -40975.024
Rate parameters:  A-C: 1.00000  A-G: 2.59704  A-T: 1.00000  C-G: 1.00000  C-T: 2.59704  G-T: 1.00000
Base frequencies:  A: 0.283  C: 0.212  G: 0.228  T: 0.277
Parameters optimization took 3 rounds (0.101 sec)
Wrote distance file to... 
BEST SCORE FOUND : -40975.024
Total tree length: 0.022

Total number of iterations: 0
CPU time used for tree search: 0.000 sec (0h:0m:0s)
Wall-clock time used for tree search: 0.000 sec (0h:0m:0s)
Total CPU time used: 474.888 sec (0h:7m:54s)
Total wall-clock time used: 176.561 sec (0h:2m:56s)

===> START JACKKNIFE REPLICATE NUMBER 937

Creating jackknife alignment (seed: 786663)...
Reading input tree file gl_output_rmq.fasta.raxml.bestTree ...

NOTE: 7 MB RAM (0 GB) is required!
Estimate model parameters (epsilon = 0.010)
1. Initial log-likelihood: -41034.638
2. Current log-likelihood: -40940.653
3. Current log-likelihood: -40940.575
4. Current log-likelihood: -40940.557
Optimal log-likelihood: -40940.557
Rate parameters:  A-C: 1.00000  A-G: 2.48079  A-T: 1.00000  C-G: 1.00000  C-T: 2.48079  G-T: 1.00000
Base frequencies:  A: 0.283  C: 0.213  G: 0.226  T: 0.278
Parameters optimization took 4 rounds (0.142 sec)
Wrote distance file to... 
BEST SCORE FOUND : -40940.557
Total tree length: 0.021

Total number of iterations: 0
CPU time used for tree search: 0.000 sec (0h:0m:0s)
Wall-clock time used for tree search: 0.000 sec (0h:0m:0s)
Total CPU time used: 475.458 sec (0h:7m:55s)
Total wall-clock time used: 176.767 sec (0h:2m:56s)

===> START JACKKNIFE REPLICATE NUMBER 938

Creating jackknife alignment (seed: 786664)...
Reading input tree file gl_output_rmq.fasta.raxml.bestTree ...

NOTE: 7 MB RAM (0 GB) is required!
Estimate model parameters (epsilon = 0.010)
1. Initial log-likelihood: -41162.754
2. Current log-likelihood: -41112.485
3. Current log-likelihood: -41095.345
4. Current log-likelihood: -41050.890
5. Current log-likelihood: -41050.841
Optimal log-likelihood: -41050.836
Rate parameters:  A-C: 1.00000  A-G: 3.00449  A-T: 1.00000  C-G: 1.00000  C-T: 3.00449  G-T: 1.00000
Base frequencies:  A: 0.282  C: 0.211  G: 0.229  T: 0.278
Parameters optimization took 5 rounds (0.147 sec)
Wrote distance file to... 
BEST SCORE FOUND : -41050.836
Total tree length: 0.022

Total number of iterations: 0
CPU time used for tree search: 0.000 sec (0h:0m:0s)
Wall-clock time used for tree search: 0.000 sec (0h:0m:0s)
Total CPU time used: 476.037 sec (0h:7m:56s)
Total wall-clock time used: 176.974 sec (0h:2m:56s)

===> START JACKKNIFE REPLICATE NUMBER 939

Creating jackknife alignment (seed: 786665)...
Reading input tree file gl_output_rmq.fasta.raxml.bestTree ...

NOTE: 8 MB RAM (0 GB) is required!
Estimate model parameters (epsilon = 0.010)
1. Initial log-likelihood: -41189.872
2. Current log-likelihood: -41087.973
3. Current log-likelihood: -41087.843
Optimal log-likelihood: -41087.842
Rate parameters:  A-C: 1.00000  A-G: 2.78420  A-T: 1.00000  C-G: 1.00000  C-T: 2.78420  G-T: 1.00000
Base frequencies:  A: 0.279  C: 0.213  G: 0.230  T: 0.278
Parameters optimization took 3 rounds (0.084 sec)
Wrote distance file to... 
BEST SCORE FOUND : -41087.842
Total tree length: 0.022

Total number of iterations: 0
CPU time used for tree search: 0.000 sec (0h:0m:0s)
Wall-clock time used for tree search: 0.000 sec (0h:0m:0s)
Total CPU time used: 476.430 sec (0h:7m:56s)
Total wall-clock time used: 177.118 sec (0h:2m:57s)

===> START JACKKNIFE REPLICATE NUMBER 940

Creating jackknife alignment (seed: 786666)...
Reading input tree file gl_output_rmq.fasta.raxml.bestTree ...

NOTE: 8 MB RAM (0 GB) is required!
Estimate model parameters (epsilon = 0.010)
1. Initial log-likelihood: -41347.240
2. Current log-likelihood: -41237.987
Optimal log-likelihood: -41237.981
Rate parameters:  A-C: 1.00000  A-G: 2.70974  A-T: 1.00000  C-G: 1.00000  C-T: 2.70974  G-T: 1.00000
Base frequencies:  A: 0.283  C: 0.211  G: 0.226  T: 0.280
Parameters optimization took 2 rounds (0.078 sec)
Wrote distance file to... 
BEST SCORE FOUND : -41237.981
Total tree length: 0.023

Total number of iterations: 0
CPU time used for tree search: 0.000 sec (0h:0m:0s)
Wall-clock time used for tree search: 0.000 sec (0h:0m:0s)
Total CPU time used: 476.814 sec (0h:7m:56s)
Total wall-clock time used: 177.258 sec (0h:2m:57s)

===> START JACKKNIFE REPLICATE NUMBER 941

Creating jackknife alignment (seed: 786667)...
Reading input tree file gl_output_rmq.fasta.raxml.bestTree ...

NOTE: 7 MB RAM (0 GB) is required!
Estimate model parameters (epsilon = 0.010)
1. Initial log-likelihood: -40927.895
2. Current log-likelihood: -40840.228
3. Current log-likelihood: -40839.859
Optimal log-likelihood: -40839.859
Rate parameters:  A-C: 1.00000  A-G: 2.45586  A-T: 1.00000  C-G: 1.00000  C-T: 2.45586  G-T: 1.00000
Base frequencies:  A: 0.282  C: 0.209  G: 0.228  T: 0.281
Parameters optimization took 3 rounds (0.106 sec)
Wrote distance file to... 
BEST SCORE FOUND : -40839.859
Total tree length: 0.021

Total number of iterations: 0
CPU time used for tree search: 0.000 sec (0h:0m:0s)
Wall-clock time used for tree search: 0.000 sec (0h:0m:0s)
Total CPU time used: 477.272 sec (0h:7m:57s)
Total wall-clock time used: 177.425 sec (0h:2m:57s)

===> START JACKKNIFE REPLICATE NUMBER 942

Creating jackknife alignment (seed: 786668)...
Reading input tree file gl_output_rmq.fasta.raxml.bestTree ...

NOTE: 8 MB RAM (0 GB) is required!
Estimate model parameters (epsilon = 0.010)
1. Initial log-likelihood: -41340.136
2. Current log-likelihood: -41248.783
3. Current log-likelihood: -41248.575
Optimal log-likelihood: -41248.574
Rate parameters:  A-C: 1.00000  A-G: 2.52199  A-T: 1.00000  C-G: 1.00000  C-T: 2.52199  G-T: 1.00000
Base frequencies:  A: 0.285  C: 0.213  G: 0.222  T: 0.280
Parameters optimization took 3 rounds (0.105 sec)
Wrote distance file to... 
BEST SCORE FOUND : -41248.574
Total tree length: 0.023

Total number of iterations: 0
CPU time used for tree search: 0.000 sec (0h:0m:0s)
Wall-clock time used for tree search: 0.000 sec (0h:0m:0s)
Total CPU time used: 477.725 sec (0h:7m:57s)
Total wall-clock time used: 177.589 sec (0h:2m:57s)

===> START JACKKNIFE REPLICATE NUMBER 943

Creating jackknife alignment (seed: 786669)...
Reading input tree file gl_output_rmq.fasta.raxml.bestTree ...

NOTE: 7 MB RAM (0 GB) is required!
Estimate model parameters (epsilon = 0.010)
1. Initial log-likelihood: -41180.244
2. Current log-likelihood: -41083.349
3. Current log-likelihood: -41083.232
4. Current log-likelihood: -41083.207
Optimal log-likelihood: -41083.207
Rate parameters:  A-C: 1.00000  A-G: 2.48504  A-T: 1.00000  C-G: 1.00000  C-T: 2.48504  G-T: 1.00000
Base frequencies:  A: 0.282  C: 0.211  G: 0.227  T: 0.280
Parameters optimization took 4 rounds (0.158 sec)
Wrote distance file to... 
BEST SCORE FOUND : -41083.207
Total tree length: 0.022

Total number of iterations: 0
CPU time used for tree search: 0.000 sec (0h:0m:0s)
Wall-clock time used for tree search: 0.000 sec (0h:0m:0s)
Total CPU time used: 478.344 sec (0h:7m:58s)
Total wall-clock time used: 177.808 sec (0h:2m:57s)

===> START JACKKNIFE REPLICATE NUMBER 944

Creating jackknife alignment (seed: 786670)...
Reading input tree file gl_output_rmq.fasta.raxml.bestTree ...

NOTE: 7 MB RAM (0 GB) is required!
Estimate model parameters (epsilon = 0.010)
1. Initial log-likelihood: -41011.066
2. Current log-likelihood: -40922.211
3. Current log-likelihood: -40921.983
Optimal log-likelihood: -40921.982
Rate parameters:  A-C: 1.00000  A-G: 2.45012  A-T: 1.00000  C-G: 1.00000  C-T: 2.45012  G-T: 1.00000
Base frequencies:  A: 0.286  C: 0.209  G: 0.226  T: 0.280
Parameters optimization took 3 rounds (0.088 sec)
Wrote distance file to... 
BEST SCORE FOUND : -40921.982
Total tree length: 0.021

Total number of iterations: 0
CPU time used for tree search: 0.000 sec (0h:0m:0s)
Wall-clock time used for tree search: 0.000 sec (0h:0m:0s)
Total CPU time used: 478.748 sec (0h:7m:58s)
Total wall-clock time used: 177.955 sec (0h:2m:57s)

===> START JACKKNIFE REPLICATE NUMBER 945

Creating jackknife alignment (seed: 786671)...
Reading input tree file gl_output_rmq.fasta.raxml.bestTree ...

NOTE: 7 MB RAM (0 GB) is required!
Estimate model parameters (epsilon = 0.010)
1. Initial log-likelihood: -40941.995
2. Current log-likelihood: -40865.900
3. Current log-likelihood: -40865.754
Optimal log-likelihood: -40865.754
Rate parameters:  A-C: 1.00000  A-G: 2.29416  A-T: 1.00000  C-G: 1.00000  C-T: 2.29416  G-T: 1.00000
Base frequencies:  A: 0.281  C: 0.211  G: 0.226  T: 0.282
Parameters optimization took 3 rounds (0.112 sec)
Wrote distance file to... 
BEST SCORE FOUND : -40865.754
Total tree length: 0.021

Total number of iterations: 0
CPU time used for tree search: 0.000 sec (0h:0m:0s)
Wall-clock time used for tree search: 0.000 sec (0h:0m:0s)
Total CPU time used: 479.220 sec (0h:7m:59s)
Total wall-clock time used: 178.125 sec (0h:2m:58s)

===> START JACKKNIFE REPLICATE NUMBER 946

Creating jackknife alignment (seed: 786672)...
Reading input tree file gl_output_rmq.fasta.raxml.bestTree ...

NOTE: 7 MB RAM (0 GB) is required!
Estimate model parameters (epsilon = 0.010)
1. Initial log-likelihood: -40793.827
2. Current log-likelihood: -40717.611
3. Current log-likelihood: -40717.491
Optimal log-likelihood: -40717.491
Rate parameters:  A-C: 1.00000  A-G: 2.09041  A-T: 1.00000  C-G: 1.00000  C-T: 2.09041  G-T: 1.00000
Base frequencies:  A: 0.282  C: 0.211  G: 0.228  T: 0.279
Parameters optimization took 3 rounds (0.088 sec)
Wrote distance file to... 
BEST SCORE FOUND : -40717.491
Total tree length: 0.020

Total number of iterations: 0
CPU time used for tree search: 0.000 sec (0h:0m:0s)
Wall-clock time used for tree search: 0.000 sec (0h:0m:0s)
Total CPU time used: 479.627 sec (0h:7m:59s)
Total wall-clock time used: 178.274 sec (0h:2m:58s)

===> START JACKKNIFE REPLICATE NUMBER 947

Creating jackknife alignment (seed: 786673)...
Reading input tree file gl_output_rmq.fasta.raxml.bestTree ...

NOTE: 8 MB RAM (0 GB) is required!
Estimate model parameters (epsilon = 0.010)
1. Initial log-likelihood: -41263.151
2. Current log-likelihood: -41206.918
3. Current log-likelihood: -41190.254
4. Current log-likelihood: -41146.095
Optimal log-likelihood: -41146.093
Rate parameters:  A-C: 1.00000  A-G: 3.06845  A-T: 1.00000  C-G: 1.00000  C-T: 3.06845  G-T: 1.00000
Base frequencies:  A: 0.282  C: 0.212  G: 0.227  T: 0.280
Parameters optimization took 4 rounds (0.187 sec)
Wrote distance file to... 
BEST SCORE FOUND : -41146.093
Total tree length: 0.023

Total number of iterations: 0
CPU time used for tree search: 0.000 sec (0h:0m:0s)
Wall-clock time used for tree search: 0.000 sec (0h:0m:0s)
Total CPU time used: 480.321 sec (0h:8m:0s)
Total wall-clock time used: 178.521 sec (0h:2m:58s)

===> START JACKKNIFE REPLICATE NUMBER 948

Creating jackknife alignment (seed: 786674)...
Reading input tree file gl_output_rmq.fasta.raxml.bestTree ...

NOTE: 7 MB RAM (0 GB) is required!
Estimate model parameters (epsilon = 0.010)
1. Initial log-likelihood: -40924.661
2. Current log-likelihood: -40850.297
3. Current log-likelihood: -40850.195
Optimal log-likelihood: -40850.190
Rate parameters:  A-C: 1.00000  A-G: 2.17814  A-T: 1.00000  C-G: 1.00000  C-T: 2.17814  G-T: 1.00000
Base frequencies:  A: 0.284  C: 0.210  G: 0.226  T: 0.281
Parameters optimization took 3 rounds (0.085 sec)
Wrote distance file to... 
BEST SCORE FOUND : -40850.190
Total tree length: 0.021

Total number of iterations: 0
CPU time used for tree search: 0.000 sec (0h:0m:0s)
Wall-clock time used for tree search: 0.000 sec (0h:0m:0s)
Total CPU time used: 480.725 sec (0h:8m:0s)
Total wall-clock time used: 178.669 sec (0h:2m:58s)

===> START JACKKNIFE REPLICATE NUMBER 949

Creating jackknife alignment (seed: 786675)...
Reading input tree file gl_output_rmq.fasta.raxml.bestTree ...

NOTE: 7 MB RAM (0 GB) is required!
Estimate model parameters (epsilon = 0.010)
1. Initial log-likelihood: -40766.588
2. Current log-likelihood: -40673.677
3. Current log-likelihood: -40673.658
Optimal log-likelihood: -40673.655
Rate parameters:  A-C: 1.00000  A-G: 2.56975  A-T: 1.00000  C-G: 1.00000  C-T: 2.56975  G-T: 1.00000
Base frequencies:  A: 0.282  C: 0.210  G: 0.228  T: 0.279
Parameters optimization took 3 rounds (0.104 sec)
Wrote distance file to... 
BEST SCORE FOUND : -40673.655
Total tree length: 0.020

Total number of iterations: 0
CPU time used for tree search: 0.000 sec (0h:0m:0s)
Wall-clock time used for tree search: 0.000 sec (0h:0m:0s)
Total CPU time used: 481.176 sec (0h:8m:1s)
Total wall-clock time used: 178.833 sec (0h:2m:58s)

===> START JACKKNIFE REPLICATE NUMBER 950

Creating jackknife alignment (seed: 786676)...
Reading input tree file gl_output_rmq.fasta.raxml.bestTree ...

NOTE: 7 MB RAM (0 GB) is required!
Estimate model parameters (epsilon = 0.010)
1. Initial log-likelihood: -41052.724
2. Current log-likelihood: -40963.321
3. Current log-likelihood: -40963.171
Optimal log-likelihood: -40963.171
Rate parameters:  A-C: 1.00000  A-G: 2.31599  A-T: 1.00000  C-G: 1.00000  C-T: 2.31599  G-T: 1.00000
Base frequencies:  A: 0.282  C: 0.210  G: 0.226  T: 0.283
Parameters optimization took 3 rounds (0.111 sec)
Wrote distance file to... 
BEST SCORE FOUND : -40963.171
Total tree length: 0.022

Total number of iterations: 0
CPU time used for tree search: 0.000 sec (0h:0m:0s)
Wall-clock time used for tree search: 0.000 sec (0h:0m:0s)
Total CPU time used: 481.645 sec (0h:8m:1s)
Total wall-clock time used: 179.001 sec (0h:2m:59s)

===> START JACKKNIFE REPLICATE NUMBER 951

Creating jackknife alignment (seed: 786677)...
Reading input tree file gl_output_rmq.fasta.raxml.bestTree ...

NOTE: 7 MB RAM (0 GB) is required!
Estimate model parameters (epsilon = 0.010)
1. Initial log-likelihood: -40848.148
2. Current log-likelihood: -40764.748
3. Current log-likelihood: -40764.727
Optimal log-likelihood: -40764.727
Rate parameters:  A-C: 1.00000  A-G: 2.25266  A-T: 1.00000  C-G: 1.00000  C-T: 2.25266  G-T: 1.00000
Base frequencies:  A: 0.279  C: 0.207  G: 0.229  T: 0.284
Parameters optimization took 3 rounds (0.100 sec)
Wrote distance file to... 
BEST SCORE FOUND : -40764.727
Total tree length: 0.021

Total number of iterations: 0
CPU time used for tree search: 0.000 sec (0h:0m:0s)
Wall-clock time used for tree search: 0.000 sec (0h:0m:0s)
Total CPU time used: 482.084 sec (0h:8m:2s)
Total wall-clock time used: 179.159 sec (0h:2m:59s)

===> START JACKKNIFE REPLICATE NUMBER 952

Creating jackknife alignment (seed: 786678)...
Reading input tree file gl_output_rmq.fasta.raxml.bestTree ...

NOTE: 7 MB RAM (0 GB) is required!
Estimate model parameters (epsilon = 0.010)
1. Initial log-likelihood: -41240.961
2. Current log-likelihood: -41164.587
3. Current log-likelihood: -41164.542
Optimal log-likelihood: -41164.542
Rate parameters:  A-C: 1.00000  A-G: 2.24507  A-T: 1.00000  C-G: 1.00000  C-T: 2.24507  G-T: 1.00000
Base frequencies:  A: 0.284  C: 0.212  G: 0.223  T: 0.282
Parameters optimization took 3 rounds (0.092 sec)
Wrote distance file to... 
BEST SCORE FOUND : -41164.542
Total tree length: 0.022

Total number of iterations: 0
CPU time used for tree search: 0.000 sec (0h:0m:0s)
Wall-clock time used for tree search: 0.000 sec (0h:0m:0s)
Total CPU time used: 482.497 sec (0h:8m:2s)
Total wall-clock time used: 179.309 sec (0h:2m:59s)

===> START JACKKNIFE REPLICATE NUMBER 953

Creating jackknife alignment (seed: 786679)...
Reading input tree file gl_output_rmq.fasta.raxml.bestTree ...

NOTE: 7 MB RAM (0 GB) is required!
Estimate model parameters (epsilon = 0.010)
1. Initial log-likelihood: -41203.268
2. Current log-likelihood: -41092.300
3. Current log-likelihood: -41092.173
Optimal log-likelihood: -41092.173
Rate parameters:  A-C: 1.00000  A-G: 2.89499  A-T: 1.00000  C-G: 1.00000  C-T: 2.89499  G-T: 1.00000
Base frequencies:  A: 0.282  C: 0.214  G: 0.225  T: 0.279
Parameters optimization took 3 rounds (0.119 sec)
Wrote distance file to... 
BEST SCORE FOUND : -41092.173
Total tree length: 0.022

Total number of iterations: 0
CPU time used for tree search: 0.000 sec (0h:0m:0s)
Wall-clock time used for tree search: 0.000 sec (0h:0m:0s)
Total CPU time used: 482.990 sec (0h:8m:2s)
Total wall-clock time used: 179.485 sec (0h:2m:59s)

===> START JACKKNIFE REPLICATE NUMBER 954

Creating jackknife alignment (seed: 786680)...
Reading input tree file gl_output_rmq.fasta.raxml.bestTree ...

NOTE: 7 MB RAM (0 GB) is required!
Estimate model parameters (epsilon = 0.010)
1. Initial log-likelihood: -40938.910
2. Current log-likelihood: -40861.353
3. Current log-likelihood: -40861.234
4. Current log-likelihood: -40861.222
Optimal log-likelihood: -40861.222
Rate parameters:  A-C: 1.00000  A-G: 2.27531  A-T: 1.00000  C-G: 1.00000  C-T: 2.27531  G-T: 1.00000
Base frequencies:  A: 0.281  C: 0.211  G: 0.228  T: 0.280
Parameters optimization took 4 rounds (0.135 sec)
Wrote distance file to... 
BEST SCORE FOUND : -40861.222
Total tree length: 0.021

Total number of iterations: 0
CPU time used for tree search: 0.000 sec (0h:0m:0s)
Wall-clock time used for tree search: 0.000 sec (0h:0m:0s)
Total CPU time used: 483.526 sec (0h:8m:3s)
Total wall-clock time used: 179.677 sec (0h:2m:59s)

===> START JACKKNIFE REPLICATE NUMBER 955

Creating jackknife alignment (seed: 786681)...
Reading input tree file gl_output_rmq.fasta.raxml.bestTree ...

NOTE: 7 MB RAM (0 GB) is required!
Estimate model parameters (epsilon = 0.010)
1. Initial log-likelihood: -41216.487
2. Current log-likelihood: -41123.679
3. Current log-likelihood: -41123.172
Optimal log-likelihood: -41123.172
Rate parameters:  A-C: 1.00000  A-G: 2.61748  A-T: 1.00000  C-G: 1.00000  C-T: 2.61748  G-T: 1.00000
Base frequencies:  A: 0.283  C: 0.211  G: 0.223  T: 0.283
Parameters optimization took 3 rounds (0.094 sec)
Wrote distance file to... 
BEST SCORE FOUND : -41123.172
Total tree length: 0.022

Total number of iterations: 0
CPU time used for tree search: 0.000 sec (0h:0m:0s)
Wall-clock time used for tree search: 0.000 sec (0h:0m:0s)
Total CPU time used: 483.948 sec (0h:8m:3s)
Total wall-clock time used: 179.831 sec (0h:2m:59s)

===> START JACKKNIFE REPLICATE NUMBER 956

Creating jackknife alignment (seed: 786682)...
Reading input tree file gl_output_rmq.fasta.raxml.bestTree ...

NOTE: 7 MB RAM (0 GB) is required!
Estimate model parameters (epsilon = 0.010)
1. Initial log-likelihood: -40897.974
2. Current log-likelihood: -40818.870
3. Current log-likelihood: -40818.710
Optimal log-likelihood: -40818.709
Rate parameters:  A-C: 1.00000  A-G: 2.15094  A-T: 1.00000  C-G: 1.00000  C-T: 2.15094  G-T: 1.00000
Base frequencies:  A: 0.282  C: 0.208  G: 0.229  T: 0.281
Parameters optimization took 3 rounds (0.087 sec)
Wrote distance file to... 
BEST SCORE FOUND : -40818.709
Total tree length: 0.021

Total number of iterations: 0
CPU time used for tree search: 0.000 sec (0h:0m:0s)
Wall-clock time used for tree search: 0.000 sec (0h:0m:0s)
Total CPU time used: 484.347 sec (0h:8m:4s)
Total wall-clock time used: 179.976 sec (0h:2m:59s)

===> START JACKKNIFE REPLICATE NUMBER 957

Creating jackknife alignment (seed: 786683)...
Reading input tree file gl_output_rmq.fasta.raxml.bestTree ...

NOTE: 7 MB RAM (0 GB) is required!
Estimate model parameters (epsilon = 0.010)
1. Initial log-likelihood: -41105.167
2. Current log-likelihood: -41029.086
3. Current log-likelihood: -41028.931
Optimal log-likelihood: -41028.931
Rate parameters:  A-C: 1.00000  A-G: 2.22351  A-T: 1.00000  C-G: 1.00000  C-T: 2.22351  G-T: 1.00000
Base frequencies:  A: 0.284  C: 0.208  G: 0.228  T: 0.280
Parameters optimization took 3 rounds (0.105 sec)
Wrote distance file to... 
BEST SCORE FOUND : -41028.931
Total tree length: 0.021

Total number of iterations: 0
CPU time used for tree search: 0.000 sec (0h:0m:0s)
Wall-clock time used for tree search: 0.000 sec (0h:0m:0s)
Total CPU time used: 484.792 sec (0h:8m:4s)
Total wall-clock time used: 180.137 sec (0h:3m:0s)

===> START JACKKNIFE REPLICATE NUMBER 958

Creating jackknife alignment (seed: 786684)...
Reading input tree file gl_output_rmq.fasta.raxml.bestTree ...

NOTE: 8 MB RAM (0 GB) is required!
Estimate model parameters (epsilon = 0.010)
1. Initial log-likelihood: -41061.912
2. Current log-likelihood: -40985.176
3. Current log-likelihood: -40985.144
Optimal log-likelihood: -40985.144
Rate parameters:  A-C: 1.00000  A-G: 2.21629  A-T: 1.00000  C-G: 1.00000  C-T: 2.21629  G-T: 1.00000
Base frequencies:  A: 0.282  C: 0.213  G: 0.224  T: 0.281
Parameters optimization took 3 rounds (0.111 sec)
Wrote distance file to... 
BEST SCORE FOUND : -40985.144
Total tree length: 0.022

Total number of iterations: 0
CPU time used for tree search: 0.000 sec (0h:0m:0s)
Wall-clock time used for tree search: 0.000 sec (0h:0m:0s)
Total CPU time used: 485.269 sec (0h:8m:5s)
Total wall-clock time used: 180.308 sec (0h:3m:0s)

===> START JACKKNIFE REPLICATE NUMBER 959

Creating jackknife alignment (seed: 786685)...
Reading input tree file gl_output_rmq.fasta.raxml.bestTree ...

NOTE: 7 MB RAM (0 GB) is required!
Estimate model parameters (epsilon = 0.010)
1. Initial log-likelihood: -40955.423
2. Current log-likelihood: -40867.320
3. Current log-likelihood: -40867.285
Optimal log-likelihood: -40867.284
Rate parameters:  A-C: 1.00000  A-G: 2.53736  A-T: 1.00000  C-G: 1.00000  C-T: 2.53736  G-T: 1.00000
Base frequencies:  A: 0.281  C: 0.213  G: 0.226  T: 0.280
Parameters optimization took 3 rounds (0.091 sec)
Wrote distance file to... 
BEST SCORE FOUND : -40867.284
Total tree length: 0.021

Total number of iterations: 0
CPU time used for tree search: 0.000 sec (0h:0m:0s)
Wall-clock time used for tree search: 0.000 sec (0h:0m:0s)
Total CPU time used: 485.680 sec (0h:8m:5s)
Total wall-clock time used: 180.458 sec (0h:3m:0s)

===> START JACKKNIFE REPLICATE NUMBER 960

Creating jackknife alignment (seed: 786686)...
Reading input tree file gl_output_rmq.fasta.raxml.bestTree ...

NOTE: 8 MB RAM (0 GB) is required!
Estimate model parameters (epsilon = 0.010)
1. Initial log-likelihood: -41308.455
2. Current log-likelihood: -41220.204
3. Current log-likelihood: -41220.026
Optimal log-likelihood: -41220.026
Rate parameters:  A-C: 1.00000  A-G: 2.50717  A-T: 1.00000  C-G: 1.00000  C-T: 2.50717  G-T: 1.00000
Base frequencies:  A: 0.282  C: 0.210  G: 0.227  T: 0.281
Parameters optimization took 3 rounds (0.105 sec)
Wrote distance file to... 
BEST SCORE FOUND : -41220.026
Total tree length: 0.023

Total number of iterations: 0
CPU time used for tree search: 0.000 sec (0h:0m:0s)
Wall-clock time used for tree search: 0.000 sec (0h:0m:0s)
Total CPU time used: 486.130 sec (0h:8m:6s)
Total wall-clock time used: 180.620 sec (0h:3m:0s)

===> START JACKKNIFE REPLICATE NUMBER 961

Creating jackknife alignment (seed: 786687)...
Reading input tree file gl_output_rmq.fasta.raxml.bestTree ...

NOTE: 7 MB RAM (0 GB) is required!
Estimate model parameters (epsilon = 0.010)
1. Initial log-likelihood: -40653.563
2. Current log-likelihood: -40542.745
3. Current log-likelihood: -40542.615
Optimal log-likelihood: -40542.614
Rate parameters:  A-C: 1.00000  A-G: 2.85579  A-T: 1.00000  C-G: 1.00000  C-T: 2.85579  G-T: 1.00000
Base frequencies:  A: 0.283  C: 0.208  G: 0.226  T: 0.283
Parameters optimization took 3 rounds (0.108 sec)
Wrote distance file to... 
BEST SCORE FOUND : -40542.614
Total tree length: 0.020

Total number of iterations: 0
CPU time used for tree search: 0.000 sec (0h:0m:0s)
Wall-clock time used for tree search: 0.000 sec (0h:0m:0s)
Total CPU time used: 486.609 sec (0h:8m:6s)
Total wall-clock time used: 180.794 sec (0h:3m:0s)

===> START JACKKNIFE REPLICATE NUMBER 962

Creating jackknife alignment (seed: 786688)...
Reading input tree file gl_output_rmq.fasta.raxml.bestTree ...

NOTE: 7 MB RAM (0 GB) is required!
Estimate model parameters (epsilon = 0.010)
1. Initial log-likelihood: -41091.142
2. Current log-likelihood: -41013.841
3. Current log-likelihood: -41013.645
Optimal log-likelihood: -41013.645
Rate parameters:  A-C: 1.00000  A-G: 2.24277  A-T: 1.00000  C-G: 1.00000  C-T: 2.24277  G-T: 1.00000
Base frequencies:  A: 0.282  C: 0.208  G: 0.228  T: 0.282
Parameters optimization took 3 rounds (0.097 sec)
Wrote distance file to... 
BEST SCORE FOUND : -41013.645
Total tree length: 0.022

Total number of iterations: 0
CPU time used for tree search: 0.000 sec (0h:0m:0s)
Wall-clock time used for tree search: 0.000 sec (0h:0m:0s)
Total CPU time used: 487.031 sec (0h:8m:7s)
Total wall-clock time used: 180.948 sec (0h:3m:0s)

===> START JACKKNIFE REPLICATE NUMBER 963

Creating jackknife alignment (seed: 786689)...
Reading input tree file gl_output_rmq.fasta.raxml.bestTree ...

NOTE: 7 MB RAM (0 GB) is required!
Estimate model parameters (epsilon = 0.010)
1. Initial log-likelihood: -40792.048
2. Current log-likelihood: -40702.057
3. Current log-likelihood: -40702.037
Optimal log-likelihood: -40702.037
Rate parameters:  A-C: 1.00000  A-G: 2.39278  A-T: 1.00000  C-G: 1.00000  C-T: 2.39278  G-T: 1.00000
Base frequencies:  A: 0.286  C: 0.211  G: 0.224  T: 0.279
Parameters optimization took 3 rounds (0.085 sec)
Wrote distance file to... 
BEST SCORE FOUND : -40702.037
Total tree length: 0.020

Total number of iterations: 0
CPU time used for tree search: 0.000 sec (0h:0m:0s)
Wall-clock time used for tree search: 0.000 sec (0h:0m:0s)
Total CPU time used: 487.425 sec (0h:8m:7s)
Total wall-clock time used: 181.093 sec (0h:3m:1s)

===> START JACKKNIFE REPLICATE NUMBER 964

Creating jackknife alignment (seed: 786690)...
Reading input tree file gl_output_rmq.fasta.raxml.bestTree ...

NOTE: 7 MB RAM (0 GB) is required!
Estimate model parameters (epsilon = 0.010)
1. Initial log-likelihood: -40927.749
2. Current log-likelihood: -40828.840
3. Current log-likelihood: -40828.762
Optimal log-likelihood: -40828.757
Rate parameters:  A-C: 1.00000  A-G: 2.62045  A-T: 1.00000  C-G: 1.00000  C-T: 2.62045  G-T: 1.00000
Base frequencies:  A: 0.283  C: 0.211  G: 0.227  T: 0.280
Parameters optimization took 3 rounds (0.102 sec)
Wrote distance file to... 
BEST SCORE FOUND : -40828.757
Total tree length: 0.021

Total number of iterations: 0
CPU time used for tree search: 0.000 sec (0h:0m:0s)
Wall-clock time used for tree search: 0.000 sec (0h:0m:0s)
Total CPU time used: 487.874 sec (0h:8m:7s)
Total wall-clock time used: 181.256 sec (0h:3m:1s)

===> START JACKKNIFE REPLICATE NUMBER 965

Creating jackknife alignment (seed: 786691)...
Reading input tree file gl_output_rmq.fasta.raxml.bestTree ...

NOTE: 7 MB RAM (0 GB) is required!
Estimate model parameters (epsilon = 0.010)
1. Initial log-likelihood: -40800.766
2. Current log-likelihood: -40710.516
3. Current log-likelihood: -40710.387
Optimal log-likelihood: -40710.387
Rate parameters:  A-C: 1.00000  A-G: 2.37140  A-T: 1.00000  C-G: 1.00000  C-T: 2.37140  G-T: 1.00000
Base frequencies:  A: 0.281  C: 0.209  G: 0.229  T: 0.281
Parameters optimization took 3 rounds (0.112 sec)
Wrote distance file to... 
BEST SCORE FOUND : -40710.387
Total tree length: 0.020

Total number of iterations: 0
CPU time used for tree search: 0.000 sec (0h:0m:0s)
Wall-clock time used for tree search: 0.000 sec (0h:0m:0s)
Total CPU time used: 488.349 sec (0h:8m:8s)
Total wall-clock time used: 181.427 sec (0h:3m:1s)

===> START JACKKNIFE REPLICATE NUMBER 966

Creating jackknife alignment (seed: 786692)...
Reading input tree file gl_output_rmq.fasta.raxml.bestTree ...

NOTE: 8 MB RAM (0 GB) is required!
Estimate model parameters (epsilon = 0.010)
1. Initial log-likelihood: -41381.410
2. Current log-likelihood: -41298.758
3. Current log-likelihood: -41298.349
Optimal log-likelihood: -41298.338
Rate parameters:  A-C: 1.00000  A-G: 2.31275  A-T: 1.00000  C-G: 1.00000  C-T: 2.31275  G-T: 1.00000
Base frequencies:  A: 0.283  C: 0.211  G: 0.226  T: 0.280
Parameters optimization took 3 rounds (0.098 sec)
Wrote distance file to... 
BEST SCORE FOUND : -41298.338
Total tree length: 0.023

Total number of iterations: 0
CPU time used for tree search: 0.000 sec (0h:0m:0s)
Wall-clock time used for tree search: 0.000 sec (0h:0m:0s)
Total CPU time used: 488.779 sec (0h:8m:8s)
Total wall-clock time used: 181.583 sec (0h:3m:1s)

===> START JACKKNIFE REPLICATE NUMBER 967

Creating jackknife alignment (seed: 786693)...
Reading input tree file gl_output_rmq.fasta.raxml.bestTree ...

NOTE: 7 MB RAM (0 GB) is required!
Estimate model parameters (epsilon = 0.010)
1. Initial log-likelihood: -40770.883
2. Current log-likelihood: -40692.838
3. Current log-likelihood: -40692.528
Optimal log-likelihood: -40692.511
Rate parameters:  A-C: 1.00000  A-G: 2.20064  A-T: 1.00000  C-G: 1.00000  C-T: 2.20064  G-T: 1.00000
Base frequencies:  A: 0.283  C: 0.209  G: 0.227  T: 0.281
Parameters optimization took 3 rounds (0.108 sec)
Wrote distance file to... 
BEST SCORE FOUND : -40692.511
Total tree length: 0.020

Total number of iterations: 0
CPU time used for tree search: 0.000 sec (0h:0m:0s)
Wall-clock time used for tree search: 0.000 sec (0h:0m:0s)
Total CPU time used: 489.239 sec (0h:8m:9s)
Total wall-clock time used: 181.752 sec (0h:3m:1s)

===> START JACKKNIFE REPLICATE NUMBER 968

Creating jackknife alignment (seed: 786694)...
Reading input tree file gl_output_rmq.fasta.raxml.bestTree ...

NOTE: 7 MB RAM (0 GB) is required!
Estimate model parameters (epsilon = 0.010)
1. Initial log-likelihood: -40971.372
2. Current log-likelihood: -40865.046
3. Current log-likelihood: -40864.880
Optimal log-likelihood: -40864.878
Rate parameters:  A-C: 1.00000  A-G: 2.74639  A-T: 1.00000  C-G: 1.00000  C-T: 2.74639  G-T: 1.00000
Base frequencies:  A: 0.284  C: 0.210  G: 0.228  T: 0.278
Parameters optimization took 3 rounds (0.108 sec)
Wrote distance file to... 
BEST SCORE FOUND : -40864.878
Total tree length: 0.021

Total number of iterations: 0
CPU time used for tree search: 0.000 sec (0h:0m:0s)
Wall-clock time used for tree search: 0.000 sec (0h:0m:0s)
Total CPU time used: 489.702 sec (0h:8m:9s)
Total wall-clock time used: 181.919 sec (0h:3m:1s)

===> START JACKKNIFE REPLICATE NUMBER 969

Creating jackknife alignment (seed: 786695)...
Reading input tree file gl_output_rmq.fasta.raxml.bestTree ...

NOTE: 8 MB RAM (0 GB) is required!
Estimate model parameters (epsilon = 0.010)
1. Initial log-likelihood: -41303.570
2. Current log-likelihood: -41203.007
3. Current log-likelihood: -41202.977
Optimal log-likelihood: -41202.973
Rate parameters:  A-C: 1.00000  A-G: 2.73161  A-T: 1.00000  C-G: 1.00000  C-T: 2.73161  G-T: 1.00000
Base frequencies:  A: 0.282  C: 0.212  G: 0.224  T: 0.282
Parameters optimization took 3 rounds (0.096 sec)
Wrote distance file to... 
BEST SCORE FOUND : -41202.973
Total tree length: 0.023

Total number of iterations: 0
CPU time used for tree search: 0.000 sec (0h:0m:0s)
Wall-clock time used for tree search: 0.000 sec (0h:0m:0s)
Total CPU time used: 490.149 sec (0h:8m:10s)
Total wall-clock time used: 182.084 sec (0h:3m:2s)

===> START JACKKNIFE REPLICATE NUMBER 970

Creating jackknife alignment (seed: 786696)...
Reading input tree file gl_output_rmq.fasta.raxml.bestTree ...

NOTE: 7 MB RAM (0 GB) is required!
Estimate model parameters (epsilon = 0.010)
1. Initial log-likelihood: -40770.187
2. Current log-likelihood: -40677.990
3. Current log-likelihood: -40677.693
Optimal log-likelihood: -40677.691
Rate parameters:  A-C: 1.00000  A-G: 2.70663  A-T: 1.00000  C-G: 1.00000  C-T: 2.70663  G-T: 1.00000
Base frequencies:  A: 0.285  C: 0.211  G: 0.226  T: 0.278
Parameters optimization took 3 rounds (0.100 sec)
Wrote distance file to... 
BEST SCORE FOUND : -40677.691
Total tree length: 0.020

Total number of iterations: 0
CPU time used for tree search: 0.000 sec (0h:0m:0s)
Wall-clock time used for tree search: 0.000 sec (0h:0m:0s)
Total CPU time used: 490.588 sec (0h:8m:10s)
Total wall-clock time used: 182.243 sec (0h:3m:2s)

===> START JACKKNIFE REPLICATE NUMBER 971

Creating jackknife alignment (seed: 786697)...
Reading input tree file gl_output_rmq.fasta.raxml.bestTree ...

NOTE: 8 MB RAM (0 GB) is required!
Estimate model parameters (epsilon = 0.010)
1. Initial log-likelihood: -41310.860
2. Current log-likelihood: -41223.643
3. Current log-likelihood: -41223.581
Optimal log-likelihood: -41223.566
Rate parameters:  A-C: 1.00000  A-G: 2.45156  A-T: 1.00000  C-G: 1.00000  C-T: 2.45156  G-T: 1.00000
Base frequencies:  A: 0.282  C: 0.214  G: 0.225  T: 0.279
Parameters optimization took 3 rounds (0.117 sec)
Wrote distance file to... 
BEST SCORE FOUND : -41223.566
Total tree length: 0.022

Total number of iterations: 0
CPU time used for tree search: 0.000 sec (0h:0m:0s)
Wall-clock time used for tree search: 0.000 sec (0h:0m:0s)
Total CPU time used: 491.070 sec (0h:8m:11s)
Total wall-clock time used: 182.417 sec (0h:3m:2s)

===> START JACKKNIFE REPLICATE NUMBER 972

Creating jackknife alignment (seed: 786698)...
Reading input tree file gl_output_rmq.fasta.raxml.bestTree ...

NOTE: 7 MB RAM (0 GB) is required!
Estimate model parameters (epsilon = 0.010)
1. Initial log-likelihood: -41251.956
2. Current log-likelihood: -41153.674
3. Current log-likelihood: -41153.455
Optimal log-likelihood: -41153.452
Rate parameters:  A-C: 1.00000  A-G: 2.70912  A-T: 1.00000  C-G: 1.00000  C-T: 2.70912  G-T: 1.00000
Base frequencies:  A: 0.282  C: 0.214  G: 0.222  T: 0.282
Parameters optimization took 3 rounds (0.113 sec)
Wrote distance file to... 
BEST SCORE FOUND : -41153.452
Total tree length: 0.023

Total number of iterations: 0
CPU time used for tree search: 0.000 sec (0h:0m:0s)
Wall-clock time used for tree search: 0.000 sec (0h:0m:0s)
Total CPU time used: 491.540 sec (0h:8m:11s)
Total wall-clock time used: 182.585 sec (0h:3m:2s)

===> START JACKKNIFE REPLICATE NUMBER 973

Creating jackknife alignment (seed: 786699)...
Reading input tree file gl_output_rmq.fasta.raxml.bestTree ...

NOTE: 8 MB RAM (0 GB) is required!
Estimate model parameters (epsilon = 0.010)
1. Initial log-likelihood: -40971.059
2. Current log-likelihood: -40881.913
3. Current log-likelihood: -40881.771
Optimal log-likelihood: -40881.771
Rate parameters:  A-C: 1.00000  A-G: 2.34902  A-T: 1.00000  C-G: 1.00000  C-T: 2.34902  G-T: 1.00000
Base frequencies:  A: 0.284  C: 0.209  G: 0.225  T: 0.281
Parameters optimization took 3 rounds (0.102 sec)
Wrote distance file to... 
BEST SCORE FOUND : -40881.771
Total tree length: 0.021

Total number of iterations: 0
CPU time used for tree search: 0.002 sec (0h:0m:0s)
Wall-clock time used for tree search: 0.000 sec (0h:0m:0s)
Total CPU time used: 491.978 sec (0h:8m:11s)
Total wall-clock time used: 182.744 sec (0h:3m:2s)

===> START JACKKNIFE REPLICATE NUMBER 974

Creating jackknife alignment (seed: 786700)...
Reading input tree file gl_output_rmq.fasta.raxml.bestTree ...

NOTE: 7 MB RAM (0 GB) is required!
Estimate model parameters (epsilon = 0.010)
1. Initial log-likelihood: -41092.572
2. Current log-likelihood: -41036.226
3. Current log-likelihood: -41021.702
4. Current log-likelihood: -40979.658
5. Current log-likelihood: -40979.601
6. Current log-likelihood: -40979.590
Optimal log-likelihood: -40979.590
Rate parameters:  A-C: 1.00000  A-G: 3.13121  A-T: 1.00000  C-G: 1.00000  C-T: 3.13121  G-T: 1.00000
Base frequencies:  A: 0.280  C: 0.212  G: 0.229  T: 0.279
Parameters optimization took 6 rounds (0.180 sec)
Wrote distance file to... 
BEST SCORE FOUND : -40979.590
Total tree length: 0.021

Total number of iterations: 0
CPU time used for tree search: 0.000 sec (0h:0m:0s)
Wall-clock time used for tree search: 0.000 sec (0h:0m:0s)
Total CPU time used: 492.646 sec (0h:8m:12s)
Total wall-clock time used: 182.981 sec (0h:3m:2s)

===> START JACKKNIFE REPLICATE NUMBER 975

Creating jackknife alignment (seed: 786701)...
Reading input tree file gl_output_rmq.fasta.raxml.bestTree ...

NOTE: 7 MB RAM (0 GB) is required!
Estimate model parameters (epsilon = 0.010)
1. Initial log-likelihood: -41408.510
2. Current log-likelihood: -41323.425
3. Current log-likelihood: -41323.293
Optimal log-likelihood: -41323.293
Rate parameters:  A-C: 1.00000  A-G: 2.28540  A-T: 1.00000  C-G: 1.00000  C-T: 2.28540  G-T: 1.00000
Base frequencies:  A: 0.284  C: 0.209  G: 0.228  T: 0.279
Parameters optimization took 3 rounds (0.103 sec)
Wrote distance file to... 
BEST SCORE FOUND : -41323.293
Total tree length: 0.023

Total number of iterations: 0
CPU time used for tree search: 0.000 sec (0h:0m:0s)
Wall-clock time used for tree search: 0.000 sec (0h:0m:0s)
Total CPU time used: 493.087 sec (0h:8m:13s)
Total wall-clock time used: 183.141 sec (0h:3m:3s)

===> START JACKKNIFE REPLICATE NUMBER 976

Creating jackknife alignment (seed: 786702)...
Reading input tree file gl_output_rmq.fasta.raxml.bestTree ...

NOTE: 7 MB RAM (0 GB) is required!
Estimate model parameters (epsilon = 0.010)
1. Initial log-likelihood: -40667.839
2. Current log-likelihood: -40578.587
3. Current log-likelihood: -40578.464
Optimal log-likelihood: -40578.460
Rate parameters:  A-C: 1.00000  A-G: 2.61544  A-T: 1.00000  C-G: 1.00000  C-T: 2.61544  G-T: 1.00000
Base frequencies:  A: 0.279  C: 0.210  G: 0.232  T: 0.279
Parameters optimization took 3 rounds (0.101 sec)
Wrote distance file to... 
BEST SCORE FOUND : -40578.460
Total tree length: 0.020

Total number of iterations: 0
CPU time used for tree search: 0.000 sec (0h:0m:0s)
Wall-clock time used for tree search: 0.000 sec (0h:0m:0s)
Total CPU time used: 493.521 sec (0h:8m:13s)
Total wall-clock time used: 183.298 sec (0h:3m:3s)

===> START JACKKNIFE REPLICATE NUMBER 977

Creating jackknife alignment (seed: 786703)...
Reading input tree file gl_output_rmq.fasta.raxml.bestTree ...

NOTE: 7 MB RAM (0 GB) is required!
Estimate model parameters (epsilon = 0.010)
1. Initial log-likelihood: -40987.944
2. Current log-likelihood: -40912.629
3. Current log-likelihood: -40912.598
Optimal log-likelihood: -40912.598
Rate parameters:  A-C: 1.00000  A-G: 2.20917  A-T: 1.00000  C-G: 1.00000  C-T: 2.20917  G-T: 1.00000
Base frequencies:  A: 0.284  C: 0.211  G: 0.227  T: 0.278
Parameters optimization took 3 rounds (0.117 sec)
Wrote distance file to... 
BEST SCORE FOUND : -40912.598
Total tree length: 0.021

Total number of iterations: 0
CPU time used for tree search: 0.000 sec (0h:0m:0s)
Wall-clock time used for tree search: 0.000 sec (0h:0m:0s)
Total CPU time used: 494.006 sec (0h:8m:14s)
Total wall-clock time used: 183.474 sec (0h:3m:3s)

===> START JACKKNIFE REPLICATE NUMBER 978

Creating jackknife alignment (seed: 786704)...
Reading input tree file gl_output_rmq.fasta.raxml.bestTree ...

NOTE: 7 MB RAM (0 GB) is required!
Estimate model parameters (epsilon = 0.010)
1. Initial log-likelihood: -41013.070
2. Current log-likelihood: -40914.115
3. Current log-likelihood: -40914.039
4. Current log-likelihood: -40914.026
Optimal log-likelihood: -40914.025
Rate parameters:  A-C: 1.00000  A-G: 2.79094  A-T: 1.00000  C-G: 1.00000  C-T: 2.79094  G-T: 1.00000
Base frequencies:  A: 0.280  C: 0.212  G: 0.229  T: 0.280
Parameters optimization took 4 rounds (0.141 sec)
Wrote distance file to... 
BEST SCORE FOUND : -40914.025
Total tree length: 0.021

Total number of iterations: 0
CPU time used for tree search: 0.000 sec (0h:0m:0s)
Wall-clock time used for tree search: 0.000 sec (0h:0m:0s)
Total CPU time used: 494.555 sec (0h:8m:14s)
Total wall-clock time used: 183.671 sec (0h:3m:3s)

===> START JACKKNIFE REPLICATE NUMBER 979

Creating jackknife alignment (seed: 786705)...
Reading input tree file gl_output_rmq.fasta.raxml.bestTree ...

NOTE: 7 MB RAM (0 GB) is required!
Estimate model parameters (epsilon = 0.010)
1. Initial log-likelihood: -41038.719
2. Current log-likelihood: -40955.331
3. Current log-likelihood: -40955.170
Optimal log-likelihood: -40955.167
Rate parameters:  A-C: 1.00000  A-G: 2.38234  A-T: 1.00000  C-G: 1.00000  C-T: 2.38234  G-T: 1.00000
Base frequencies:  A: 0.283  C: 0.209  G: 0.226  T: 0.282
Parameters optimization took 3 rounds (0.085 sec)
Wrote distance file to... 
BEST SCORE FOUND : -40955.167
Total tree length: 0.022

Total number of iterations: 0
CPU time used for tree search: 0.000 sec (0h:0m:0s)
Wall-clock time used for tree search: 0.000 sec (0h:0m:0s)
Total CPU time used: 494.958 sec (0h:8m:14s)
Total wall-clock time used: 183.818 sec (0h:3m:3s)

===> START JACKKNIFE REPLICATE NUMBER 980

Creating jackknife alignment (seed: 786706)...
Reading input tree file gl_output_rmq.fasta.raxml.bestTree ...

NOTE: 7 MB RAM (0 GB) is required!
Estimate model parameters (epsilon = 0.010)
1. Initial log-likelihood: -41020.713
2. Current log-likelihood: -40933.455
3. Current log-likelihood: -40933.375
Optimal log-likelihood: -40933.373
Rate parameters:  A-C: 1.00000  A-G: 2.43202  A-T: 1.00000  C-G: 1.00000  C-T: 2.43202  G-T: 1.00000
Base frequencies:  A: 0.281  C: 0.210  G: 0.228  T: 0.280
Parameters optimization took 3 rounds (0.094 sec)
Wrote distance file to... 
BEST SCORE FOUND : -40933.373
Total tree length: 0.021

Total number of iterations: 0
CPU time used for tree search: 0.000 sec (0h:0m:0s)
Wall-clock time used for tree search: 0.000 sec (0h:0m:0s)
Total CPU time used: 495.378 sec (0h:8m:15s)
Total wall-clock time used: 183.969 sec (0h:3m:3s)

===> START JACKKNIFE REPLICATE NUMBER 981

Creating jackknife alignment (seed: 786707)...
Reading input tree file gl_output_rmq.fasta.raxml.bestTree ...

NOTE: 7 MB RAM (0 GB) is required!
Estimate model parameters (epsilon = 0.010)
1. Initial log-likelihood: -41056.378
2. Current log-likelihood: -40988.515
3. Current log-likelihood: -40988.441
Optimal log-likelihood: -40988.438
Rate parameters:  A-C: 1.00000  A-G: 2.16357  A-T: 1.00000  C-G: 1.00000  C-T: 2.16357  G-T: 1.00000
Base frequencies:  A: 0.286  C: 0.211  G: 0.226  T: 0.277
Parameters optimization took 3 rounds (0.100 sec)
Wrote distance file to... 
BEST SCORE FOUND : -40988.438
Total tree length: 0.021

Total number of iterations: 0
CPU time used for tree search: 0.000 sec (0h:0m:0s)
Wall-clock time used for tree search: 0.000 sec (0h:0m:0s)
Total CPU time used: 495.812 sec (0h:8m:15s)
Total wall-clock time used: 184.127 sec (0h:3m:4s)

===> START JACKKNIFE REPLICATE NUMBER 982

Creating jackknife alignment (seed: 786708)...
Reading input tree file gl_output_rmq.fasta.raxml.bestTree ...

NOTE: 7 MB RAM (0 GB) is required!
Estimate model parameters (epsilon = 0.010)
1. Initial log-likelihood: -40671.440
2. Current log-likelihood: -40589.504
3. Current log-likelihood: -40589.493
Optimal log-likelihood: -40589.490
Rate parameters:  A-C: 1.00000  A-G: 2.31984  A-T: 1.00000  C-G: 1.00000  C-T: 2.31984  G-T: 1.00000
Base frequencies:  A: 0.283  C: 0.208  G: 0.228  T: 0.282
Parameters optimization took 3 rounds (0.077 sec)
Wrote distance file to... 
BEST SCORE FOUND : -40589.490
Total tree length: 0.020

Total number of iterations: 0
CPU time used for tree search: 0.000 sec (0h:0m:0s)
Wall-clock time used for tree search: 0.000 sec (0h:0m:0s)
Total CPU time used: 496.172 sec (0h:8m:16s)
Total wall-clock time used: 184.260 sec (0h:3m:4s)

===> START JACKKNIFE REPLICATE NUMBER 983

Creating jackknife alignment (seed: 786709)...
Reading input tree file gl_output_rmq.fasta.raxml.bestTree ...

NOTE: 8 MB RAM (0 GB) is required!
Estimate model parameters (epsilon = 0.010)
1. Initial log-likelihood: -41408.001
2. Current log-likelihood: -41325.488
3. Current log-likelihood: -41325.432
Optimal log-likelihood: -41325.428
Rate parameters:  A-C: 1.00000  A-G: 2.29420  A-T: 1.00000  C-G: 1.00000  C-T: 2.29420  G-T: 1.00000
Base frequencies:  A: 0.285  C: 0.209  G: 0.227  T: 0.279
Parameters optimization took 3 rounds (0.097 sec)
Wrote distance file to... 
BEST SCORE FOUND : -41325.428
Total tree length: 0.023

Total number of iterations: 0
CPU time used for tree search: 0.000 sec (0h:0m:0s)
Wall-clock time used for tree search: 0.000 sec (0h:0m:0s)
Total CPU time used: 496.591 sec (0h:8m:16s)
Total wall-clock time used: 184.413 sec (0h:3m:4s)

===> START JACKKNIFE REPLICATE NUMBER 984

Creating jackknife alignment (seed: 786710)...
Reading input tree file gl_output_rmq.fasta.raxml.bestTree ...

NOTE: 8 MB RAM (0 GB) is required!
Estimate model parameters (epsilon = 0.010)
1. Initial log-likelihood: -41065.030
2. Current log-likelihood: -40993.273
3. Current log-likelihood: -40993.240
Optimal log-likelihood: -40993.240
Rate parameters:  A-C: 1.00000  A-G: 2.14758  A-T: 1.00000  C-G: 1.00000  C-T: 2.14758  G-T: 1.00000
Base frequencies:  A: 0.283  C: 0.210  G: 0.226  T: 0.281
Parameters optimization took 3 rounds (0.107 sec)
Wrote distance file to... 
BEST SCORE FOUND : -40993.240
Total tree length: 0.022

Total number of iterations: 0
CPU time used for tree search: 0.000 sec (0h:0m:0s)
Wall-clock time used for tree search: 0.000 sec (0h:0m:0s)
Total CPU time used: 497.039 sec (0h:8m:17s)
Total wall-clock time used: 184.575 sec (0h:3m:4s)

===> START JACKKNIFE REPLICATE NUMBER 985

Creating jackknife alignment (seed: 786711)...
Reading input tree file gl_output_rmq.fasta.raxml.bestTree ...

NOTE: 8 MB RAM (0 GB) is required!
Estimate model parameters (epsilon = 0.010)
1. Initial log-likelihood: -41286.057
2. Current log-likelihood: -41206.768
3. Current log-likelihood: -41206.643
Optimal log-likelihood: -41206.643
Rate parameters:  A-C: 1.00000  A-G: 2.33667  A-T: 1.00000  C-G: 1.00000  C-T: 2.33667  G-T: 1.00000
Base frequencies:  A: 0.280  C: 0.210  G: 0.228  T: 0.282
Parameters optimization took 3 rounds (0.101 sec)
Wrote distance file to... 
BEST SCORE FOUND : -41206.643
Total tree length: 0.022

Total number of iterations: 0
CPU time used for tree search: 0.000 sec (0h:0m:0s)
Wall-clock time used for tree search: 0.000 sec (0h:0m:0s)
Total CPU time used: 497.482 sec (0h:8m:17s)
Total wall-clock time used: 184.742 sec (0h:3m:4s)

===> START JACKKNIFE REPLICATE NUMBER 986

Creating jackknife alignment (seed: 786712)...
Reading input tree file gl_output_rmq.fasta.raxml.bestTree ...

NOTE: 7 MB RAM (0 GB) is required!
Estimate model parameters (epsilon = 0.010)
1. Initial log-likelihood: -40609.542
2. Current log-likelihood: -40509.084
Optimal log-likelihood: -40509.075
Rate parameters:  A-C: 1.00000  A-G: 2.71486  A-T: 1.00000  C-G: 1.00000  C-T: 2.71486  G-T: 1.00000
Base frequencies:  A: 0.278  C: 0.209  G: 0.229  T: 0.284
Parameters optimization took 2 rounds (0.064 sec)
Wrote distance file to... 
BEST SCORE FOUND : -40509.075
Total tree length: 0.019

Total number of iterations: 0
CPU time used for tree search: 0.000 sec (0h:0m:0s)
Wall-clock time used for tree search: 0.000 sec (0h:0m:0s)
Total CPU time used: 497.805 sec (0h:8m:17s)
Total wall-clock time used: 184.861 sec (0h:3m:4s)

===> START JACKKNIFE REPLICATE NUMBER 987

Creating jackknife alignment (seed: 786713)...
Reading input tree file gl_output_rmq.fasta.raxml.bestTree ...

NOTE: 7 MB RAM (0 GB) is required!
Estimate model parameters (epsilon = 0.010)
1. Initial log-likelihood: -41027.875
2. Current log-likelihood: -40944.857
3. Current log-likelihood: -40944.569
Optimal log-likelihood: -40944.569
Rate parameters:  A-C: 1.00000  A-G: 2.43748  A-T: 1.00000  C-G: 1.00000  C-T: 2.43748  G-T: 1.00000
Base frequencies:  A: 0.287  C: 0.209  G: 0.226  T: 0.278
Parameters optimization took 3 rounds (0.114 sec)
Wrote distance file to... 
BEST SCORE FOUND : -40944.569
Total tree length: 0.022

Total number of iterations: 0
CPU time used for tree search: 0.000 sec (0h:0m:0s)
Wall-clock time used for tree search: 0.000 sec (0h:0m:0s)
Total CPU time used: 498.276 sec (0h:8m:18s)
Total wall-clock time used: 185.031 sec (0h:3m:5s)

===> START JACKKNIFE REPLICATE NUMBER 988

Creating jackknife alignment (seed: 786714)...
Reading input tree file gl_output_rmq.fasta.raxml.bestTree ...

NOTE: 7 MB RAM (0 GB) is required!
Estimate model parameters (epsilon = 0.010)
1. Initial log-likelihood: -40943.702
2. Current log-likelihood: -40856.704
3. Current log-likelihood: -40856.684
Optimal log-likelihood: -40856.684
Rate parameters:  A-C: 1.00000  A-G: 2.41791  A-T: 1.00000  C-G: 1.00000  C-T: 2.41791  G-T: 1.00000
Base frequencies:  A: 0.281  C: 0.211  G: 0.225  T: 0.283
Parameters optimization took 3 rounds (0.079 sec)
Wrote distance file to... 
BEST SCORE FOUND : -40856.684
Total tree length: 0.021

Total number of iterations: 0
CPU time used for tree search: 0.000 sec (0h:0m:0s)
Wall-clock time used for tree search: 0.000 sec (0h:0m:0s)
Total CPU time used: 498.654 sec (0h:8m:18s)
Total wall-clock time used: 185.171 sec (0h:3m:5s)

===> START JACKKNIFE REPLICATE NUMBER 989

Creating jackknife alignment (seed: 786715)...
Reading input tree file gl_output_rmq.fasta.raxml.bestTree ...

NOTE: 8 MB RAM (0 GB) is required!
Estimate model parameters (epsilon = 0.010)
1. Initial log-likelihood: -41242.380
2. Current log-likelihood: -41160.105
3. Current log-likelihood: -41160.029
Optimal log-likelihood: -41160.014
Rate parameters:  A-C: 1.00000  A-G: 2.40338  A-T: 1.00000  C-G: 1.00000  C-T: 2.40338  G-T: 1.00000
Base frequencies:  A: 0.282  C: 0.209  G: 0.229  T: 0.280
Parameters optimization took 3 rounds (0.100 sec)
Wrote distance file to... 
BEST SCORE FOUND : -41160.014
Total tree length: 0.022

Total number of iterations: 0
CPU time used for tree search: 0.000 sec (0h:0m:0s)
Wall-clock time used for tree search: 0.000 sec (0h:0m:0s)
Total CPU time used: 499.087 sec (0h:8m:19s)
Total wall-clock time used: 185.327 sec (0h:3m:5s)

===> START JACKKNIFE REPLICATE NUMBER 990

Creating jackknife alignment (seed: 786716)...
Reading input tree file gl_output_rmq.fasta.raxml.bestTree ...

NOTE: 7 MB RAM (0 GB) is required!
Estimate model parameters (epsilon = 0.010)
1. Initial log-likelihood: -41179.803
2. Current log-likelihood: -41095.840
3. Current log-likelihood: -41095.593
Optimal log-likelihood: -41095.590
Rate parameters:  A-C: 1.00000  A-G: 2.40835  A-T: 1.00000  C-G: 1.00000  C-T: 2.40835  G-T: 1.00000
Base frequencies:  A: 0.281  C: 0.210  G: 0.232  T: 0.277
Parameters optimization took 3 rounds (0.102 sec)
Wrote distance file to... 
BEST SCORE FOUND : -41095.590
Total tree length: 0.022

Total number of iterations: 0
CPU time used for tree search: 0.000 sec (0h:0m:0s)
Wall-clock time used for tree search: 0.000 sec (0h:0m:0s)
Total CPU time used: 499.523 sec (0h:8m:19s)
Total wall-clock time used: 185.485 sec (0h:3m:5s)

===> START JACKKNIFE REPLICATE NUMBER 991

Creating jackknife alignment (seed: 786717)...
Reading input tree file gl_output_rmq.fasta.raxml.bestTree ...

NOTE: 7 MB RAM (0 GB) is required!
Estimate model parameters (epsilon = 0.010)
1. Initial log-likelihood: -41100.143
2. Current log-likelihood: -41007.465
3. Current log-likelihood: -41007.431
Optimal log-likelihood: -41007.427
Rate parameters:  A-C: 1.00000  A-G: 2.65574  A-T: 1.00000  C-G: 1.00000  C-T: 2.65574  G-T: 1.00000
Base frequencies:  A: 0.285  C: 0.207  G: 0.224  T: 0.284
Parameters optimization took 3 rounds (0.096 sec)
Wrote distance file to... 
BEST SCORE FOUND : -41007.427
Total tree length: 0.022

Total number of iterations: 0
CPU time used for tree search: 0.000 sec (0h:0m:0s)
Wall-clock time used for tree search: 0.000 sec (0h:0m:0s)
Total CPU time used: 499.943 sec (0h:8m:19s)
Total wall-clock time used: 185.639 sec (0h:3m:5s)

===> START JACKKNIFE REPLICATE NUMBER 992

Creating jackknife alignment (seed: 786718)...
Reading input tree file gl_output_rmq.fasta.raxml.bestTree ...

NOTE: 7 MB RAM (0 GB) is required!
Estimate model parameters (epsilon = 0.010)
1. Initial log-likelihood: -41177.156
2. Current log-likelihood: -41089.239
3. Current log-likelihood: -41088.865
Optimal log-likelihood: -41088.865
Rate parameters:  A-C: 1.00000  A-G: 2.45201  A-T: 1.00000  C-G: 1.00000  C-T: 2.45201  G-T: 1.00000
Base frequencies:  A: 0.283  C: 0.211  G: 0.226  T: 0.280
Parameters optimization took 3 rounds (0.098 sec)
Wrote distance file to... 
BEST SCORE FOUND : -41088.865
Total tree length: 0.022

Total number of iterations: 0
CPU time used for tree search: 0.000 sec (0h:0m:0s)
Wall-clock time used for tree search: 0.000 sec (0h:0m:0s)
Total CPU time used: 500.377 sec (0h:8m:20s)
Total wall-clock time used: 185.795 sec (0h:3m:5s)

===> START JACKKNIFE REPLICATE NUMBER 993

Creating jackknife alignment (seed: 786719)...
Reading input tree file gl_output_rmq.fasta.raxml.bestTree ...

NOTE: 7 MB RAM (0 GB) is required!
Estimate model parameters (epsilon = 0.010)
1. Initial log-likelihood: -40853.567
2. Current log-likelihood: -40805.868
3. Current log-likelihood: -40789.767
4. Current log-likelihood: -40746.678
5. Current log-likelihood: -40746.624
Optimal log-likelihood: -40746.619
Rate parameters:  A-C: 1.00000  A-G: 2.94293  A-T: 1.00000  C-G: 1.00000  C-T: 2.94293  G-T: 1.00000
Base frequencies:  A: 0.284  C: 0.209  G: 0.227  T: 0.280
Parameters optimization took 5 rounds (0.148 sec)
Wrote distance file to... 
BEST SCORE FOUND : -40746.619
Total tree length: 0.020

Total number of iterations: 0
CPU time used for tree search: 0.000 sec (0h:0m:0s)
Wall-clock time used for tree search: 0.000 sec (0h:0m:0s)
Total CPU time used: 500.960 sec (0h:8m:20s)
Total wall-clock time used: 186.008 sec (0h:3m:6s)

===> START JACKKNIFE REPLICATE NUMBER 994

Creating jackknife alignment (seed: 786720)...
Reading input tree file gl_output_rmq.fasta.raxml.bestTree ...

NOTE: 7 MB RAM (0 GB) is required!
Estimate model parameters (epsilon = 0.010)
1. Initial log-likelihood: -41237.233
2. Current log-likelihood: -41145.872
3. Current log-likelihood: -41145.584
4. Current log-likelihood: -41145.573
Optimal log-likelihood: -41145.573
Rate parameters:  A-C: 1.00000  A-G: 2.41697  A-T: 1.00000  C-G: 1.00000  C-T: 2.41697  G-T: 1.00000
Base frequencies:  A: 0.285  C: 0.212  G: 0.227  T: 0.276
Parameters optimization took 4 rounds (0.127 sec)
Wrote distance file to... 
BEST SCORE FOUND : -41145.573
Total tree length: 0.023

Total number of iterations: 0
CPU time used for tree search: 0.000 sec (0h:0m:0s)
Wall-clock time used for tree search: 0.000 sec (0h:0m:0s)
Total CPU time used: 501.469 sec (0h:8m:21s)
Total wall-clock time used: 186.192 sec (0h:3m:6s)

===> START JACKKNIFE REPLICATE NUMBER 995

Creating jackknife alignment (seed: 786721)...
Reading input tree file gl_output_rmq.fasta.raxml.bestTree ...

NOTE: 7 MB RAM (0 GB) is required!
Estimate model parameters (epsilon = 0.010)
1. Initial log-likelihood: -40925.826
2. Current log-likelihood: -40838.778
3. Current log-likelihood: -40838.526
4. Current log-likelihood: -40838.452
5. Current log-likelihood: -40838.429
Optimal log-likelihood: -40838.427
Rate parameters:  A-C: 1.00000  A-G: 2.47936  A-T: 1.00000  C-G: 1.00000  C-T: 2.47936  G-T: 1.00000
Base frequencies:  A: 0.282  C: 0.213  G: 0.227  T: 0.278
Parameters optimization took 5 rounds (0.163 sec)
Wrote distance file to... 
BEST SCORE FOUND : -40838.427
Total tree length: 0.021

Total number of iterations: 0
CPU time used for tree search: 0.000 sec (0h:0m:0s)
Wall-clock time used for tree search: 0.000 sec (0h:0m:0s)
Total CPU time used: 502.083 sec (0h:8m:22s)
Total wall-clock time used: 186.413 sec (0h:3m:6s)

===> START JACKKNIFE REPLICATE NUMBER 996

Creating jackknife alignment (seed: 786722)...
Reading input tree file gl_output_rmq.fasta.raxml.bestTree ...

NOTE: 8 MB RAM (0 GB) is required!
Estimate model parameters (epsilon = 0.010)
1. Initial log-likelihood: -41258.754
2. Current log-likelihood: -41156.987
3. Current log-likelihood: -41156.962
Optimal log-likelihood: -41156.961
Rate parameters:  A-C: 1.00000  A-G: 2.76370  A-T: 1.00000  C-G: 1.00000  C-T: 2.76370  G-T: 1.00000
Base frequencies:  A: 0.286  C: 0.205  G: 0.228  T: 0.281
Parameters optimization took 3 rounds (0.097 sec)
Wrote distance file to... 
BEST SCORE FOUND : -41156.961
Total tree length: 0.023

Total number of iterations: 0
CPU time used for tree search: 0.000 sec (0h:0m:0s)
Wall-clock time used for tree search: 0.000 sec (0h:0m:0s)
Total CPU time used: 502.515 sec (0h:8m:22s)
Total wall-clock time used: 186.572 sec (0h:3m:6s)

===> START JACKKNIFE REPLICATE NUMBER 997

Creating jackknife alignment (seed: 786723)...
Reading input tree file gl_output_rmq.fasta.raxml.bestTree ...

NOTE: 7 MB RAM (0 GB) is required!
Estimate model parameters (epsilon = 0.010)
1. Initial log-likelihood: -40945.360
2. Current log-likelihood: -40848.172
3. Current log-likelihood: -40848.004
4. Current log-likelihood: -40847.976
Optimal log-likelihood: -40847.969
Rate parameters:  A-C: 1.00000  A-G: 2.54059  A-T: 1.00000  C-G: 1.00000  C-T: 2.54059  G-T: 1.00000
Base frequencies:  A: 0.278  C: 0.212  G: 0.227  T: 0.282
Parameters optimization took 4 rounds (0.117 sec)
Wrote distance file to... 
BEST SCORE FOUND : -40847.969
Total tree length: 0.021

Total number of iterations: 0
CPU time used for tree search: 0.000 sec (0h:0m:0s)
Wall-clock time used for tree search: 0.000 sec (0h:0m:0s)
Total CPU time used: 503.013 sec (0h:8m:23s)
Total wall-clock time used: 186.752 sec (0h:3m:6s)

===> START JACKKNIFE REPLICATE NUMBER 998

Creating jackknife alignment (seed: 786724)...
Reading input tree file gl_output_rmq.fasta.raxml.bestTree ...

NOTE: 8 MB RAM (0 GB) is required!
Estimate model parameters (epsilon = 0.010)
1. Initial log-likelihood: -41369.525
2. Current log-likelihood: -41274.332
3. Current log-likelihood: -41274.021
4. Current log-likelihood: -41274.003
Optimal log-likelihood: -41274.003
Rate parameters:  A-C: 1.00000  A-G: 2.59650  A-T: 1.00000  C-G: 1.00000  C-T: 2.59650  G-T: 1.00000
Base frequencies:  A: 0.281  C: 0.212  G: 0.229  T: 0.278
Parameters optimization took 4 rounds (0.125 sec)
Wrote distance file to... 
BEST SCORE FOUND : -41274.003
Total tree length: 0.023

Total number of iterations: 0
CPU time used for tree search: 0.002 sec (0h:0m:0s)
Wall-clock time used for tree search: 0.000 sec (0h:0m:0s)
Total CPU time used: 503.525 sec (0h:8m:23s)
Total wall-clock time used: 186.937 sec (0h:3m:6s)

===> START JACKKNIFE REPLICATE NUMBER 999

Creating jackknife alignment (seed: 786725)...
Reading input tree file gl_output_rmq.fasta.raxml.bestTree ...

NOTE: 7 MB RAM (0 GB) is required!
Estimate model parameters (epsilon = 0.010)
1. Initial log-likelihood: -41018.914
2. Current log-likelihood: -40929.448
3. Current log-likelihood: -40929.201
4. Current log-likelihood: -40929.182
Optimal log-likelihood: -40929.176
Rate parameters:  A-C: 1.00000  A-G: 2.42803  A-T: 1.00000  C-G: 1.00000  C-T: 2.42803  G-T: 1.00000
Base frequencies:  A: 0.283  C: 0.209  G: 0.225  T: 0.284
Parameters optimization took 4 rounds (0.136 sec)
Wrote distance file to... 
BEST SCORE FOUND : -40929.176
Total tree length: 0.021

Total number of iterations: 0
CPU time used for tree search: 0.000 sec (0h:0m:0s)
Wall-clock time used for tree search: 0.000 sec (0h:0m:0s)
Total CPU time used: 504.061 sec (0h:8m:24s)
Total wall-clock time used: 187.132 sec (0h:3m:7s)

===> START JACKKNIFE REPLICATE NUMBER 1000

Creating jackknife alignment (seed: 786726)...
Reading input tree file gl_output_rmq.fasta.raxml.bestTree ...

NOTE: 7 MB RAM (0 GB) is required!
Estimate model parameters (epsilon = 0.010)
1. Initial log-likelihood: -40677.154
2. Current log-likelihood: -40616.592
3. Current log-likelihood: -40601.972
4. Current log-likelihood: -40559.917
5. Current log-likelihood: -40559.904
Optimal log-likelihood: -40559.903
Rate parameters:  A-C: 1.00000  A-G: 2.95165  A-T: 1.00000  C-G: 1.00000  C-T: 2.95165  G-T: 1.00000
Base frequencies:  A: 0.286  C: 0.209  G: 0.224  T: 0.281
Parameters optimization took 5 rounds (0.168 sec)
Wrote distance file to... 
BEST SCORE FOUND : -40559.903
Total tree length: 0.020

Total number of iterations: 0
CPU time used for tree search: 0.000 sec (0h:0m:0s)
Wall-clock time used for tree search: 0.000 sec (0h:0m:0s)
Total CPU time used: 504.700 sec (0h:8m:24s)
Total wall-clock time used: 187.357 sec (0h:3m:7s)

===> COMPUTE CONSENSUS TREE FROM 1000 JACKKNIFE TREES

Reading tree(s) file gl_output_rmq.fasta.boottrees ...
1000 tree(s) loaded (0 rooted and 1000 unrooted)
0 split(s) discarded because frequency <= -1.000
143 splits found
Consensus tree written to gl_output_rmq.fasta.contree

===> START ANALYSIS ON THE ORIGINAL ALIGNMENT

Reading input tree file gl_output_rmq.fasta.raxml.bestTree ...

NOTE: 8 MB RAM (0 GB) is required!
Estimate model parameters (epsilon = 0.010)
1. Initial log-likelihood: -82051.892
2. Current log-likelihood: -81947.584
3. Current log-likelihood: -81947.546
Optimal log-likelihood: -81947.546
Rate parameters:  A-C: 1.00000  A-G: 2.45839  A-T: 1.00000  C-G: 1.00000  C-T: 2.45839  G-T: 1.00000
Base frequencies:  A: 0.283  C: 0.210  G: 0.227  T: 0.281
Parameters optimization took 3 rounds (0.095 sec)
Wrote distance file to... 
BEST SCORE FOUND : -81947.546
Total tree length: 0.021

Total number of iterations: 0
CPU time used for tree search: 0.000 sec (0h:0m:0s)
Wall-clock time used for tree search: 0.000 sec (0h:0m:0s)
Total CPU time used: 505.351 sec (0h:8m:25s)
Total wall-clock time used: 187.766 sec (0h:3m:7s)
Reading input trees file gl_output_rmq.fasta.contree
Log-likelihood of consensus tree: -81948.338

===> ASSIGN JACKKNIFE SUPPORTS TO THE TREE FROM ORIGINAL ALIGNMENT

Reading tree gl_output_rmq.fasta.treefile ...
unrooted tree detected
Reading tree(s) file gl_output_rmq.fasta.boottrees ...
1000 tree(s) loaded (0 rooted and 1000 unrooted)
Rescaling split weights by 0.100
143 splits found
Creating jackknife support values...
Tree with assigned support written to gl_output_rmq.fasta.treefile

Analysis results written to: 
  IQ-TREE report:                gl_output_rmq.fasta.iqtree
  Maximum-likelihood tree:       gl_output_rmq.fasta.treefile
  Screen log file:               gl_output_rmq.fasta.log

Total CPU time for jackknife: 506.064 seconds.
Total wall-clock time for jackknife: 188.165 seconds.

Non-parametric jackknife results written to:
  Jackknife trees:          gl_output_rmq.fasta.boottrees
  Consensus tree:           gl_output_rmq.fasta.contree

Date and Time: Fri Jun 13 01:04:08 2025
